date,close,india_vix,dir_1d,dir_5d,dir_21d,macd,macd_signal,macd_hist,ema20,rsi14,stoch_k,stoch_d,roc10,bb_upper,bb_lower,bb_width,atr14,log_ret_lag1,log_ret_lag2,log_ret_lag3,log_ret_lag5
2016-05-23,16407.359375,16.15999984741211,1.0,1.0,1.0,0.02384579764442082,0.1594457944814571,-0.4328323295516685,-1.7260972291509464,-0.5147598981523014,-1.0063690607511127,-0.7265676123492095,-0.4896884221632341,-1.7702426087349399,-1.6181737434252559,-0.5286320634232349,-1.0562677162910927,-0.3427592157931119,-0.5045238560802552,-0.8136421995408741,-0.675727952098808
2016-05-24,16456.458984375,16.219999313354492,1.0,1.0,1.0,-0.01579200090734422,0.12396558860959996,-0.45371740500415386,-1.727157632710668,-0.3909955835728219,-0.7989761437963415,-0.8900962423717409,-0.5497289854583643,-1.777455953748281,-1.6179258197893127,-0.5757842580898318,-1.0946540488029093,0.16398120920508208,-0.12418969061897245,-0.31863800458856856,-0.6315200078511977
2016-05-25,16997.251953125,15.520000457763672,1.0,1.0,1.0,0.036351893933480046,0.10662010033682041,-0.21976885939265783,-1.7213172590842127,0.6573904785749182,1.2247176517518226,-0.20599544069605324,0.16396725336045384,-1.7740710734783878,-1.619801873029157,-0.5424481639751125,-0.9991233438448422,2.1515132706386533,1.613691240945596,1.1254636933978819,0.3920740089817629
2016-05-26,17359.099609375,15.329999923706056,1.0,1.0,1.0,0.1315169660097736,0.11288981581195266,0.0848811877315476,-1.7114833357187043,1.1248728965097894,1.1367221842038717,0.5580129445673296,0.3993788131627601,-1.7554643634973217,-1.6306755400893713,-0.3560595035584367,-0.945405973000363,1.3883160216945365,2.4667448411639095,2.1122193051327787,1.3127671609236256
2016-05-27,17511.59765625,15.260000228881836,1.0,1.0,1.0,0.2262029907522595,0.13795028167467324,0.32729294297986505,-1.700668506766254,1.2911286374520772,1.2477345159500106,1.2876618150646795,0.8563807058678741,-1.735264534944298,-1.6422209559646674,-0.15618990291911466,-0.9667225424625652,0.553994235277946,1.3536756458505688,2.3345363562885866,1.7245082290123703
2016-05-30,17520.447265625,15.979999542236328,1.0,1.0,1.0,0.29672217036635407,0.17292731299060066,0.45522248213943617,-1.6907723888985564,1.3007760973126155,0.9685209229803384,1.1963281168288988,0.8403814305053487,-1.7170156285338787,-1.6482398068658115,-0.00478832170124942,-0.9968484800215199,-0.004177707870262769,0.3834575509559475,1.105739291813722,1.873466923100652
2016-05-31,17620.6953125,16.049999237060547,0.0,1.0,1.0,0.36195472522577066,0.21471843707766156,0.5431282951061387,-1.6805582662765417,1.412256173101587,1.22157958158948,1.226579634727099,0.9327151330358565,-1.6990736054101274,-1.6505356268671907,0.1198575764718353,-1.0233806774229486,0.3480267038493755,0.23994995612087117,0.5127487042403154,1.9544376078354202
2016-06-01,17423.24609375,15.84000015258789,1.0,1.0,1.0,0.37523256432176816,0.2509622074923878,0.4715641631286269,-1.6737995909855676,0.8739211672261048,0.7133425269979637,1.0360697992088643,0.7299165057425168,-1.6907482549523276,-1.643883433551522,0.12774178355281052,-1.020401245327798,-0.801614228721758,-0.3156628453110864,-0.2599815793424999,0.6552112605974807
2016-06-02,17567.595703125,15.09000015258789,1.0,1.0,1.0,0.4016961770581995,0.28555947618598293,0.4503233204796609,-1.6658695856157428,1.0603801682257852,1.0763860331298105,1.0745235275909648,1.1281466432360627,-1.6808435799171104,-1.637043895496392,0.14392829422462564,-1.0272603311904336,0.5204152644530874,-0.1955513523115157,0.03904936287583219,0.27337893847794764
2016-06-03,17680.595703125,15.0,0.0,1.0,1.0,0.4332322085071585,0.3199133564395308,0.44718346615016125,-1.6572739870290794,1.198744101623685,1.1445794138118544,1.047073098689591,1.384781557519396,-1.670323333026815,-1.6295463657979652,0.1595008518245362,-1.0491572644333405,0.39585869871491364,0.6387862663638546,0.06631478053759886,0.20380732141034447
2016-06-06,17671.1953125,15.359999656677246,1.0,0.0,1.0,0.4490300541533449,0.35074080817966075,0.40169045985382895,-1.6496152148805967,1.1717479832003876,1.122483888637668,1.192931298515039,1.4740135005182138,-1.6589762549673743,-1.6282448700413954,0.21933216988635912,-1.0926170791536824,-0.07441551403532179,0.22433873784961403,0.4808359966140612,0.1729062484422439
2016-06-07,17947.94140625,14.869999885559082,0.0,0.0,1.0,0.4975604501016182,0.3856764811782946,0.45468893546980166,-1.6392061181252902,1.4954554168741125,1.2296086981967387,1.2475549181108505,1.7590378868506007,-1.6415311433087854,-1.6309432039023193,0.3405845285068243,-1.0692099690826202,1.0140707130071478,0.6550771103197283,0.762231786684505,0.46593183751863787
2016-06-08,17946.591796875,15.140000343322754,0.0,0.0,1.0,0.5272128050855777,0.4199023172914912,0.44553162127054835,-1.6298053335459772,1.4913570702365786,1.2269005483331046,1.2769022626099185,1.030324815334651,-1.626689457020215,-1.6305292133937082,0.4258125239891142,-1.1042239276888588,-0.04348923760450383,0.6766249509769805,0.5117926190048243,0.7994683892497693
2016-06-09,17887.4921875,15.670000076293944,0.0,0.0,1.0,0.5326058103334043,0.4484246661441845,0.37195327398069017,-1.6220429644895453,1.3044244917859296,1.1083102346953253,1.2718493790767216,0.4978492186079415,-1.6149362226320918,-1.6299371478643616,0.49120263928311847,-1.123522298683499,-0.26179980431603345,-0.21233608085213954,0.4049789485292394,0.45533342495463547
2016-06-10,17828.392578125,15.970000267028809,0.0,0.0,1.0,0.5189307437908489,0.46834758244861796,0.2610155256116785,-1.6157629713823864,1.116093740106939,0.9015595810215463,1.1549004265344043,0.23912166368553345,-1.606594233458085,-1.6238035490952316,0.5010558310307662,-1.1259292875736768,-0.26253914441621673,-0.36495880278003456,-0.3227201794629216,0.1656717611944879
2016-06-13,17593.744140625,16.579999923706055,1.0,1.0,1.0,0.462715844973354,0.4723854220559113,0.05608867357114552,-1.6130314796474097,0.43510982550225613,0.3033365034880128,0.8256514147387175,-0.052264613101327184,-1.603467635973168,-1.6156276510815761,0.46748958612855107,-1.1087021230445961,-0.9357233736220438,-0.8345141247426013,-0.8313156590993278,-0.21326002028143884
2016-06-14,17672.1953125,17.190000534057617,1.0,0.0,1.0,0.4233173144836656,0.46727516545915027,-0.061927159339394,-1.6095737058975639,0.5708896467343219,0.18554499688990317,0.4966871762945857,-0.07868148108046584,-1.600014074821061,-1.6070819788308346,0.4336648231545792,-1.1399044257441864,0.26293656069618915,-0.4683896484141477,-0.5322029795091232,-0.5437209574417812
2016-06-15,17917.69140625,17.059999465942383,0.0,0.0,1.0,0.423954722474117,0.46332189717826994,-0.0470013281368429,-1.6033584416100348,0.9532214029864968,0.7307816751624954,0.43580514320281416,0.454677780643949,-1.5939271519739968,-1.5975574930313623,0.4092019896204711,-1.1267845482782743,0.8959901250100314,0.807854217754637,0.12818729886178676,-0.1303976786942666
2016-06-16,17671.095703125,17.700000762939453,1.0,1.0,1.0,0.3781466477388835,0.4504618766312694,-0.16190368200016866,-1.600835735772666,0.31611236500050993,-0.44146936567980544,0.17028311712148997,-0.016477440702079973,-1.5960254346280358,-1.5805806731813192,0.29078323535083805,-1.0881571007974002,-0.9769967936141961,-0.05606764506861635,0.10466043075647972,-0.4450480864950363
2016-06-17,17695.845703125,17.350000381469727,1.0,0.0,1.0,0.3393745867857514,0.4319659532759539,-0.2346101500225932,-1.5982420877435508,0.35819633924413297,-0.32578825859813293,-0.012006319119984663,-0.12184699020237655,-1.6024246099718782,-1.5576551042759572,0.111224667828696,-1.0882394867229164,0.05639752560387854,-0.6410526363748511,-0.013071917038776342,-0.304732124898325
2016-06-20,17718.39453125,17.520000457763672,0.0,0.0,1.0,0.3062088883483592,0.4101481546082205,-0.2774642994625845,-1.59561193086924,0.3984470955924428,-0.22039539391553292,-0.35109932710860425,-0.08395583261749721,-1.6161159297889138,-1.5258142025792174,-0.16435096415431452,-1.058041576097896,0.047851585085841614,0.07300906489323793,-0.49653181853528233,0.12799098005177023
2016-06-21,17618.89453125,17.260000228881836,1.0,0.0,1.0,0.25851626389805765,0.3825975573034326,-0.35142078078604905,-1.5944833515544632,0.13400662468590174,-0.6854568143044789,-0.4380804377295781,-0.5240474523085844,-1.6401945819174863,-1.4850960361403804,-0.5528335035805987,-1.082725852179918,-0.4198065907311708,-0.2587854995792145,-0.17891965033369742,-0.17238138481320747
2016-06-22,17625.845703125,18.18000030517578,1.0,1.0,1.0,0.21681681242100187,0.35172945441647685,-0.39421855813029805,-1.5933748538050967,0.14847482205019322,-0.8924461220147464,-0.6400930026378067,-0.5143853003434563,-1.6512361675387492,-1.465147226507106,-0.7377087808534455,-1.0877916987691616,-0.011680524951972127,-0.300264415541007,-0.2177258194517178,-0.5717104430068036
2016-06-23,17892.2421875,18.020000457763672,0.0,1.0,1.0,0.2213093802093715,0.32798603267274185,-0.30230597210321203,-1.589022329016278,0.6554075028161387,0.5026389970643244,-0.3823324715158489,-0.13435511702875538,-1.6505934781229572,-1.4586938324330117,-0.7721395244000436,-1.0746550920729294,0.9775919874290561,0.6733711258806332,0.312249157719296,0.2882095038620903
2016-06-24,17425.84765625,18.6299991607666,1.0,1.0,1.0,0.1460783404261159,0.2930651526718629,-0.4465017716024589,-1.5909486506836739,-0.4288489207409807,-0.518844708974944,-0.32293553923039015,-0.6130000084924491,-1.6494609338720136,-1.4610243366226658,-0.7515560945487287,-0.8673524695663968,-1.8272838147653052,-0.5916479744047483,-0.49004759930692343,-0.5405147648117716
2016-06-27,17514.74609375,18.530000686645508,1.0,1.0,1.0,0.09704136218554259,0.25474749540145397,-0.4903222004363288,-1.5915737279317448,-0.2572217951146122,-0.25526630667348776,-0.09578201835847737,-0.23399772211536032,-1.6494123793407158,-1.4611513131742224,-0.7505129587877649,-0.8794528913441109,0.3062443946442416,-1.059408488261671,-0.3088225481201091,-0.4268350316516497
2016-06-28,17561.345703125,17.729999542236328,1.0,1.0,1.0,0.06239768863067749,0.21675942754449695,-0.48607030274314705,-1.5915533429694202,-0.166663636035693,-0.11710132951138101,-0.31671839113510725,-0.2713437016852588,-1.6492824356758262,-1.4620804282132687,-0.7442261851847954,-0.9266400460096295,0.141562580309196,0.3123825352902411,-0.7853799450407646,-0.17986106330767865
2016-06-29,17689.6953125,16.15999984741211,1.0,1.0,1.0,0.052351241369924195,0.1842421762318227,-0.41549354482840756,-1.589921065719403,0.0784833386175069,0.26344737220318526,-0.03783259420405413,-0.4065303903032592,-1.6508521352728875,-1.4568776630761144,-0.7844399613636104,-0.9637888177300714,0.45480730059789953,0.4158935361127933,0.5154683172468791,0.02536992443375602
2016-06-30,17935.19140625,16.290000915527344,1.0,1.0,1.0,0.0802128293615326,0.1641265739153355,-0.25550496325877714,-1.5853574411221951,0.49447879262903977,1.2092582483406262,0.48426791975628813,0.17321571731204735,-1.647343343373844,-1.4556342678009235,-0.7708208527282632,-0.9629186776381432,0.8950720994821216,0.9409002594144545,0.8511146424389783,-0.010934641696550925
2016-07-01,17985.44140625,15.739999771118164,1.0,1.0,1.0,0.10658626738195981,0.15361725475843535,-0.13157824856695796,-1.5805966173582076,0.573242271620044,1.0762930680767886,0.9097109935545091,0.20297047484729303,-1.6428170814789858,-1.4562936306886691,-0.7399093441093316,-1.005840878270442,0.15109719262575577,0.7292906585230643,0.8565496067925426,0.8594526782665339
2016-07-04,18097.439453125,15.579999923706056,0.0,1.0,1.0,0.14125630463572428,0.1525493225745042,-0.00977879187214921,-1.5748809718488013,0.7468606820619308,1.202578580245088,1.244509672563445,0.3083097162911874,-1.635682305668009,-1.4580585309871252,-0.6869959946027906,-1.039345168080771,0.3820517839135778,0.37184445776443187,0.8150771665321636,0.8928040853681141
2016-07-05,18004.041015625,15.359999656677246,1.0,1.0,1.0,0.14955586550997957,0.15345196424147028,0.01564277225857089,-1.5708840405419537,0.4971135026097679,0.9475459519556333,1.1512096838507058,0.3180969938428956,-1.6344495066938032,-1.4585980417155078,-0.6764771232204455,-1.0783248981117892,-0.3888389529432652,-0.0043553106054056104,0.08321617718088713,0.6594543072883529
2016-07-07,18084.689453125,15.3100004196167,0.0,1.0,1.0,0.1646190396874388,0.15736289778461024,0.054451510545267694,-1.5662537174435094,0.6322711727618344,1.167242878080627,1.1836331364893284,0.4055225489291101,-1.6311483105672515,-1.4602048151560427,-0.6473656282976299,-1.1100298566432463,0.2643137747926061,-0.08638910686653867,0.14775242342558162,0.575646815821059
2016-07-08,18016.041015625,15.079999923706056,1.0,1.0,1.0,0.1612041175390863,0.15976871778892862,0.035034658782139474,-1.5629275446179416,0.4409648424259868,0.9798236926018312,1.1042213977598254,0.005053336942431251,-1.6287786517081702,-1.4609649861154193,-0.6288137191707838,-1.1320974054972193,-0.29597889504179886,-0.02168898897291996,-0.23874179871964016,0.05164477617848476
2016-07-11,18390.736328125,14.850000381469728,1.0,1.0,1.0,0.21344874769624284,0.17275337552401032,0.17150790066477006,-1.5552068313592613,1.0221300972531275,1.2941231060750222,1.2277755639724235,1.020237701013475,-1.6143705862539348,-1.46851747494062,-0.4988896003081145,-1.0867528623542535,1.3557648780075418,0.7387780691895437,0.7557254452017453,0.5816374692989607
2016-07-12,18667.3828125,14.779999732971191,0.0,1.0,0.0,0.2932032545527304,0.20002484615211524,0.35581620761719607,-1.5447429451087895,1.3505692931577407,1.303789632639147,1.2764542498234321,1.2389466807691911,-1.5918134578547347,-1.4777589129083324,-0.311722369665666,-1.074591704876567,0.972837311561844,1.6228240197067854,1.1596013489250176,0.8415531428530947
2016-07-13,18618.732421875,15.329999923706056,1.0,1.0,1.0,0.3421690003897477,0.2322078962787162,0.4191784780275636,-1.5358873364732926,1.2160505361859644,1.1635763561621695,1.34196176197676,1.1216453757793794,-1.5754837837912448,-1.482186261745867,-0.190457427051482,-1.1017883053977593,-0.2151386587604785,0.5282991365084708,1.20568227890258,0.9179724639877691
2016-07-14,18863.53125,15.609999656677246,1.0,0.0,1.0,0.41285220035533304,0.2729177175287337,0.5291788511895283,-1.5247970840447964,1.4856312076806841,1.3065058682919142,1.346376195654607,1.2504190438875455,-1.5538510801187055,-1.49216896548129,-0.006115082231106392,-1.0863901429668663,0.8462941793054397,0.44013038278763467,0.9152714058960412,1.1740143298682713
2016-07-15,18953.4296875,15.640000343322754,0.0,0.0,1.0,0.4752534490453418,0.31869569615256105,0.5945610684782779,-1.5136326871874421,1.5760493485400335,1.2130095765252114,1.3140132599891288,1.0496147340786834,-1.5326191729333078,-1.4972352096900716,0.14540958343291588,-1.0892267617789209,0.2836127835550287,0.7876347656910508,0.5223964135051239,1.429005277477524
2016-07-18,18923.1796875,15.989999771118164,0.0,1.0,1.0,0.5114580059223411,0.3629824545204108,0.5753234482525225,-1.5039119216430394,1.4853503471716132,0.8770369462559646,1.211862447515738,0.9525117163475989,-1.51571021940641,-1.498515488672267,0.2487495253853903,-1.0830457625541559,-0.14657838436908446,0.0958521696555914,0.5614774621116422,0.7680504255458527
2016-07-19,18904.9296875,15.800000190734863,1.0,0.0,1.0,0.5286228404660399,0.4020455954224998,0.5079357041495929,-1.4953464139197015,1.4279005710825872,0.8103530306348818,1.0349848044221248,0.7949559114650862,-1.5017267070949993,-1.497281553644857,0.3199073326353189,-1.1002973095722217,-0.10374678782039638,-0.17404008005422192,0.019930661956370627,0.2944080151731945
2016-07-20,18967.978515625,15.989999771118164,0.0,1.0,1.0,0.5435291884235023,0.4364517288027121,0.44785756228207135,-1.4868039097089498,1.5044240096110466,0.8789709083963201,0.9159005871479112,0.981872746695479,-1.4889299893148662,-1.4926339498064265,0.36352213089665975,-1.1362901200490303,0.18710582519823962,0.05845393498453433,-0.03508068628996015,0.47137519038100034
2016-07-21,18674.083984375,15.710000038146973,1.0,1.0,1.0,0.5000593186099073,0.45477421922092603,0.24036908839012028,-1.4827703286795575,0.6230179173148775,0.06467007692809232,0.626293179372936,0.5429358621390772,-1.4844239667893082,-1.483336587560454,0.33300796222553003,-1.1018939110324457,-1.0960133325940415,-0.632906418213485,-0.57628204071398,-0.38314162084524295
2016-07-22,18690.18359375,15.5,1.0,1.0,1.0,0.4603621395515536,0.46102846043685786,0.08468156066735062,-1.4789184660354933,0.6491976191226883,0.10697120804504257,0.37553875546982973,0.644098496836683,-1.4790655762617966,-1.4782759092213518,0.33260984941226285,-1.1215088856281292,0.019969925324144926,-0.7493581270588908,-0.5057604606479698,-0.4991311091923748
2016-07-25,18989.37890625,15.720000267028809,0.0,0.0,1.0,0.4688338682105996,0.4678252881292496,0.09168124601357917,-1.4716714454931334,1.0904786432775935,0.8930958803176823,0.3805742839453133,0.542108434412942,-1.474367848041197,-1.4622920661126508,0.2637884945626015,-1.0558814087023178,1.0372257678655332,0.7369732883432067,-0.02117111068293757,0.0216826873287619
2016-07-26,18860.630859375,15.619999885559082,1.0,0.0,1.0,0.44728542881243205,0.4687010225737184,0.015295653229265717,-1.4667334609427782,0.7377031213984256,0.5548151254834908,0.5553101604382986,0.07698374473282979,-1.4739953616026613,-1.444693660557176,0.1621127105913274,-1.0649372097776257,-0.49915947849840603,0.37527058872824315,0.31905031768733855,-0.15227884527434232
2016-07-27,19021.728515625,15.43000030517578,1.0,0.0,1.0,0.44829044045800176,0.46961436750755164,0.015780850709649727,-1.460240161726557,0.967408754172497,0.978093288383926,0.8658637010463978,0.3135880968897756,-1.4727684668915662,-1.4264585313692841,0.0621992220404928,-1.0631491334991559,0.5376488387581335,0.027191049035543934,0.6141400756860586,0.0019423047287774897
2016-07-28,19076.328125,15.149999618530272,0.0,0.0,1.0,0.4501155082051222,0.470731403782613,0.01840858906695506,-1.4536787510519773,1.042283642626307,1.0437832101174864,0.9195834779299135,0.09644189026540007,-1.4712622417482848,-1.4095012129700748,-0.02798435360865509,-1.1023960762180027,0.1557320358453585,0.4834858128244204,0.11166689142260453,0.552646791095101
2016-07-29,18952.9296875,14.920000076293944,0.0,0.0,1.0,0.42441872072799697,0.46618511461127404,-0.05465164714964451,-1.4492938156318436,0.6928218537851606,0.3681637195546011,0.8530425690504755,-0.14047172707326905,-1.4704678141229361,-1.3967298128423438,-0.09734643789901463,-1.1280268187807625,-0.4779326173468825,-0.22411917284432054,0.12376672619996476,0.3335949208541182
2016-08-01,18740.380859375,15.18000030517578,0.0,1.0,1.0,0.36335635873142474,0.4496213991846072,-0.20968352890171407,-1.4479990253128059,0.15204108387993587,-0.9001357460023826,0.18345711155100827,-0.3423199919635946,-1.4735741700369038,-1.3833912270514814,-0.19120574608566132,-1.0676855031641805,-0.8022330147799639,-0.8915800070728577,-0.6399990012558289,-0.4756736649380068
2016-08-02,18708.033203125,15.6899995803833,0.0,1.0,1.0,0.3037736832862852,0.4237569871152877,-0.32966799741270975,-1.4472342791487716,0.07432698654987645,-1.0934569037377224,-0.5784653554230681,-0.35813984793794557,-1.4764856454265403,-1.3721856549421296,-0.27143999530567275,-1.0865598100085834,-0.15540294102388663,-0.6668578977626233,-0.8173536174990332,-0.3244382202716648
2016-08-03,18601.783203125,16.239999771118164,0.0,1.0,1.0,0.23434449559808573,0.3883675462343707,-0.45254648312423534,-1.4478783250788085,-0.18018567148954248,-1.6248382649201714,-1.2889671744985653,-0.5444251053681697,-1.4834197835964418,-1.356944848551811,-0.39671357661597456,-1.0926429347211528,-0.42414849839461344,-0.4034280298872494,-0.7866953421976155,-0.7475802760761555
2016-08-04,18571.482421875,15.140000343322754,1.0,1.0,1.0,0.17000047012339628,0.3464345929947071,-0.5369616492913406,-1.4488420272328746,-0.25254822976294594,-1.353762580583045,-1.4506843697957685,-0.2550382627606811,-1.4904319222329137,-1.3431053210957686,-0.5141230604384168,-1.083740079092583,-0.14881031138426848,-0.3988346242341412,-0.4142282734950137,-0.8815634655781701
2016-08-05,18925.728515625,14.350000381469728,1.0,1.0,1.0,0.17117512187870262,0.3131368999869825,-0.4255617026860675,-1.4452597524475819,0.43868111694797457,0.3723616853935645,-0.928122534872698,0.12413548237394463,-1.5021723538537055,-1.3186687794949394,-0.7170894575928858,-1.048381616488523,1.2413404963581738,0.761592546997736,0.3819499602084056,-0.12517047952958152
2016-08-08,18939.228515625,14.59000015258789,0.0,1.0,1.0,0.16979278406607287,0.28620610959973863,-0.34342490623618827,-1.441848901294618,0.46177016476432836,0.43711874264228295,-0.19303836729988974,-0.19525361180444775,-1.5053555273468913,-1.3080090560937927,-0.7944093354959593,-1.087256743124692,0.009898377509371536,0.8721726081587646,0.6293673926106196,0.23212615006391119
2016-08-09,18933.080078125,14.539999961853027,0.0,1.0,1.0,0.16331621466482987,0.2632904106640093,-0.29162786002098945,-1.4388402019197952,0.4445957429179074,0.40762580048097424,0.4348935959360816,-0.05943475389060403,-1.5045568434360737,-1.305293253329139,-0.8050144377986777,-1.1122868983942258,-0.06038712672902801,-0.034804326622907916,0.6797707903235168,0.2739282901214874
2016-08-10,18647.583984375,14.920000076293944,0.0,1.0,1.0,0.10875414844963656,0.23340725684175448,-0.3815121346677196,-1.4397077969840062,-0.2810413177971038,-0.9618473022785975,-0.04074963982204509,-0.552038127810674,-1.5049171087124238,-1.3045308735888996,-0.8112767468666939,-1.0741239134160305,-1.0674678975551075,-0.7854578001027909,-0.6363069801730469,-0.009099622916334387
2016-08-11,18640.18359375,14.210000038146973,1.0,1.0,1.0,0.06111019838481614,0.19941467960702605,-0.43452611877844666,-1.4405858144823174,-0.2981452718221918,-0.9973456370464496,-0.5521337523855069,-0.6189559323995772,-1.5045963916834901,-1.3078513635967346,-0.7910154514613491,-1.102330047713411,-0.06527989750452427,-0.7888668314253526,-0.679160452479762,0.027649523380856605
2016-08-12,18963.478515625,13.770000457763672,1.0,1.0,1.0,0.07171613117388037,0.17446585593576774,-0.31785636743088524,-1.4373151872543588,0.34601125184797715,0.5534416047372032,-0.5001506660759814,-0.12825731117144498,-1.5044277631246241,-1.3078934152341115,-0.7898329996069735,-1.0731677113832112,1.1262152145295705,0.7395788661179218,-0.002767830265362834,-0.022999762644658934
2016-08-16,19001.9296875,14.18000030517578,1.0,1.0,1.0,0.08280147843354967,0.15685352544757633,-0.22321128124799036,-1.4338725735670068,0.41340211568028257,0.7378849186919945,0.10580098091101493,0.15250144295759363,-1.5031030754326917,-1.3082262993716278,-0.7805321246277545,-1.0832114469515077,0.09879409874964816,0.8538971978185735,0.6620302932853339,0.016109846817547728
2016-08-17,19041.029296875,14.779999732971191,1.0,1.0,1.0,0.09423863204932213,0.14518486565575076,-0.14653442607164138,-1.4302661998031008,0.48405626797693796,0.8775686871632309,0.7742047498679979,0.23302564009787316,-1.5007955635275556,-1.3088205581779468,-0.7642598271275405,-1.1077949383124945,0.10082328626687903,0.1394567791387228,0.7567132077907368,0.08703425358926926
2016-08-18,19352.576171875,14.550000190734863,1.0,0.0,1.0,0.14889814467787355,0.14742116155386187,0.03284769789473639,-1.4230859829991451,0.9817235167675787,1.2835973322620235,1.03450402536094,0.7057472084708261,-1.48980056400232,-1.3151791850152974,-0.6672262190374914,-1.0843096114887492,1.0608010557280998,0.8097338060713279,0.7194255227228347,1.0233646689583678
2016-08-19,19414.47265625,14.539999961853027,0.0,0.0,1.0,0.19732581300393096,0.15946216280791528,0.15933417586937174,-1.4158113265018437,1.0681516387640362,1.1975347747452079,1.198368417573105,0.8111440970404387,-1.477693303214617,-1.3179458387310863,-0.5842712717133689,-1.1213687289144312,0.17787828985561766,0.8634217740647856,0.7645054636077778,1.1303419408957758
2016-08-22,19330.025390625,14.239999771118164,1.0,0.0,1.0,0.21718045975252118,0.1732981216622079,0.1824901868585711,-1.4102913117992872,0.8172353134057928,0.8268313146964816,1.1802806305495335,0.3076717886958028,-1.470301692112195,-1.3171245773989941,-0.5478030875673141,-1.1226683309886805,-0.33363793189884267,-0.1081516767147936,0.5168518458895742,0.4880805853163787
2016-08-23,19341.42578125,13.899999618530272,1.0,1.0,1.0,0.22957719576111105,0.18699123351196714,0.1806473763062171,-1.4051536673154301,0.8358251311262787,0.8624234500533763,1.0301328575982704,0.3050299551927913,-1.463873414073073,-1.31914226342927,-0.5009380249619937,-1.1583244242307777,0.0015367529733620057,-0.23101740051102262,-0.08695495142251541,0.44529228507456553
2016-08-24,19355.375,13.489999771118164,0.0,1.0,1.0,0.23639256518383045,0.19938851237300304,0.16393036698909091,-1.4003299285547852,0.8599429669887856,0.9059730527120952,0.9261915993902897,0.3274156137284547,-1.457143275522998,-1.3195684711183902,-0.4613871557052476,-1.1968099436501385,0.010432694229295474,0.008713336011258226,-0.18240307381860632,0.40552500826612986
2016-08-25,19304.025390625,13.289999961853027,0.0,1.0,1.0,0.22843290072028175,0.2076213029047019,0.11020601299562058,-1.3966112497610612,0.6856212768817089,0.688002164102079,0.8766992432328903,0.597656962714051,-1.4529040151256167,-1.3202290495633033,-0.43433678282699023,-1.2199020975497818,-0.21831798032585195,-0.1444701476671781,-0.11666785509709493,-0.15722250373760624
2016-08-26,19195.52734375,13.56999969482422,1.0,1.0,1.0,0.19995223419987407,0.20817827988149018,0.01118349402087392,-1.3946109563195903,0.3295133791458026,0.3161622043207385,0.681958037851818,0.48431161287743163,-1.4513459770295623,-1.3202653670144748,-0.4255586708731699,-1.2190741215417717,-0.4201372879210673,-0.4444691917786977,-0.3570324661577803,-0.42031903271390564
2016-08-29,19216.77734375,13.170000076293944,1.0,1.0,0.0,0.17623309304232607,0.20360260393873,-0.05503075382150961,-1.3925339751901884,0.3775750129174942,0.3889893138672991,0.49765421390029246,0.13994596973917783,-1.448668313781304,-1.3195393663249295,-0.4148893273255106,-1.2402152090186278,0.03653979848449065,-0.26689738418159725,-0.3421507723572475,-0.25745960298087306
2016-08-30,19531.32421875,13.020000457763672,1.0,1.0,0.0,0.20288842498038928,0.2055849018170333,0.02957097373305089,-1.3866997733805027,0.9886376157167955,1.2875081424794834,0.7113770759455276,0.4438151538101379,-1.4398508240989298,-1.3181898270212515,-0.37404985087886583,-1.2063250773188248,1.0612325519320318,0.7652450185750724,0.3872246128722699,0.20875281160760895
2016-08-31,19787.369140625,13.239999771118164,1.0,1.0,0.0,0.25945733651196523,0.21914617678395065,0.17894660281303706,-1.378201769367231,1.3602373784348802,1.2443571318894595,1.042276989559023,0.6813389091816284,-1.425217688773206,-1.3190680177165193,-0.28925342674512994,-1.1861188059001604,0.8437180454009869,1.3276453542724196,1.1076533473197505,0.5753561103964865
2016-09-01,19788.619140625,13.34000015258789,1.0,1.0,0.0,0.29853212790871186,0.23826719062960086,0.2506705112529129,-1.3704973819033202,1.3619102698333592,0.9651459601578177,1.2476758544125024,0.3321699810588906,-1.4147761385321365,-1.3141257936296153,-0.2600946932116891,-1.197976071035151,-0.034117762898377,0.5644615257684875,1.067376793362887,0.6563948653099012
2016-09-02,19882.96875,12.9399995803833,1.0,0.0,0.0,0.33817552855722727,0.2619563681273446,0.30960251483575035,-1.362340418834114,1.489966116266501,1.2001332669333804,1.2165268598301608,0.36568876681993645,-1.4048574316511115,-1.306970795382714,-0.24623439592525986,-1.228883646062199,0.28375740294030444,0.1743097166727572,0.6241967688103889,0.966072834935683
2016-09-06,20425.9609375,12.75,0.0,0.0,0.0,0.4487482269883501,0.30431555572498586,0.5504566492086581,-1.3481328706303182,2.041203143507186,1.2625859886146702,1.2230254162610223,1.047997588857252,-1.3742533074216168,-1.3189264826879343,-0.015486778524380379,-1.1216480263745758,1.786424416757408,1.4427699816773092,1.1615626683447364,1.7359333306910987
2016-09-07,20406.6640625,13.149999618530272,1.0,0.0,0.0,0.5247278178062733,0.3542875139912847,0.6486658777933323,-1.3355210560084985,1.9777270198476204,0.9648217419615205,1.2229098330252597,1.0140433454802242,-1.3506865245052735,-1.3239606846664635,0.1376575638481845,-1.1353614839915411,-0.10241108068681648,1.173707620721359,1.1226337915909221,1.223989140465138
2016-09-08,20417.01171875,13.119999885559082,0.0,0.0,0.0,0.5774258256590278,0.4054210607759037,0.6636510543187063,-1.3239802579223978,1.9869285958960219,0.9843114972782564,1.1459697390712291,1.0093129706815822,-1.3310108538942693,-1.3247049949874776,0.2452999580045455,-1.1651699010646392,-0.00406158827575391,-0.07381104586657798,0.9585698626547591,0.8510090923760929
2016-09-09,20245.06640625,13.229999542236328,0.0,0.0,0.0,0.5824601022864951,0.4473936365971867,0.5454691294250642,-1.3157005779051356,1.400337067266542,0.6033950999233878,0.9109693079720205,0.8814767137452455,-1.322678153612085,-1.312068930301133,0.2184859490177289,-1.1520333186792355,-0.6111986934591981,-0.4283081167613063,-0.408134488257875,0.5971227465831713
2016-09-12,19790.369140625,15.239999771118164,1.0,1.0,0.0,0.5053872735603705,0.4646556545028689,0.22668836793708189,-1.3139266808335215,0.20198177325037117,-0.4039114779106831,0.42301824213073475,0.5093651319055561,-1.3260067852425534,-1.2932153572352394,0.09668454063192104,-1.070259075790966,-1.5768980579564758,-1.5241797683136122,-1.248628458561824,-0.22147130276038232
2016-09-14,19908.919921875,14.760000228881836,0.0,0.0,0.0,0.45550098824253377,0.46790452028081714,0.045910446152253405,-1.3108311004755597,0.38970885124298654,-0.1412818322356657,0.021746133829424207,0.614735849902384,-1.3247513909357518,-1.2818923062082805,0.04090889533370941,-1.081050837254891,0.36610947491685586,-0.8432416433404399,-1.037621815986718,-0.8463378532952371
2016-09-15,19837.3203125,14.68000030517578,1.0,1.0,0.0,0.3974182290076599,0.45820770008337025,-0.1210965331039834,-1.3089306116622397,0.2253980702689953,-0.2998989230920441,-0.3002766496459385,0.18834069151835048,-1.3253673144748288,-1.270083031936535,-0.027046438572459353,-1.0898252129177148,-0.2824112184678392,0.05869028540680192,-0.8502048401152816,-0.9255287861493734
2016-09-16,19855.21875,14.579999923706056,1.0,1.0,0.0,0.34772631952876615,0.4399306440501491,-0.23178663256740895,-1.3069860716101527,0.2566116381060002,-0.2602478954969692,-0.24906082676418348,-0.06807463861281539,-1.3266273018468684,-1.2578835372118418,-0.10021050024963873,-1.0323627471680248,0.022685093006210258,-0.18059018134390967,0.061597036815132004,-0.9137616027039475
2016-09-19,19906.619140625,14.9399995803833,0.0,0.0,0.0,0.31047177364365325,0.41742234482940965,-0.286372163576658,-1.3045804310634328,0.3495781203787681,-0.14637883250923606,-0.2508778986960785,-0.014979462358949624,-1.3249757729973484,-1.2522058746705962,-0.12244123990588515,-1.0627557881054865,0.13671016063925728,0.11143206431028038,-0.06916623435271284,-0.5847196332029052
2016-09-20,19852.0703125,14.779999732971191,0.0,0.0,0.0,0.2666343567502022,0.3901354807619135,-0.3480184665808928,-1.3030897815378566,0.20490492712176975,-0.5321429302363779,-0.33367249239484886,-0.172479312345003,-1.3240079212255305,-1.2473695160594622,-0.14362504464160247,-1.090361957519338,-0.22424300320172838,-0.06061474781697705,-0.03600891594422219,0.010379998032978585
2016-09-21,19828.21875,14.8100004196167,1.0,0.0,0.0,0.22299258443213416,0.3590671820753218,-0.3968012019407959,-1.3020410018111077,0.13983489077755426,-1.163497250702395,-0.6556793518718865,-0.7530662193189166,-1.324289525017463,-1.2404165757175962,-0.18274952919173937,-1.1096590993075361,-0.11981849895403031,-0.2393507393063321,-0.11723948063257396,-0.20340366916382246
2016-09-22,20109.365234375,13.34000015258789,0.0,0.0,0.0,0.22822515738200652,0.335320260143326,-0.30235112659478425,-1.2975570450531513,0.6709629588152412,-0.4710662710888168,-0.7714298717102053,-0.44516819641298705,-1.3217666686499374,-1.2327914084021026,-0.2107305218712182,-1.0529570362905052,0.9151893187444989,0.55454716715356,0.3265128538955601,0.3234798371357016
2016-09-23,19901.5703125,13.25,0.0,0.0,0.0,0.1943826719477208,0.30915838922260847,-0.3335053919176772,-1.2961128896522303,0.12468092668929133,-1.2763190173556827,-1.0367273815619544,-0.6688761305104455,-1.3226344268870882,-1.2245839000254723,-0.25945741754777246,-1.0484351865905064,-0.7418922715744333,0.12111811986850872,0.0314399943134694,-0.012895431720809255
2016-09-26,19591.521484375,14.56999969482422,0.0,0.0,0.0,0.1141439681221741,0.2712426452758511,-0.4851372816739346,-1.298704744027606,-0.5404152492657573,-1.8650045494751653,-1.2868135409112358,-0.8162971830131981,-1.325440452787731,-1.2178068603396366,-0.3105290492054485,-1.0270111742156305,-1.1018519930870323,-1.2842526457869623,-0.5283433358748398,-0.5577999721314315
2016-09-27,19518.47265625,14.25,1.0,1.0,1.0,0.035941794254689595,0.22435492903155788,-0.600881012383143,-1.3019682515863802,-0.678721491497337,-1.822945256891688,-1.7687561009614245,-0.42778014186624586,-1.3303684558652404,-1.2083368215521115,-0.38705458280379335,-1.042003701534183,-0.29140026438407945,-0.9703729580715397,-1.2161291792798559,-0.5873457615209313
2016-09-28,19653.322265625,13.850000381469728,0.0,0.0,0.0,-0.006902466280162428,0.1777747790015393,-0.5969132269397979,-1.303225385924603,-0.3901097264725932,-1.3686593251506836,-1.8016752636985502,-0.4089129506263899,-1.3368746124314659,-1.1956980353289812,-0.48862026556216276,-1.0640193944500949,0.4279189933477291,0.09549287713596041,-0.5493078850142581,-0.3463690405623488
2016-09-29,19183.427734375,18.450000762939453,1.0,1.0,1.0,-0.11717345041644694,0.11716668521741039,-0.7778819694230509,-1.3102711215341758,-1.1876967682243074,-1.6247822804475507,-1.7160364332025817,-0.8305669929379179,-1.330385678321705,-1.2071340096325571,-0.3935706511589647,-0.9211353547539405,-1.6774011742209283,-0.8702013545245191,-0.8773851239548033,-1.4869773877430223
2016-09-30,19285.474609375,17.18000030517578,1.0,1.0,0.0,-0.18858443599404467,0.05356275942493539,-0.8165299680709354,-1.3153627245499842,-0.971815890688681,-1.3251892729564072,-1.5385872711863524,-0.7411460927625145,-1.3263996101436186,-1.218010634615474,-0.3144603244274791,-0.9351751974681052,0.32093305589720067,-0.9447436596063545,-0.5283400177948082,-1.0193881393065756
2016-10-03,19588.822265625,15.619999885559082,1.0,0.0,0.0,-0.19690777058066497,0.0009175985667903866,-0.6751554413336031,-1.3161552005717896,-0.39542204989198715,-0.5008213360643302,-1.2292045035263532,-0.47441079008403614,-1.3262919134171858,-1.2207935829882044,-0.2989643280487774,-0.9242146359799397,1.0186367228298676,0.9337170448866012,-0.1916163319059438,-0.08648063384443569
2016-10-04,19672.470703125,14.989999771118164,0.0,0.0,0.0,-0.19044559418983464,-0.03983051044272399,-0.5216764603764762,-1.3158204295718434,-0.2513140900741077,-0.27350100434140834,-0.7474750259668559,-0.3294729875152159,-1.3270096514405991,-1.2228562946979047,-0.2916471191130573,-0.9457085734821508,0.2502032851085542,0.8844361741653057,0.9071657870094013,0.15179746332909383
2016-10-05,19536.623046875,14.93000030517578,0.0,0.0,0.0,-0.2071778432509394,-0.0759711550554728,-0.46223745402355265,-1.3172256536760114,-0.49404250987194054,-0.6426762717518899,-0.5041603014076216,-0.4480467166971433,-1.3382065832072096,-1.2230324146065152,-0.3495005246715945,-0.9345516181668853,-0.5077157174608085,-0.1790477937082124,0.4348155335016725,-0.2598343635852799
2016-10-06,19394.826171875,14.84000015258789,1.0,0.0,1.0,-0.24283232238713165,-0.11243159672007998,-0.46636302448056965,-1.3202799629526847,-0.734549104353339,-1.0280189467094905,-0.6921053532909275,-0.8844125954517847,-1.349937152361304,-1.2242876754071135,-0.40463431206922684,-0.9478589967673772,-0.5317625714633825,-0.7238814310366795,-0.44895033117212635,0.24418852653301706
2016-10-07,19399.875,14.489999771118164,0.0,1.0,1.0,-0.2696875868888531,-0.1472851136944,-0.44563274885615045,-1.322979903015019,-0.7241823897973829,-1.0142984120708487,-0.9561983696844304,-0.6681039821290917,-1.3650100149020574,-1.222118305113926,-0.49623131744061694,-0.9923222450845108,-0.02076746897734549,-0.3846009072360086,-0.6034103490962245,0.09385762315069104
2016-10-10,19378.326171875,14.289999961853027,0.0,1.0,1.0,-0.2935482341254091,-0.18021914112990628,-0.42087020246034695,-1.3256936551388152,-0.7634978361567047,-1.0728588216136477,-1.109557717337997,-0.3679231915850195,-1.376416349225045,-1.22177340557829,-0.5588956869266833,-1.0299754921065818,-0.11366886987955244,-0.09329469448567627,-0.3787939201179179,-0.4042994186605978
2016-10-13,18954.029296875,15.43000030517578,1.0,1.0,1.0,-0.37846988145858834,-0.22454397271459897,-0.5678182897127844,-1.333483950277684,-1.4331670661070282,-1.6457266833245339,-1.3297694752493456,-0.7458286771611315,-1.3706281720985665,-1.239004633434037,-0.4351139400509578,-0.9435843431687633,-1.5378173392636847,-1.1502971094763335,-0.9522699691892222,-1.1909378232307921
2016-10-14,19019.9296875,14.890000343322754,1.0,1.0,1.0,-0.4327577158489031,-0.2714963787574919,-0.6017155489131765,-1.3397036986330837,-1.2802633886730435,-1.452661723972019,-1.4860452506614918,-0.8151779458913259,-1.3711026855890802,-1.250389869629206,-0.37593295659985465,-0.9915517150311643,0.19667759875344049,-0.9340636334028146,-0.8283209136075438,-0.8810404837349305
2016-10-17,19070.1796875,15.65999984741211,1.0,1.0,1.0,-0.4649005427122101,-0.31586282531390836,-0.5683551473758405,-1.344699259921456,-1.1614998988200038,-1.1286298999754114,-1.5059275452786132,-0.2636099270780104,-1.3727437571538617,-1.258926552223694,-0.33823534145552187,-1.0024688849052257,0.14030431598812898,0.235165326693604,-0.6835499291014906,-0.5853651336281982
2016-10-18,19494.82421875,14.539999961853027,0.0,1.0,0.0,-0.4201308849186234,-0.34187840579695217,-0.3316181590482554,-1.343879686532941,-0.29869333993239855,0.2738841758831768,-0.8215895375853647,0.08752537007251315,-1.377305221344757,-1.2589727927223777,-0.36233344690001407,-0.9519069604047917,1.4532001248967867,1.1106456722230431,1.0214038497075957,0.06310586308662082
2016-10-19,19411.873046875,14.609999656677246,1.0,1.0,0.0,-0.3958691075386618,-0.35755473850770014,-0.19823576884392505,-1.3441811736360034,-0.4470834749432036,-8.658695978030069e-05,-0.3037489708269632,-0.32918546271912186,-1.383797623347638,-1.2587952417325843,-0.3980359892785932,-0.9613759915661149,-0.32719828207726664,0.7849138786622535,0.7227816673393158,-0.030836250248333395
2016-10-20,19658.470703125,14.170000076293944,1.0,0.0,0.0,-0.3358457623854685,-0.35738907674396525,0.006135297131712746,-1.3413532946055446,-0.021761622256695447,0.8143750592229354,0.38892899373961587,-0.15482984672109157,-1.3873769316996185,-1.257639404143797,-0.4235229334513521,-0.9529888944975885,0.8165702774171082,0.34134290619702157,1.1082699569377517,1.004974910585355
2016-10-21,19710.671875,13.829999923706056,1.0,0.0,0.0,-0.27922445517149674,-0.34527001868975116,0.16034115459804046,-1.3381383737926131,0.06293647172146404,0.9867848583447764,0.6430768750035751,0.04674259675448693,-1.3897074066201476,-1.2567731698614226,-0.44075014344933455,-0.9701749398652905,0.1412120404881209,0.6677071555573364,0.3604043663592189,0.9805728775955264
2016-10-24,19807.669921875,14.329999923706056,1.0,0.0,0.0,-0.21883091507706542,-0.3227896753662941,0.2940078415018668,-1.3340100083760495,0.22101904151058377,1.060987639313497,1.0213480326913422,0.30607928064597617,-1.398914866207795,-1.2511759924406338,-0.5207404941266153,-0.9983427965236316,0.294084773692356,0.3036660979417307,0.7145510426447774,1.0482284808103923
2016-10-25,19834.669921875,14.479999542236328,0.0,0.0,0.0,-0.16723766850133903,-0.29388329455515805,0.37690751259263244,-1.3299353298285228,0.26567992613777136,1.0736154138970526,1.1137667783868106,0.3296710573650638,-1.4007785641519337,-1.2501210265387979,-0.5365229550304863,-1.0173499727119135,0.053862297751545954,0.24280528457641576,0.27978866909119593,0.4325907969963545
2016-10-26,19483.373046875,14.449999809265137,1.0,0.0,0.0,-0.1829403092252228,-0.2740823829012969,0.2594415937098852,-1.3306658289974218,-0.45471127816007634,0.025543810125772934,0.7710859789446434,-0.02633942090567781,-1.4019422330794822,-1.250349454420123,-0.541560371006436,-0.9780389218815588,-1.2487031086233975,-0.8321300549706496,-0.5124972717623196,0.027175402633954987
2016-10-27,19514.373046875,14.09000015258789,1.0,0.0,0.0,-0.19074314100489645,-0.259893485215932,0.18704330580117792,-1.3309369710954138,-0.39538152895726625,0.1180303137899734,0.4349232955584597,0.4795025987224876,-1.4019824109550698,-1.2503622273538897,-0.5417077974924893,-0.9740634374180335,0.06928107846932613,-0.8213870406676189,-0.6406409266400934,-0.30159395002337713
2016-10-28,19555.72265625,14.649999618530272,0.0,0.0,0.0,-0.1906313496252021,-0.2485187012315669,0.1507395804226373,-1.330662371190535,-0.3131426117678799,0.24139421053107635,0.13823785145412126,0.4503112491882963,-1.4034181300910975,-1.2501651518467882,-0.5505292529379997,-0.9897142405793458,0.10496407913381198,0.12177871451148237,-0.6115116499589847,-0.31754121489270026
2016-11-01,19458.373046875,15.739999771118164,0.0,1.0,0.0,-0.2062498680150131,-0.24272525864125047,0.07873698680268845,-1.3316379716487368,-0.5129606899599644,-0.049042079926001514,0.11164810845739433,0.2865885061284943,-1.403689538777985,-1.2462066189258618,-0.5734873380066179,-1.020270413468533,-0.3763949411774288,-0.18874544049280736,-0.11427446422075638,-0.6125182895486614
2016-11-02,19227.677734375,16.799999237060547,0.0,1.0,0.0,-0.25509821297072816,-0.24843152484557243,-0.06961603456436226,-1.335421359030062,-0.9429193623589516,-0.7373066884693924,-0.1932780786522579,-0.4270390270491119,-1.403402918614037,-1.2472788374753672,-0.5661212123220618,-1.0109510894085587,-0.8461724370828962,-0.851448502744216,-0.6361055632922268,-1.0084879323018021
2016-11-03,19178.4765625,16.469999313354492,0.0,1.0,0.0,-0.3007283223308741,-0.26265626909661793,-0.17950942214905802,-1.3394630661996862,-1.0283321005735846,-1.1107284839737661,-0.6753075204403595,-0.3918375877009817,-1.4045686127565065,-1.2515440611551796,-0.549248891410708,-1.0321813764663126,-0.21192689713026586,-0.7368556187846264,-0.816741241259957,-0.5523589739506531
2016-11-04,19057.87890625,16.850000381469727,1.0,1.0,0.0,-0.3546056310991911,-0.28544169846367284,-0.28994730580434386,-1.3446362116011967,-1.2343812400992813,-1.610738780487263,-1.2320497390816494,-0.7800413901446246,-1.4066058315965637,-1.257627604410933,-0.5271469450051446,-1.033153575738978,-0.4656297448453041,-0.4717130202580122,-0.8676072818424146,-0.7876926109926053
2016-11-07,19355.775390625,16.510000228881836,1.0,0.0,0.0,-0.3481616684280544,-0.3023058780597656,-0.2135596937805707,-1.3455710056466363,-0.5477700316298648,-0.5955852274974598,-1.1815262791920038,-0.5171727953863599,-1.4081751147333683,-1.2584034676548859,-0.5314053410131563,-1.0168916430251518,1.012089301941022,0.3811185864984961,0.1916477749830267,-0.3886035130886142
2016-11-08,19500.57421875,16.770000457763672,1.0,0.0,0.0,-0.31873739677525065,-0.30956820844947613,-0.08969017969846267,-1.3445961098912529,-0.2609401242394979,-0.10214857231755226,-0.8219692554173417,-0.46476213806122424,-1.4072383305939757,-1.2579698398054053,-0.5287019054046987,-1.0296035461478752,0.46638908372726423,1.030501426122631,0.5783046262542878,-0.0178212795329863
2016-11-09,19518.0234375,16.6200008392334,1.0,0.0,0.0,-0.29177937567933976,-0.3096711559143815,0.0026700797642585667,-1.3434946595338981,-0.22660852169282047,0.5906164217512611,-0.037189868439476734,-0.47440892477626395,-1.4061578681478482,-1.2575207410185356,-0.5253075645557574,-0.6759470111570385,0.022180598408330705,0.34078389557312,0.8563685620347031,0.36421002208151104
2016-11-10,20200.015625,15.460000038146973,0.0,0.0,0.0,-0.16198888329388128,-0.2822773298992848,0.3573946642255265,-1.333922921570127,0.8144587215608952,1.3355545199464494,0.65125816830921,0.630756975363274,-1.3869143718753894,-1.2666640436539858,-0.37178859507182926,-0.5764449114894594,2.28774395909497,1.609810405199537,1.583523202297057,1.4639384410319398
2016-11-11,19738.572265625,17.360000610351562,0.0,0.0,0.0,-0.13390112449308755,-0.2544161908005043,0.3634232784388845,-1.3310648432710432,-0.038995275452888334,0.4719691828931625,0.8559301719591481,0.10080137919108464,-1.38622452892974,-1.256899958253422,-0.4213699312328114,-0.507086346246877,-1.6035124010537611,0.47711103906696983,0.4036282667017946,0.9633277740928033
2016-11-15,19289.525390625,20.149999618530277,0.0,0.0,0.0,-0.1838550553690479,-0.24270234839129026,0.1551136339438669,-1.33412515839404,-0.6744552402021254,-0.20735997845137996,0.5714529419614527,-0.42512789577967336,-1.388842773991041,-1.2505585458091797,-0.4699153590801579,-0.4378764588645714,-1.5969974735783177,-2.2295772223907138,-0.5193431988537588,-0.1845381008885397
2016-11-16,19107.876953125,19.5,0.0,0.0,0.0,-0.2521046976040564,-0.24777948012699846,-0.061499829108053565,-1.3391780138780274,-0.8959745620895373,-0.4821622041798663,-0.07655997980995034,-0.5173260475011168,-1.3893658804776614,-1.2495076386084343,-0.47843289166984176,-0.40298409688012665,-0.6792140594810419,-1.5855736214874538,-2.2105824998449153,-0.6885453906033184
2016-11-17,19087.626953125,18.709999084472656,0.0,0.0,0.0,-0.30839185241804623,-0.2637569752883788,-0.20212094196191285,-1.3440042631224685,-0.9207760381868418,-0.5127969024331991,-0.4276274149849468,-0.292532179236712,-1.3880071593802992,-1.2563708770645505,-0.4338139691317689,-0.43203448550157275,-0.11021102187327486,-0.5496572018571662,-1.3593638560750743,-0.7467909899757218
2016-11-18,18958.830078125,17.809999465942383,0.0,0.0,0.0,-0.37182775590426537,-0.2899681257687424,-0.33414112728243023,-1.3499903270929279,-1.0814746680480636,-0.7076439839935547,-0.6059778124060338,-0.37988156470846474,-1.3850679673472115,-1.2654997450223007,-0.36825331657163995,-0.458904840712805,-0.49695422190459543,-0.42266791017504995,-0.7323120513739062,-1.971916978150554
2016-11-21,18446.185546875,19.100000381469727,1.0,0.0,0.0,-0.5008323705363404,-0.3382468626246345,-0.6188259981388462,-1.3618521451677128,-1.6274423431329565,-1.4831852445399696,-0.9628408244113996,-0.8124194116447252,-1.3749920489648937,-1.2922397637689838,-0.1675066173568201,-0.3620813021907549,-1.8949829667520897,-1.666205313192924,-1.4253303361040401,-2.100149246646119
2016-11-22,18548.435546875,18.46999931335449,0.0,0.0,0.0,-0.5825164041052507,-0.3941620704674999,-0.7173409747987345,-1.3712986020887319,-1.445702095598875,-1.3284989286682036,-1.2536372099535211,-1.0138540655886004,-1.3729384079542588,-1.3099209815778996,-0.05861751024359624,-0.3913801245164791,0.33599659344531035,-1.0858479758121145,-1.1709809820843533,-1.2497298788824096
2016-11-23,18540.685546875,18.040000915527344,0.0,1.0,0.0,-0.6435873089848066,-0.4518227293292241,-0.7398583217089997,-1.3799428428762157,-1.453881102668911,-1.3402233193577506,-1.4791506675350883,-1.171270773484706,-1.3755783422347565,-1.3240935195914711,0.006295388646571616,-0.4511583401452532,-0.06670072965206185,0.1880051635935824,-0.9257258719916882,-0.9802550741810875
2016-11-24,18255.88671875,17.15999984741211,1.0,1.0,0.0,-0.7316169874478345,-0.5165868251518294,-0.831496845262607,-1.391344807045987,-1.7440616701181553,-1.7710739940497071,-1.581782517283067,-1.4948086347577825,-1.3766127466231486,-1.3441123995627164,0.11309667402613768,-0.47490539679644506,-1.0868301237103353,-0.8033473987733311,-0.4650588046443947,-1.4099179548380725
2016-11-25,18507.0859375,17.610000610351562,0.0,0.0,0.0,-0.7550175316972492,-0.5733519135057955,-0.7283049343106083,-1.398502357972137,-1.2776757201701474,-1.3910536351420948,-1.6040831637890196,-1.8959030623186097,-1.3779412408633898,-1.3557712585787458,0.17182913724332466,-0.5074232525919403,0.8871882025937216,-0.13872659443130678,-0.15086598292871528,-0.800965477632974
2016-11-28,18301.236328125,18.059999465942383,0.0,1.0,0.0,-0.7997807497573366,-0.6282401976824608,-0.7040930542370281,-1.407566535397906,-1.4963583307938155,-1.7024679891554044,-1.7332227727038916,-1.6656427349491152,-1.3788197930091517,-1.3710662100019355,0.25394662711705374,-0.5287132209853945,-0.7959441073933006,0.06394783820029251,-0.5665527074127493,-0.31744411154684443
2016-11-29,18223.5390625,17.709999084472656,1.0,1.0,0.0,-0.84050861487635,-0.6807727687027273,-0.6737029660646398,-1.4167444024997549,-1.5765399353930196,-1.820010324342116,-1.7506684912543418,-1.2977987161996902,-1.3816596825648082,-1.3859010277593808,0.323482958490247,-0.5728703730187835,-0.3265473371701031,-0.7817207332938095,-0.1331727537991702,-0.6089298435528432
2016-11-30,18627.583984375,16.850000381469727,0.0,0.0,0.0,-0.8014417293859704,-0.7145285052989842,-0.43147073494854077,-1.4199678340725186,-0.869994615259387,-1.2611529693236252,-1.7043591247398555,-0.6665751301736548,-1.387763712703628,-1.390620912343943,0.31790041613486647,-0.5521834321549388,1.4468482048444398,0.7809417320543619,0.18584726100153784,0.0569549358742724
2016-12-01,18428.234375,16.690000534057617,0.0,1.0,0.0,-0.795706453091472,-0.7403189570549144,-0.3287138657778546,-1.4253908409143747,-1.1044321576027694,-1.5689440237618633,-1.656758058086986,-0.8637304819601853,-1.3902027003893078,-1.3987548461873338,0.35158387246132927,-0.5692105077045195,-0.7671229624271804,0.47397126984084575,0.2022760249951957,0.19760987455527843
2016-12-02,18247.4375,17.93000030517578,1.0,1.0,0.0,-0.8132176427216811,-0.7646583748030639,-0.30999467183957463,-1.4325706625388164,-1.304628713516199,-1.7793014244992218,-1.6422454045039738,-0.9261155762587749,-1.391520037759975,-1.4098206260877568,0.40836354453111245,-0.5840452436649504,-0.7061523638294136,-1.0261289214172022,-0.014108209604845613,-0.5033791767025182
2016-12-05,18408.685546875,17.290000915527344,1.0,0.0,0.0,-0.7946610577851698,-0.780201546203081,-0.1965179094503602,-1.4370392017472835,-1.0293532431868038,-1.3865171731419843,-1.686937530028058,-0.1825139377866569,-1.393424246992704,-1.4165057292937338,0.4368593716652035,-0.6224333809214759,0.5574749425446256,-0.10321714912160918,-0.5210729206101229,0.09205657367192972
2016-12-06,18420.685546875,17.110000610351562,0.0,1.0,0.0,-0.7716555591267165,-0.7877659013688144,-0.09358647732223906,-1.4409312809976247,-1.0086268697835625,-1.217965183072693,-1.561814170036832,-0.2842258546890937,-1.4004250289780087,-1.4216817655300504,0.4293084948513846,-0.6914025333091525,0.005739402099725471,0.3927924617272677,-0.08052229705522446,0.23824588875928948
2016-12-07,18233.9375,16.850000381469727,1.0,1.0,0.0,-0.7768509811557275,-0.794917237801332,-0.08825829223095247,-1.4468008061042172,-1.240987645209551,-1.2111045366192328,-1.3592529455239728,-0.48656753254002927,-1.4109432169422609,-1.4276103899920964,0.40712368143273686,-0.6045672063384535,-0.7285289165465382,-0.5032289620708169,-0.09327748440164774,-0.7188097317318379
2016-12-08,18515.234375,15.529999732971191,1.0,0.0,0.0,-0.7300786166257034,-0.7907367643172565,0.05792873464989531,-1.4485743770334405,-0.7488075160399209,-0.2993492036327413,-0.9716794127356969,0.15773571072026293,-1.4243777829956406,-1.4269626308705539,0.3306014784991106,-0.6175066707669012,0.998481264077176,0.18846256773659745,0.15810700378176806,0.05796659450735958
2016-12-09,18695.583984375,15.06999969482422,0.0,0.0,0.0,-0.6590846989621305,-0.7723632265536156,0.24102762923338023,-1.4479113686194551,-0.4637040574780196,1.1529991915037248,-0.12643464417933772,0.07348481612668907,-1.4674739245330597,-1.401998614812065,-0.050388402394236746,-0.6347032296006136,0.6181283953184398,1.1267442015087628,0.5071838448902212,0.6405829745308403
2016-12-12,18392.736328125,16.190000534057617,1.0,0.0,1.0,-0.6463219072505346,-0.7549625588905851,0.2284770315268962,-1.451119429418538,-0.874503994421052,-0.10783517516650482,0.2668790074621106,-0.03516417248901748,-1.4996933687355387,-1.3862900538403586,-0.3202900183016517,-0.6433430491275304,-1.1445060625587016,-0.36637927710237056,0.27006660452307635,-0.1082023606122073
2016-12-13,18465.8359375,15.920000076293944,0.0,0.0,1.0,-0.6198856247018664,-0.7354455581015484,0.25577897621688384,-1.4531028256505876,-0.7545706764648145,0.19649770569979477,0.44364758762816275,0.13866005205189252,-1.5178584626049803,-1.3783013006728841,-0.4683593242765303,-0.6904855409510593,0.23024881273070846,-0.636633843910661,-0.16784485424354081,-0.009429604760046032
2016-12-14,18341.287109375,16.59000015258789,1.0,0.0,1.0,-0.6142882663447039,-0.7186470166843182,0.22070924806350067,-1.4564633707076264,-0.9225974280368789,-0.3220317911864921,-0.08219844993627375,-0.46194684446716433,-1.532133317178227,-1.3736179080424271,-0.5760759443029002,-0.7459594944559514,-0.4967606859440748,-0.18531814177658296,-0.8033591482348191,0.0925366637863192
2016-12-15,18400.935546875,15.65999984741211,0.0,0.0,1.0,-0.595957768961246,-0.7013276826800563,0.22742777939080897,-1.4587538603303887,-0.8158569022708195,-0.07369967315253839,-0.07002920150355309,-0.1709569870213972,-1.5492826700337674,-1.3648604408750564,-0.723910953761367,-0.7231802612095006,0.18150910830022188,-0.2192774639439093,-0.04749777216336721,-0.266889656267622
2016-12-16,18312.587890625,15.25,0.0,0.0,1.0,-0.5912599549462462,-0.6864777050172087,0.19557162715054363,-1.4619370679208707,-0.9436729998599667,-0.4415141796079367,-0.29747935390387503,-0.06511091618775385,-1.5648715225275283,-1.3571943723476274,-0.857100530377814,-0.7770398234096433,-0.36436145871767156,-0.12702848409014542,-0.3864403030486418,-0.6991353701875733
2016-12-19,18256.837890625,14.84000015258789,0.0,0.0,1.0,-0.5921424879153454,-0.6747845519665338,0.1548467290244281,-1.4655180984957186,-1.0253522258506425,-0.6736160780087612,-0.4228185544122052,-0.31274881066658283,-1.5649551245914368,-1.3596376004009432,-0.8437087071905865,-0.8447268657476571,-0.24490023283346118,-0.4241286072837245,-0.242873628360556,-0.30335442393279455
2016-12-20,18069.189453125,14.539999961853027,1.0,0.0,1.0,-0.6182416994209498,-0.6709551394478704,0.05339984128111491,-1.4711175198814688,-1.2910368113141653,-1.454845828245505,-0.9151948105559194,-0.539723854608411,-1.5641958084924588,-1.3668369105816518,-0.7983679943430543,-0.8583829872365081,-0.738129364311353,-0.6845508825144992,-0.7670902562488884,-0.7293917155755617
2016-12-21,18084.2890625,14.710000038146973,0.0,0.0,1.0,-0.6317433287773034,-0.6707498561773776,0.0066464379217632255,-1.4759938045840557,-1.2572766183206352,-1.3919821869710944,-1.254035039248695,-0.3118780610893479,-1.5648163513135152,-1.3722877425258582,-0.7708527883599618,-0.9136821343463839,0.01817789711812613,-0.5012515565420681,-0.5490333815931931,-0.5028448514565297
2016-12-22,17891.2421875,15.550000190734863,0.0,1.0,1.0,-0.6681315605120447,-0.6782888883415791,-0.09325979567712739,-1.4828330010730488,-1.5245027655963288,-1.7528682067228447,-1.638786588251563,-0.8460467683452262,-1.559419268679374,-1.3828056725828288,-0.6795721155006038,-0.9285252744148909,-0.7652737869005787,-0.5201643957257415,-0.8456591512618675,-0.9193813141813896
2016-12-23,17883.79296875,15.130000114440918,0.0,1.0,1.0,-0.6926910732673608,-0.6895192752649063,-0.1408804477504466,-1.489114510002729,-1.53460473232819,-1.7122552853425783,-1.730552622073604,-1.0497035511017303,-1.5579823041463459,-1.3926388928445506,-0.6148012251598342,-0.9730026990511809,-0.06660154637792384,-0.5792343566229201,-0.46287172040265556,-0.78838205209506
2016-12-26,17655.345703125,16.600000381469727,1.0,1.0,1.0,-0.7426455390469879,-0.7090787669105755,-0.24833080783418204,-1.497670214898133,-1.831681882790484,-1.800383342373477,-1.8761469396339039,-0.9799293157435257,-1.5504332589575875,-1.4091662951888968,-0.47599026009942413,-0.9738919077425306,-0.9091324044553707,-0.6794676509601235,-0.9914614801552224,-1.0806105245335715
2016-12-27,17879.34375,15.079999923706056,0.0,1.0,1.0,-0.7403902147270249,-0.7242489161183261,-0.19170570331123626,-1.5025945991328762,-1.2847566902450278,-1.1524245450929846,-1.6620897951033646,-0.805386132531052,-1.548830696826029,-1.4154425174822638,-0.4303844755620862,-0.970467811697521,0.8154881758258029,-0.06487284767142866,-0.09038814506371934,-0.3970975904952182
2016-12-28,17876.4921875,15.539999961853027,1.0,1.0,1.0,-0.7331230340265524,-0.7348465992684123,-0.13271819616069974,-1.5070858491782506,-1.2889631599671056,-1.1606732554440229,-1.4654517392132405,-0.6708828040034346,-1.5540119321752732,-1.4200623165932604,-0.43320711067214235,-0.9855342447056717,-0.04919897749264334,0.5342845873173349,-0.0804682512692279,-0.42673999865667
2016-12-29,18032.94140625,15.279999732971191,1.0,1.0,1.0,-0.6968247053092554,-0.7356405191557948,-0.00624387174411261,-1.5091822104270747,-0.920927880181009,-0.5570970151376654,-1.0222222773190845,-0.5589386107033555,-1.5568816009824027,-1.4223443004564438,-0.4363884556438921,-1.0015066632469234,0.5517630397206975,0.35053446069545124,0.7522782097054166,0.15268941839342495
2016-12-30,18176.98828125,15.470000267028809,0.0,1.0,1.0,-0.6401557853765281,-0.7242790469798543,0.150567850247994,-1.5092677112849209,-0.6070503435101277,0.07886697521157301,-0.5832689437030254,-0.2950655258606727,-1.5573695464646629,-1.4227755601921446,-0.43667800916806915,-1.0148218062287597,0.5004689202418193,0.7335148140298557,0.572709458723117,0.40217166768081736
2017-01-02,17969.390625,15.829999923706056,1.0,1.0,1.0,-0.6237718694616488,-0.7117214527177427,0.1659985301526993,-1.5119553466949127,-0.9700468594774192,-0.656445341993733,-0.4035125498179051,-0.4698065839097687,-1.5601835964114856,-1.425703804596061,-0.43577568352377655,-0.9745803512996234,-0.8163682164965282,-0.21972876099703223,0.13540405723396787,0.4429832063300476
2017-01-03,18035.390625,15.960000038146973,0.0,1.0,1.0,-0.5958780346702165,-0.6957703520419742,0.20977676301796433,-1.5135571504529814,-0.822804524645951,-0.4226728909352918,-0.35559057808008604,-0.1791108946587539,-1.563807817480375,-1.4270630341033723,-0.4487044881999924,-0.9732540779127309,0.20990905896383616,-0.42217594555281196,-0.05946114943106243,0.17655910370172392
2017-01-04,17890.79296875,15.890000343322754,1.0,1.0,1.0,-0.5925822619090325,-0.6823117681711589,0.1776218271472973,-1.5168245337872475,-1.0711677822121457,-0.8080057497726175,-0.6717591967258779,-0.3641027377252141,-1.5644926561818822,-1.4309329937674062,-0.4300308617479397,-0.9900889847988413,-0.5835939472814351,-0.2599907929568701,-0.6774037407389258,-0.058547583947691814
2017-01-05,18115.73828125,15.050000190734863,1.0,1.0,1.0,-0.550167014388297,-0.6625657445637688,0.25873350555945107,-1.5169523354683396,-0.5770387624254467,0.4084900295741254,-0.29211154730509453,0.12298770362648125,-1.5708004596477263,-1.42967546918677,-0.4737862482297757,-0.9909743884428504,0.8078620595690104,0.15663213953201455,0.2484476058400026,0.05412299805758883
2017-01-06,18263.787109375,14.90999984741211,1.0,1.0,1.0,-0.48974419432492977,-0.6339776303328538,0.372801686121794,-1.5152064391321707,-0.28586803533957766,1.0551268274557783,0.23472153982944768,0.30527635884128285,-1.5825447403623147,-1.423164051027088,-0.5798517847909892,-1.0108681292995207,0.5128580676801319,0.9205835760902639,0.42113601819011187,0.059573594679359895
2017-01-09,18286.4375,15.479999542236328,1.0,1.0,1.0,-0.43572840035651755,-0.5996721881593275,0.44655858636853085,-1.5133420186745812,-0.24175822232460514,0.9658523868239673,0.8670989497124024,0.6090255567891374,-1.5848149809688428,-1.422210479328807,-0.5986053335507173,-1.0571532216374295,0.04554739292516477,0.3894418783731927,0.779762110562779,0.43877275526380993
2017-01-10,18409.384765625,15.199999809265137,1.0,1.0,1.0,-0.37148982430762273,-0.5586287571526448,0.5334826136797497,-1.510109255985043,-0.0027649557044378353,1.2116330007597311,1.1534180534816114,0.4812235252176911,-1.5864075466086,-1.4212994146618267,-0.6131786699138873,-1.0855801775249674,0.41544665926712554,0.3215706132573231,0.556075646801056,0.5291988766283295
2017-01-11,18829.78125,14.8100004196167,1.0,1.0,1.0,-0.2529438463314845,-0.5006982519265711,0.7513358243335972,-1.5018984223282463,0.6680922468358284,1.1836731246077816,1.1992445898691244,0.9773960919371069,-1.569886187831832,-1.4320490480441235,-0.45461887170610177,-1.0175331352791093,1.4908562157969463,1.3285875519255472,1.1135587301598042,1.441851753446955
2017-01-12,18873.73046875,14.609999656677246,1.0,1.0,1.0,-0.15272095396808888,-0.4331370191500563,0.8755778860749328,-1.4939169670892622,0.7282347917269812,1.1129525315122346,1.251685541359108,0.8369893922416886,-1.5554838556593207,-1.4407923749879143,-0.32043033405832494,-1.050276565781642,0.11949985472868141,1.122387022046565,1.1557134586811,1.1390072900212997
2017-01-13,18911.87890625,14.380000114440918,1.0,0.0,1.0,-0.06891306732085492,-0.36134620245451315,0.9301420115426928,-1.486215982178835,0.7822551819339001,1.2040154734857202,1.2489699058368136,0.7071799410866865,-1.5404391631079581,-1.4485168577381944,-0.1889303534539042,-1.0775128975830082,0.09836163564538253,0.1521683345067886,0.9749671689300373,0.9566498789537793
2017-01-16,19096.2265625,15.06999969482422,0.0,0.0,1.0,0.024194772387773636,-0.2842029517542399,0.9991915649226589,-1.4769304862028623,1.0333638866052297,1.2400399718130601,1.269064591033756,1.1739761134302817,-1.5206050694991549,-1.458041268431619,-0.020126185781831382,-1.0732948958226454,0.6186053873813242,0.4999194293666216,0.4777626678543502,1.2087663368629016
2017-01-17,19066.830078125,15.390000343322754,1.0,0.0,1.0,0.08973242023678013,-0.20861426506275052,0.9791367729509619,-1.4688989467212183,0.952144442638294,1.012866037175227,1.2333839259640347,1.0583423307623647,-1.5038324389066804,-1.4622488653589434,0.09922773055925878,-1.0840499025361976,-0.14273688679278823,0.3319343647624314,0.32828125266472175,0.96319388196795
2017-01-18,19164.27734375,15.18000030517578,0.0,1.0,1.0,0.1529780872214704,-0.13475443374667728,0.9568335196225621,-1.4604070398668394,1.0872621052441904,1.0816811427018986,1.1897719450255435,1.3514921590645173,-1.486519071432375,-1.46592138858321,0.2177720553363697,-1.097326072029995,0.30687103457157994,0.1147338822936102,0.44713675647777096,0.44230044187081685
2017-01-19,19124.02734375,15.020000457763672,0.0,1.0,1.0,0.19193576336938709,-0.06741936770186942,0.8726602019334804,-1.4532299787974976,0.9664331285186089,0.9904443377507322,1.1007915258307677,1.0262523736991127,-1.473284386239676,-1.4632861736570393,0.2756731673006154,-1.1307523375907496,-0.1807933601023034,0.08821808674721313,-0.008540260332976075,0.310186655151584
2017-01-20,18820.58203125,15.789999961853027,1.0,1.0,1.0,0.16980620040430874,-0.01823606436042432,0.6384917644303386,-1.4505518876784849,0.1544144672975353,0.30260879017537073,0.8475860248146995,0.49884111370699896,-1.4684993774854382,-1.4557701181904519,0.2577396155849053,-1.1041255006212918,-1.1216772968359725,-0.9071210024968653,-0.566560456246648,-0.22656860721996233
2017-01-23,18842.48046875,15.90999984741211,1.0,1.0,1.0,0.15150906509721376,0.017237140074743543,0.46162340782154937,-1.4478535077513464,0.19483206514817056,0.32573536292181005,0.5780926395395496,0.4971883383457602,-1.4675570616002476,-1.4408893725973102,0.17542437669609467,-1.1227697934264185,0.040362659065792186,-0.75303084967527,-0.7184768082397318,-0.4809660851104387
2017-01-24,19023.279296875,15.289999961853027,1.0,1.0,1.0,0.16154704881031642,0.04774070894715709,0.39751217996406824,-1.4431388002059582,0.5162986184031872,0.6972269936137935,0.47356115486634953,0.5587763443456253,-1.4622098652633262,-1.4311927211892437,0.1482075770844558,-1.1326335200490352,0.608379734686983,0.4523840125574179,-0.2686286658541346,-0.15051286062683325
2017-01-25,19472.97265625,15.170000076293944,1.0,1.0,1.0,0.236185855892696,0.08794433310201305,0.5226486103099114,-1.433218788216075,1.1378985565645123,1.2266250741469942,0.802971389141774,0.5757765516752273,-1.4477873498402185,-1.4249389228180938,0.19106427397471995,-1.0566909194031067,1.5440151042905317,1.500051790024206,1.2508817973584152,0.3937677947313121
2017-01-27,19708.072265625,16.010000228881836,0.0,1.0,1.0,0.3266575040400555,0.13925975742536673,0.6659973817668131,-1.4212874595676277,1.388431805749702,1.1510483167031103,1.097194054014192,0.7863126357254046,-1.427810583077475,-1.4234427192077312,0.2914538586818644,-1.0381918592026265,0.774401964893134,1.6157275510569817,1.6693023192245469,0.8140052999732491
2017-01-30,19585.021484375,16.670000076293945,0.0,1.0,1.0,0.3718750628927049,0.18988449270168462,0.6570870859686568,-1.412039655596196,1.0766345151047805,0.8832645354627069,1.1635161213927758,0.6058524315791247,-1.413788430421996,-1.419288839070184,0.34335178974149927,-1.0557939800984293,-0.4625966233669512,0.2176235838603003,1.0588193613151757,1.103967374455887
2017-01-31,19514.923828125,16.829999923706055,1.0,1.0,1.0,0.38949434064733335,0.23411421913629357,0.5745877026991562,-1.4045539840703338,0.9016400749325301,0.6191297106358014,0.9469450571304479,0.3194756441462505,-1.406653055388187,-1.406094892309435,0.3054808238195803,-1.0773350037223999,-0.28124127459615583,-0.5178943943971633,0.01837817440564931,0.9624779521131455
2017-02-01,20020.3671875,13.970000267028809,1.0,1.0,1.0,0.47628993816698517,0.2878723184862019,0.6975093293194482,-1.3914259238194189,1.4409027525487796,1.2681664601081952,0.9886974761366876,0.9079149403943703,-1.3877767428155365,-1.3993066708727457,0.36775077338496265,-0.9807284918696807,1.693463920707238,0.9843378305212849,0.5422661734898417,1.4398599695689052
2017-02-02,20070.068359375,13.520000457763672,1.0,1.0,1.0,0.5442362701530479,0.3452627939320875,0.7443691218761898,-1.3789232257584527,1.4855848963825777,1.1593028506521226,1.0871046661969128,0.8503858816438256,-1.3751768157174844,-1.3833576203525122,0.34350236558449937,-0.9947012532983126,0.12953360868248273,1.2705446666624645,0.8797950207054384,0.8175598395635056
2017-02-03,20196.56640625,13.130000114440918,1.0,1.0,1.0,0.6087828164384892,0.40483944775652075,0.7725721114906808,-1.3660207081858915,1.5990277807330087,1.2641202397760953,1.3170426932588462,1.0351601501738918,-1.3596610930773083,-1.3717737420311351,0.3598008480163881,-1.0112801003273437,0.387144934911292,0.36036870621506284,1.2607916572207176,0.6471863840948563
2017-02-06,20371.36328125,13.399999618530272,0.0,0.0,1.0,0.6775667433742164,0.46706208264330856,0.8067068267334989,-1.352149152583758,1.7468430194084887,1.164432440583815,1.2800616916611434,1.5865184526141656,-1.3411844797177173,-1.3629289425561835,0.40701633883151467,-1.0128746962606074,0.5452573435583302,0.6500236479143545,0.6062855682323846,1.090591021477153
2017-02-07,20327.013671875,13.510000228881836,0.0,0.0,1.0,0.7142370980938121,0.5246031737622687,0.7463121528315706,-1.3401563376599332,1.6258046503821049,1.0808956431265933,1.252109655481812,1.510845798078627,-1.3287949721842998,-1.3486135669936439,0.3910505471634935,-1.050456633544305,-0.18600569934290426,0.25068173013959605,0.42642037452256065,1.1324898452123926
2017-02-08,20245.166015625,13.350000381469728,0.0,0.0,1.0,0.7194004757797019,0.5717291152843025,0.6119505843530503,-1.330334826158368,1.3990174893277036,0.9267276317537857,1.1318297643377748,1.2058760230385213,-1.3209640485179115,-1.332267831076081,0.3401191671562369,-1.0411430281570468,-0.3116586726946973,-0.34637332807854543,0.028085070329457937,0.2503375834647835
2017-02-09,20150.916015625,13.239999771118164,1.0,1.0,1.0,0.6978591039836793,0.6048696369786333,0.43153042558400534,-1.3226337710352247,1.1406913732236428,0.7491986011422695,0.9837996065340576,0.5895293000393959,-1.3127090972919662,-1.3232438842942311,0.33267011586557044,-0.9983756273126906,-0.354437915153186,-0.4637282432733169,-0.4847634333978065,0.03741465507229929
2017-02-10,20213.666015625,13.18000030517578,1.0,1.0,1.0,0.6804642100317864,0.6276996173707068,0.29851836576273694,-1.3148771479906434,1.2172890542662638,0.8673943217881332,0.907686748459822,0.3975963999086053,-1.3047607187190287,-1.3136480410748528,0.32050247860813563,-1.032968254010838,0.17218292128562576,-0.12661227673386477,-0.280587078834645,-0.05715773024403371
2017-02-13,20251.564453125,13.6899995803833,1.0,1.0,1.0,0.6625868938782651,0.6421790376627614,0.1907912186611923,-1.307382726117914,1.264585112772509,0.8918197979670315,0.8952421650631776,0.5731596912604151,-1.297756437153372,-1.303068179801277,0.29808799069196446,-1.0551940730809426,0.08846861018694518,0.18198223691338075,-0.052504651657937634,-0.25812160926588307
2017-02-14,20257.86328125,13.800000190734863,0.0,1.0,1.0,0.6395390778294064,0.648883433501616,0.09048882062371263,-1.3005228589265045,1.2728519334254194,0.8389363892452478,0.9272335339547549,0.6577448686121734,-1.2907654448042876,-1.2948540708381642,0.2888039742065321,-1.0868242506631858,-0.01733387469516792,0.04993666942311668,0.13965297179881653,-0.18391455973398949
2017-02-15,20163.46484375,14.210000038146973,1.0,1.0,1.0,0.5967815506340898,0.6451953342765249,-0.043580491026799416,-1.2955032531641295,0.9684047825518931,0.38238446290205974,0.7543283438483237,0.009840318731952777,-1.2873765663574137,-1.283741545863416,0.24509551896394152,-1.087017094686626,-0.3547379588523873,-0.2588668992597479,-0.1607049353312531,-0.20286726110174388
2017-02-16,20243.46484375,13.729999542236328,1.0,1.0,1.0,0.566643618258159,0.6358647621814155,-0.11637171671758516,-1.289955806457311,1.0921114365223297,0.6376292230679507,0.6637098360573045,0.04110026896257685,-1.2831883056531264,-1.2736982195076407,0.21159275259412594,-1.1007110930551303,0.22978996386629733,-0.0866837039163254,-0.08014827564299136,0.0541633795927193
2017-02-17,20551.111328125,13.43000030517578,1.0,1.0,1.0,0.5827298283206501,0.6318056977603149,-0.04836616070181686,-1.2810684232703686,1.5003151203399876,0.3343454352996952,0.48382401885284393,0.2278940132897267,-1.2751024139856582,-1.263081438262388,0.1951572838040267,-0.9358334867514055,0.9831531865994894,0.8454901154389656,0.49015404329807033,0.4109491721975147
2017-02-20,20676.859375,13.609999656677246,1.0,0.0,1.0,0.6060879682450704,0.6335032810750654,0.025897988052755283,-1.271446335169257,1.640485992417072,0.5739382680431065,0.5521126247166329,0.1742902254660082,-1.2731149382865428,-1.2403505504970649,0.08200236452263919,-0.9534641407967821,0.3747580952118342,0.9464964619870814,0.9059847995227608,0.5369020279282812
2017-02-21,20860.70703125,13.529999732971191,1.0,0.0,1.0,0.6440635200000003,0.6429006364902389,0.12522958638575618,-1.2604289850777113,1.8266495844558004,0.8082159426604113,0.6129265002294099,0.4101935848913343,-1.2715651318676973,-1.2149974609881449,-0.046392548556310025,-0.9536467566726724,0.5611484111120628,0.6524652138623134,1.0948672930359054,0.7914048989671926
2017-02-22,20868.20703125,13.699999809265137,1.0,0.0,1.0,0.6651760851470995,0.6548879755086029,0.15864190140051304,-1.250366603426321,1.834014596763822,0.7887080236651789,0.7749059905000145,0.5048863842946141,-1.271410317471412,-1.190501621288891,-0.17611228192967232,-1.0005199537086462,-0.014050251339315095,0.381563532037245,0.5264367204540145,0.9412902140702356
2017-02-23,20876.408203125,13.399999618530272,0.0,0.0,1.0,0.6729471730035873,0.6661229582857808,0.14893606245123892,-1.2411594244919246,1.8426089814018012,0.8144976620054044,0.860665005462037,0.6144282413066626,-1.26475978129336,-1.1786997758447988,-0.20449398537666508,-1.027556014933217,-0.011784176773154144,-0.0176264622292018,0.30609808479338385,0.8350098423632574
2017-02-27,20612.810546875,13.68000030517578,0.0,1.0,1.0,0.6272024373678765,0.6654269472465247,-0.004980789895912289,-1.236143526278014,0.9468115329047084,-0.014419025223345563,0.5673970380091311,0.2738123781566041,-1.2628375442663495,-1.1686181286082873,-0.24779369545310714,-1.0201030974001624,-0.8990206602467522,-0.6342283800250149,-0.5262343257470989,0.0069487943948073
2017-02-28,20607.009765625,13.789999961853027,1.0,1.0,1.0,0.5808113264295166,0.6550493058096069,-0.12987952836847577,-1.2316782701302507,0.9287260928711601,-0.032660326931006914,0.2745806174658143,0.22782667672627674,-1.26536837445489,-1.1523122920138236,-0.3462650360427764,-1.0646016699462275,-0.05745874061981406,-0.6660520696974318,-0.5509782360445151,-0.18320469574535747
2017-03-01,20783.5078125,13.579999923706056,0.0,0.0,1.0,0.563266023831477,0.6430329147231342,-0.15102036472504748,-1.2254190371649303,1.1970798404535716,0.522360451323616,0.17043419853299385,0.40374662641886866,-1.2703061044745316,-1.130193471501619,-0.4867722599430087,-1.0741456091647403,0.5392252323736422,0.3360437820119245,-0.23688927282681713,-0.1928497826704345
2017-03-02,20559.8125,13.359999656677246,0.0,1.0,1.0,0.5052454592328085,0.6211370554166488,-0.2784713277113443,-1.2225686067466957,0.527694766913,-0.320717868892063,0.06123918151714394,0.27193614371214814,-1.2705526142250148,-1.122725894533126,-0.5267198532475675,-1.0344722526553785,-0.7713174592439273,-0.16133630042755462,-0.16409529628716726,-0.5260089532860193
2017-03-03,20495.361328125,13.350000381469728,1.0,1.0,1.0,0.44135305129047675,0.5900945732562075,-0.39646815353722203,-1.2208000377156527,0.35177144867325766,-0.5420535848725029,-0.12035864889726335,0.12079876500629796,-1.2715965598563892,-1.1159500039172519,-0.5670872612661717,-1.0670123724779617,-0.25104588966714525,-0.7119566200725688,-0.2744447493585724,-0.6312719740477307
2017-03-06,20663.41015625,13.640000343322754,0.0,1.0,1.0,0.41034925515279896,0.5586971945449155,-0.40104652821884984,-1.2170869027428122,0.6503866370672556,0.035053186201560824,-0.2940828604209014,-0.025427487827137562,-1.2697910694683723,-1.1115987892786126,-0.5802551345349878,-1.0747621682341681,0.5146700028437579,0.1840533791358453,-0.2884418362623266,-0.009319770247096477
2017-03-07,20627.259765625,13.880000114440918,1.0,1.0,1.0,0.3731799502547956,0.5257106823944465,-0.42154728621780096,-1.2141819450299485,0.5461200931069844,-0.08909308390001684,-0.2115090183666551,-0.1901795208612918,-1.2681018812963938,-1.109945286252675,-0.5801063719200038,-1.116978500512233,-0.1569901583133905,0.24958658086629526,0.06173988808313926,-0.05310854681480299
2017-03-08,20676.310546875,14.079999923706056,1.0,1.0,1.0,0.34507499150949095,0.4933717532205057,-0.41319308413586553,-1.2109368985319187,0.6363794722019515,0.07935520759768826,0.010022159664727356,-0.32512581118707984,-1.2660362968573964,-1.1074371166313095,-0.5824260442998721,-1.1364622091130583,0.12246831777508713,-0.023679404913550077,0.2746522053959568,-0.23646045558179918
2017-03-09,20721.109375,14.390000343322754,1.0,1.0,1.0,0.3237197299095546,0.46297977722229955,-0.38807624063674334,-1.2074376155799487,0.7200753833746287,-0.3636522610052648,-0.1321156544079534,-0.2876099738542135,-1.264238352098433,-1.1029563928869988,-0.5962458773932637,-1.15593569192082,0.10819074185695839,0.16108502332277017,0.04294899391988591,0.15047855322482886
2017-03-10,20727.310546875,13.960000038146973,1.0,1.0,1.0,0.3017933213064014,0.4340244539826502,-0.3695425732897434,-1.2041936257918817,0.7321468618031329,-0.24751614520950585,-0.18859320642281738,-0.289559232553082,-1.2644232829386255,-1.095059384523595,-0.637689743601202,-1.1584606995413682,-0.018130178555619634,0.06312321397397458,0.12210260972125649,0.2529496550066785
2017-03-14,21102.453125,12.399999618530272,1.0,0.0,1.0,0.33800321181242715,0.41852569996994654,-0.19594489897445713,-1.1965416448162232,1.3466409281655816,0.6743298440512979,0.02351423993051714,0.357789806748852,-1.2555028014463452,-1.0925098594770133,-0.605129379852166,-1.0650708819690176,1.176458088680203,0.807437021689943,0.7229027936931696,0.5441028536386695
2017-03-15,21157.654296875,12.420000076293944,1.0,0.0,1.0,0.36876239811332473,0.41263830671334284,-0.07195268029488988,-1.1889243391397328,1.4205274284044382,0.886852712430838,0.4693171369223409,0.419954244910201,-1.24649436002824,-1.08982107127845,-0.5729733116520372,-1.0966713475051875,0.1385412065556509,0.9165975942367701,0.7402033076810387,0.6741216678470624
2017-03-16,21249.654296875,11.90999984741211,0.0,0.0,1.0,0.4007188781551502,0.4146934648731675,0.030510914308448954,-1.180875707715205,1.541595195572476,1.1846629704487288,0.9798865567442071,0.3300150627405107,-1.2367223234485714,-1.0867854596606883,-0.5388575765362769,-1.1323368086854908,0.25546987767136065,0.27490032226077743,0.8961620927219389,0.7326356097200141
2017-03-17,21174.8046875,11.850000381469728,0.0,0.0,1.0,0.40686837857733327,0.4176394186914758,0.04200270333691005,-1.1745347516166078,1.2674656930917283,0.7575522375250935,1.0095551985275881,0.4868157988565965,-1.233763466705264,-1.0763631876506643,-0.5769649217351964,-1.142568428737738,-0.27738368635583266,-0.014894776023751308,0.0674363972556414,0.5630024137053689
2017-03-20,21110.00390625,12.020000457763672,0.0,0.0,1.0,0.39431749164765234,0.41733920378000117,0.00012521343428823417,-1.1696124838172979,1.0339855369412925,0.5249097855530931,0.8805231604506567,0.48842926850686386,-1.2333085168333464,-1.065257554783688,-0.6310192468799574,-1.1792058468623599,-0.2459820198671365,-0.3642806973974535,-0.15175133260049115,0.46275915784773175
2017-03-21,21018.755859375,11.9399995803833,0.0,1.0,1.0,0.3630767154197519,0.4104854710286165,-0.08441902933704117,-1.1663063320011737,0.7148885298056603,0.1973185288866306,0.5285365456611969,0.22039607710284098,-1.2311798337012405,-1.0612336403184586,-0.6406106459723743,-1.194680010218226,-0.3317874013308954,-0.4021864111379321,-0.48650247630505594,-0.200792374942373
2017-03-22,20781.107421875,12.270000457763672,1.0,1.0,1.0,0.29440128801463505,0.3904641419636389,-0.254288782749748,-1.166303179775987,-0.006446093687927187,-0.655867407159699,0.02465484534756607,0.016353557426235038,-1.2311356628176036,-1.0598865438055418,-0.6471980041591637,-1.183339231739238,-0.8085302625752138,-0.7941411271545895,-0.7892691345000541,-0.6174557955629356
2017-03-23,20895.2578125,11.84000015258789,1.0,1.0,1.0,0.2528028092968258,0.36564082924126984,-0.31623720221419205,-1.1648650312347257,0.24102980822210207,-0.24605403367414946,-0.25019244545766905,0.08195164564500716,-1.230826792263649,-1.0597477914487818,-0.6463368760851447,-1.2045549664057251,0.3326177974241087,-0.3312177168095909,-0.45945295765407634,-0.5835146230266749
2017-03-24,21122.3046875,11.979999542236328,0.0,1.0,1.0,0.25074276140947244,0.34534607427838865,-0.25781613798964076,-1.1607090224475418,0.6711378053834451,0.46528145865688564,-0.15466411657005857,0.2657540987061375,-1.2269583019111499,-1.0603974966467107,-0.6234987823370043,-1.1884548021879986,0.6935691333549076,0.7153679756927149,0.1250255749478199,-0.15634461916927864
2017-03-27,21056.65625,12.4399995803833,1.0,1.0,1.0,0.23340507723708204,0.325439944450819,-0.2528026446888769,-1.157774269942833,0.47866586910988707,0.19477104043871843,0.14858704379118304,0.19300293583015385,-1.2246574245639532,-1.060394766086513,-0.6118959435050094,-1.1972168450721128,-0.24922519586168568,0.30996966869282105,0.443843267731827,-0.15777145214610233
2017-03-28,21225.154296875,12.119999885559082,1.0,1.0,1.0,0.24131658394392747,0.3111898783206847,-0.17983608931399148,-1.1530003682324583,0.7775139391370596,0.8833691152712729,0.5512244762085801,-0.018090430735024872,-1.2191839156637987,-1.0579350230721751,-0.5967304035473427,-1.2028300134317211,0.5014191342509325,0.17608942054050666,0.5400641960745782,0.20879717177995838
2017-03-29,21390.90234375,12.09000015258789,1.0,1.0,1.0,0.26848525381615473,0.30554133585753457,-0.06887136428093346,-1.1465970521492388,1.0371898736282126,1.2251555457892054,0.8221182963761136,0.09106604700665456,-1.210402644452229,-1.0566418404175897,-0.5591066785769231,-1.2125022546598878,0.4884440804963261,0.6900594764013969,0.42313785305242363,0.7794001134325307
2017-03-30,21620.447265625,12.149999618530272,0.0,0.0,1.0,0.32051885434716804,0.3120378293999984,0.08780675846287862,-1.1379173391450257,1.3460696983537053,1.099939463666988,1.1448093003406037,0.22568672202395998,-1.194953566442601,-1.0616130305876683,-0.45666445591159405,-1.1701545643127464,0.6845239913396616,0.8176375342689286,0.955397936537335,0.934220993665546
2017-03-31,21443.900390625,12.420000076293944,1.0,1.0,1.0,0.32723273842448547,0.3186563295298,0.08938071535008962,-1.1322841187341712,0.8284269972349195,0.45960928229627757,0.9937396403376254,0.1263500665049747,-1.1888751356358531,-1.0561540264151497,-0.45393554961979204,-1.1781060735178226,-0.5937198052160374,0.06364133215480301,0.33114171084215244,0.3678791388483885
2017-04-03,21547.5,11.489999771118164,1.0,1.0,1.0,0.34265761140425033,0.3272165201886734,0.11442966760546264,-1.12588476168317,0.9787256396726282,0.8199378316888382,0.8492802141891868,0.2943104034655478,-1.1829865378286486,-1.048250465299554,-0.46446651292236313,-1.2004617197977723,0.28802549612019046,-0.21261845020031178,0.216898171019973,0.6042421994496767
2017-04-05,21652.447265625,11.550000190734863,0.0,1.0,1.0,0.364944631257828,0.3387827552714702,0.15320941243348168,-1.118775288316524,1.1250524969574633,1.1740380348712849,0.8756962288453,0.4917712472594117,-1.1737382706667188,-1.0447038894235652,-0.4364196827987482,-1.208395458766651,0.29067540941450604,0.40358270177251643,-0.007605241640766837,0.5115256472920648
2017-04-06,21622.697265625,11.289999961853027,0.0,1.0,1.0,0.371056797598757,0.34932966713640845,0.14005954213507862,-1.1127169762067628,1.033187607511522,1.0709262273117395,1.0936296804166623,0.7086070062537803,-1.1680204063405633,-1.0373795911781827,-0.44488460295854015,-1.2201028380247536,-0.1315176752203338,0.11126657295858323,0.25586138052118473,0.23877391290828592
2017-04-07,21430.900390625,11.6899995803833,1.0,1.0,1.0,0.33880521761054383,0.3509396522578783,0.02476791972915372,-1.109647248889823,0.47178670871427447,0.40616916964712807,0.9461218558649753,0.3971878837588193,-1.1675740670327694,-1.0277611720301048,-0.49079828716233503,-1.2187049218452137,-0.6418395347962487,-0.5384619345555465,-0.2741846380126419,-0.34475877897325663
2017-04-10,21519.900390625,11.619999885559082,1.0,1.0,1.0,0.32126134582398425,0.34851366531579914,-0.02729849868829971,-1.1057508143227892,0.6266319090023594,0.7146381065479531,0.7823465624635989,0.2544781262649345,-1.1663065372936794,-1.018410817984412,-0.5311570710812822,-1.2384011616169606,0.24228997661998322,-0.27801196618197366,-0.3017655289538713,0.0230431311526158
2017-04-11,21735.8984375,11.399999618530272,0.0,0.0,1.0,0.33552039811320067,0.3495914662380508,0.017902429890434026,-1.0995095670027466,0.9669826244401475,1.2791674214607247,0.8565841941377585,0.5359594576995814,-1.1616447231869251,-1.0098063200037097,-0.5509119090810263,-1.2225262977795384,0.6380148776764927,0.6137248391247573,0.13688701978553047,0.1770207111487209
2017-04-12,21666.548828125,11.630000114440918,1.0,0.0,1.0,0.3294170087235323,0.34916164122640625,-0.0015468332499588967,-1.0947347076579284,0.7644564359262975,0.9459528148209635,1.0490161459324698,0.2958029654311174,-1.1559056248391393,-1.0082691795258092,-0.5302615676281547,-1.2181320012883456,-0.25483326999083605,0.2673548993438959,0.3574901428060692,-0.06297544515807524
2017-04-13,21686.34765625,11.579999923706056,0.0,0.0,1.0,0.3215250931872318,0.3471470908660483,-0.021990724283808816,-1.0901656516445488,0.7972476986499849,0.9517274739786428,1.1335381023355173,0.149469563418904,-1.150331378447341,-1.0070327907824572,-0.5089846670193794,-1.2451372748413265,0.02346571301887241,-0.1608313876704999,0.23275491153701244,0.005209386491831875
2017-04-17,21647.34765625,11.890000343322754,1.0,1.0,1.0,0.30302507199794854,0.34161906212265886,-0.06731666626536015,-1.0865221194080177,0.673918219960788,0.7695253371068665,0.9518515657281439,-0.11384982002272964,-1.146119877014348,-1.0061220461359923,-0.49282840853645044,-1.2597912829015407,-0.1603064979319462,-0.09496998897523928,-0.2223079767131894,0.21705950427207676
2017-04-18,21671.59765625,12.380000114440918,0.0,1.0,1.0,0.28642524023966814,0.3336825139931914,-0.09838798592455092,-1.0829206772175657,0.7200922562055629,0.2113936824493155,0.6899824838937288,0.08255916911916766,-1.1419691318447196,-1.0038232793182298,-0.4838738477594041,-1.2294584755028346,0.037432881447549825,-0.08523838354231876,-0.055709056685576186,0.1269327706568498
2017-04-19,21556.099609375,12.220000267028809,0.0,1.0,1.0,0.24940754951953345,0.3194967624884924,-0.17900639273890512,-1.0811144711192369,0.3403778051898589,-0.5162074759466158,0.1666661699457249,-0.13155689706778184,-1.1405468189573658,-0.9993486293372194,-0.4990482398480395,-1.2243431760102985,-0.4003182890056277,-0.25246626955982415,-0.2972763976684268,-0.3298811690245808
2017-04-20,21491.150390625,11.5600004196167,1.0,1.0,1.0,0.2048071694052032,0.29870642000315295,-0.26420950912811386,-1.0802969387812735,0.1369848402845601,-1.091446399489857,-0.4967670902316414,-0.2960008135466162,-1.1413445015905423,-0.9922007667194557,-0.5382445552604761,-1.241594104442774,-0.24277239891189914,-0.44769891407214685,-0.3442839966488401,-0.32457499735410983
2017-04-21,21551.19921875,11.420000076293944,1.0,1.0,1.0,0.1745378397815082,0.27566623697147913,-0.2932337782294703,-1.0788022287370957,0.28036675825988006,-0.9755829548114113,-0.9199222433842441,-0.20920055516987215,-1.1482645262361562,-0.9746712410513,-0.6583530896316762,-1.2379396471648856,0.15058149552817937,-0.06386024530105043,-0.27978649389088783,-0.26865049906488064
2017-04-24,21857.146484375,11.630000114440918,1.0,1.0,1.0,0.1947208790562838,0.2615067679228777,-0.178667333564394,-1.0736029728153311,0.8943276001028525,0.8120393535984696,-0.44640450686189465,0.27680964746277287,-1.149539299069572,-0.9604822601289553,-0.7339882559501817,-1.2029954543673829,0.9163372460876211,0.7437478089893587,0.4707396587797854,0.20501815192362918
2017-04-25,22054.443359375,11.15999984741211,1.0,1.0,1.0,0.2370232374838707,0.25913445097664106,-0.026606124108891602,-1.0664181259058487,1.2018439428050312,1.1568996268613068,0.355127029020973,0.3805270604551632,-1.1411491639754552,-0.9567986856442067,-0.7107899158119562,-1.1998459429065973,0.5702229116405535,1.0361323897132269,0.9341670521298702,0.43941874753704585
2017-04-26,22242.591796875,11.739999771118164,1.0,1.0,1.0,0.2947269948305366,0.2694522768924653,0.13710419836849075,-1.0575518219222868,1.452198828752466,1.2132991136393143,1.1354597650096077,0.34850947795708687,-1.130035469653918,-0.9525714398547313,-0.6770441085917711,-1.1292535643949648,0.5369512446156455,0.7717957138900107,1.1544073454807042,0.851769813587496
2017-04-27,22326.041015625,11.06999969482422,1.0,1.0,1.0,0.34728562462558493,0.28883301195935923,0.2540210680863699,-1.0484806596503697,1.554109870267692,1.1558547099463365,1.2580293550121122,0.4978351234099343,-1.1157644131591704,-0.9527829302363608,-0.6065819440034464,-1.1388202209490832,0.21523059946753617,0.5244553076058247,0.7547592522060006,1.053267907637765
2017-04-28,22357.990234375,10.859999656677246,0.0,1.0,1.0,0.387071466929951,0.31276012082423565,0.3126719697082593,-1.0398716966502626,1.593348889314389,1.2541966952092687,1.292715594459163,0.5089920419272145,-1.1016537813117437,-0.9546148869732176,-0.5293688254086252,-1.1508870819758534,0.05845606597019103,0.19106444861306673,0.46303951875409866,1.0127373902935999
2017-05-02,22341.08984375,11.449999809265137,0.0,1.0,1.0,0.40867305115409763,0.33647478619555576,0.3099313234274106,-1.0322951358867514,1.5289072028324495,0.8887678675880011,1.1770207569916222,0.531551246178155,-1.0896564337554102,-0.9575305004273414,-0.4573774276761595,-1.154417979272574,-0.08961145198402262,-0.02133383234404077,0.10588331688342907,0.5701709745911142
2017-05-03,22307.041015625,11.529999732971191,1.0,1.0,1.0,0.4130701712384388,0.3563773731201725,0.26075326462992804,-1.0258682732109585,1.3938027320929003,0.7878881593465306,1.0458413072988022,0.47443582921803995,-1.0811044892649104,-0.9549383198089264,-0.4289465870497668,-1.1628177851052373,-0.14169620226503832,-0.1607896505305358,-0.09757376976485242,0.2569626657426984
2017-05-04,22719.8359375,11.329999923706056,0.0,1.0,1.0,0.47458906797931744,0.3853227735253577,0.37741088835397457,-1.0148631195834854,1.9011547957339696,1.2785909319934055,1.054537811238639,0.9912246666573608,-1.0605622630250982,-0.9607534202429484,-0.3025447802266067,-1.1023041332475774,1.2034742324167371,0.7401660253322948,0.5551148464268411,0.5501989811332403
2017-05-05,22604.685546875,11.989999771118164,1.0,1.0,1.0,0.4966861606248192,0.4131569694931465,0.3630756961688382,-1.0063539460862436,1.4961725447560728,0.7804146661018332,1.015910079124832,0.9457004811326409,-1.0468710588500962,-0.9623451967948432,-0.22981447603860047,-1.0752008523683203,-0.38253578978670655,0.5723613732758022,0.38814074392623427,0.2872120824705157
2017-05-08,22767.0859375,11.670000076293944,0.0,1.0,1.0,0.5315293957594531,0.4428005147821651,0.38641736884128086,-0.9966131909220358,1.6839617932099364,1.1430671764863118,1.1425307948797976,1.0421832152086898,-1.0306101318876415,-0.9640563311205582,-0.14471777729858767,-1.082875540508518,0.4464509150342197,0.044906415894255904,0.7233991174230653,0.45791014092067317
2017-05-09,22707.037109375,11.109999656677246,1.0,1.0,1.0,0.5407900555159633,0.4684757996304897,0.3352244702678178,-0.9885551646547257,1.4762473606806352,1.0089735441904237,1.0464126545163364,0.6747907895923193,-1.0201370417006632,-0.957953573330141,-0.12524957822435426,-1.1077833711271878,-0.21726801324443815,0.160056512372188,-0.08645902933758376,0.4017477274037262
2017-05-10,22830.083984375,10.949999809265137,0.0,1.0,1.0,0.5588514016668492,0.492839550024352,0.31830490278822987,-0.9797174109137595,1.625687018388898,1.2709402705119057,1.2212841985245135,0.5969627592425705,-1.0078584158431159,-0.9532840463231123,-0.09049957097444318,-1.1365888637768367,0.3276262450717386,0.07726558666115245,0.31835085873790975,0.6082258049883191
2017-05-11,22818.18359375,10.84000015258789,0.0,0.0,1.0,0.5622653210077112,0.5130532648788688,0.264766998304112,-0.9718709803390001,1.5820795763032016,1.0074031182361758,1.172920192406734,0.4022848100331981,-0.9965315293206755,-0.950665065777128,-0.050432994100098175,-1.1449857119999671,-0.07370946408688685,0.17728980875442504,0.021846604050032865,0.046329744246058804
2017-05-12,22671.435546875,10.630000114440918,1.0,1.0,1.0,0.5328434563123113,0.5229957330196101,0.13226186183444552,-0.9666169996191195,1.0581748600092336,0.6186069373332106,1.033755160741463,0.1842243399312928,-0.9905671854860901,-0.9434722514367431,-0.05758402987768935,-1.1323740000534972,-0.47537771306820514,-0.3822020969670236,-0.12528229550833989,0.005484005996797883
2017-05-15,22821.234375,10.68000030517578,1.0,0.0,1.0,0.5249183341826842,0.5292719874638754,0.08496554428742288,-0.9599798675541676,1.2826111317482618,0.8950314234929713,0.8997442958782691,0.2942017400107979,-0.9828412545268977,-0.9363842768801192,-0.05603898335552073,-1.1390293931980369,0.40764008646725686,-0.046822458264464246,-0.07967243101273422,-0.01159079048363036
2017-05-16,22928.333984375,10.5600004196167,1.0,0.0,1.0,0.5271744635015986,0.534770605543477,0.07493357684521168,-0.9526282014174625,1.4299961700814658,1.1967936835574773,0.9672617104241373,0.4108223664505164,-0.9750610561554443,-0.9274004123109056,-0.06338005597882444,-1.1462757934996861,0.278708976641137,0.47858640781628803,0.12121477858766323,0.20661393417613635
2017-05-17,22935.68359375,10.640000343322754,0.0,0.0,1.0,0.5216100166922812,0.5379915264783676,0.04554994120614674,-0.9458842819348668,1.4401433404900457,1.1644911738912656,1.1618685126754407,0.4505473967148514,-0.9690890778769649,-0.9167513440738727,-0.08699798314136147,-1.173547713074293,-0.016689450402103814,0.18293538538936066,0.38267840964253874,0.0551324883448718
2017-05-18,22698.3359375,11.789999961853027,1.0,1.0,1.0,0.4712922812831849,0.5299161782353036,-0.10017858919858585,-0.9427669865445202,0.6287086540453903,0.18422600646197637,0.9084675899752398,-0.15974643297995633,-0.9717936601777375,-0.8986566593516201,-0.1859917105776779,-1.1605175950970834,-0.7429297645303083,-0.5288900053358727,-0.27317480376982123,-0.23929050782812902
2017-05-19,22769.53515625,11.300000190734863,0.0,1.0,1.0,0.4352696806477672,0.5158300436589655,-0.17772127564893883,-0.939051336466546,0.7572492497946731,0.4106152520187022,0.6281963157479705,0.012880814027598324,-0.9786044998105694,-0.8744479068047614,-0.3324107009958517,-1.1490038831967953,0.17371942027381707,-0.39622288602613615,-0.33302144224947466,0.04627931526187194
2017-05-22,22652.5859375,11.199999809265137,0.0,1.0,1.0,0.3811090408602753,0.493095521866188,-0.28929056809129317,-0.9371600460699865,0.39413758167354335,-0.10856584385056735,0.17435365330286925,-0.2452924914898652,-0.9908825067574728,-0.8468870659035949,-0.5191039365600905,-1.13627058415014,-0.3871607936349108,-0.14834134384307796,-0.5441992518589969,-0.303392767795931
2017-05-23,22582.5390625,12.199999809265137,0.0,1.0,1.0,0.3207707051599734,0.4621344941250808,-0.3954173435186631,-0.9363296292686559,0.18622108527989215,-1.1167471350793863,-0.28944105981534174,-0.25479661254285635,-0.9993368369758997,-0.8283503386515195,-0.645073309158944,-1.134177506503666,-0.24815239162218,-0.4422799497680084,-0.26216393721541464,-0.5351850528014974
2017-05-24,22536.0390625,11.829999923706056,1.0,1.0,1.0,0.26000294407418584,0.4245013538039167,-0.48149152833750436,-0.93616297836397,0.04846093398758296,-1.5124744408146003,-0.9750192657815966,-0.4097796241069375,-1.0053097901862862,-0.8156670785624922,-0.7319115343277335,-1.1456297860628473,-0.1780006041433326,-0.29654787480940503,-0.4626530322803169,-0.6061537803926155
2017-05-25,23190.53125,10.449999809265137,1.0,1.0,1.0,0.3104262247270187,0.40506927008934646,-0.24668717042890703,-0.9277827889897251,1.167185549267917,1.019384802767283,-0.5729067779405134,0.20198243059996715,-0.9956745019766282,-0.8130745352178129,-0.6989936978082759,-0.9977119425068496,1.900555946393243,1.200561710628411,0.8414019749179112,0.5568458818037331
2017-05-26,23361.927734375,10.859999656677246,0.0,1.0,0.0,0.37100734907145105,0.4023484109139715,-0.031102524295196724,-0.9180456192659068,1.365242351503659,1.1744339785833737,0.2438953937431345,0.4982167987754955,-0.9810564364653123,-0.8145176711571126,-0.6244078622684258,-0.985152883896703,0.46033079032793234,1.6453182336246615,1.2452548753982433,0.6829403506246371
2017-05-29,23182.48046875,11.789999961853027,1.0,1.0,1.0,0.3833840582857579,0.402791828739127,0.009718514033168103,-0.9114921210363919,0.8839986751554336,0.4086146383087269,0.9287603843231141,0.19174428066504381,-0.9749563679376754,-0.8098778282494247,-0.6176726190884441,-0.9714336565268593,-0.5606396733037303,-0.06951643644001594,1.027141161686402,0.6066184406482219
2017-05-30,23306.978515625,11.770000457763672,1.0,1.0,0.0,0.4059100013301449,0.4079152247416742,0.07009299089571233,-0.9039973603010468,1.04449182931771,0.8189383594069505,0.8573015680529127,0.20609410921272345,-0.9673833601039487,-0.8048886083950871,-0.6057822459354887,-0.9826163737491362,0.324356561970856,-0.16425629342493042,0.12866860884164374,0.8584933484193216
2017-05-31,23424.529296875,11.760000228881836,0.0,1.0,0.0,0.43503247431539865,0.41817906513014125,0.13640775324657153,-0.8957383341707552,1.1892480877317175,1.1892050787343538,0.8625674401437442,0.3066550419646619,-0.9592255801650694,-0.7984848047256872,-0.5977775633012858,-0.9996835810058097,0.30234001076444134,0.4370236170210995,0.03860996496495818,1.0698188610061659
2017-06-01,23309.87890625,11.3100004196167,1.0,1.0,0.0,0.43227759665483134,0.42580693967294075,0.10240224020197311,-0.8897074653521071,0.8777766956907056,0.8133976371564627,1.006871891043698,0.4245840833616666,-0.9519076046679563,-0.7982521026502012,-0.5652378293093171,-1.0215980360096513,-0.3707044891263921,-0.047259216368600455,0.1468777079227361,0.07057944452132582
2017-06-02,23375.62890625,10.8100004196167,1.0,1.0,0.0,0.43310237051160133,0.43208384098885805,0.08497388931300244,-0.8834242420508344,0.9690098093886861,1.0289166523909246,1.081728795499214,0.4178045739273959,-0.944627277787411,-0.7955622646742428,-0.5442778303153968,-1.0587217147631751,0.15237625005735284,-0.15174626081793696,0.04884468531716884,-0.06490493688710981
2017-06-05,23459.376953125,11.020000457763672,0.0,1.0,0.0,0.43956801497971454,0.438474115898176,0.08643647549014649,-0.8766863953921371,1.0845977068834323,1.2235010267078796,1.0939552426437364,0.6063177380170579,-0.9355369339631484,-0.7958165868262224,-0.5015717850428862,-1.0932388730447735,0.20382170650690318,0.24855407745978586,-0.007313179736580987,0.2714193045521683
2017-06-06,23416.029296875,11.130000114440918,1.0,1.0,1.0,0.43028416112182993,0.44162097710004444,0.04459452699943505,-0.8711352902689696,0.9545273151495992,0.9674206419820068,1.1488641820028023,0.6334043166502339,-0.929031217423924,-0.793144629857485,-0.48422831973177854,-1.1223920720913445,-0.16365899520912394,0.028356954074655435,0.11070786208930616,0.05671720656026874
2017-06-07,23567.376953125,10.890000343322754,0.0,0.0,0.0,0.43955033735557514,0.44610008249719024,0.06178126234183274,-0.8642098568117172,1.172573330625633,1.2245396911205977,1.2186034627226547,0.8189444081932297,-0.9193211336000003,-0.7934456328412925,-0.43871536933836724,-1.1388159687498727,0.3979531521611169,0.16361777239132708,0.25069275761299625,0.09878214025231757
2017-06-08,23535.826171875,11.06999969482422,1.0,0.0,1.0,0.43432605621058146,0.4485774051431268,0.03595708500259596,-0.8583406995434719,1.0721068880942837,0.9966740946947668,1.1377400470983585,0.172051018112362,-0.9117089938081271,-0.7918151860787243,-0.4117249884317611,-1.1675669381931677,-0.12912832258503687,0.18767697114925705,0.060903023164143165,0.20506340325340275
2017-06-09,23690.625,10.859999656677246,0.0,0.0,0.0,0.4472724180806364,0.4532999618593372,0.06492192784771572,-0.8510841105081001,1.2933351861446885,1.288607051144544,1.2522424559017542,0.15487645256512025,-0.9025422219535728,-0.787780389651544,-0.3888508913757025,-1.1681641822072093,0.40560643161112236,0.19300938310202348,0.38539836705038905,0.31647184188728017
2017-06-12,23470.17578125,11.420000076293944,1.0,1.0,1.0,0.41497644362604497,0.4502410647117459,-0.03546341337601002,-0.8472904947962525,0.6248010013788639,0.7055280017159435,1.067215671023447,0.12010069788827848,-0.8985833165236106,-0.7832475045101609,-0.39180644037430445,-1.163522969116148,-0.6715833624693464,-0.1849454214248385,-0.2242638445693996,-0.06866199685348993
2017-06-13,23477.576171875,11.34000015258789,1.0,1.0,1.0,0.3836278992583716,0.4411575720409266,-0.1131842465158912,-0.8437651252834129,0.6374767480364197,0.671179082194965,0.951177252455561,0.01344395137040818,-0.8946766542510801,-0.7799924779029224,-0.38913575965842256,-1.1834815539611976,-0.017044006596232675,-0.47942653416353986,-0.16037301799277395,-0.004158836679357737
2017-06-14,23498.42578125,11.18000030517578,0.0,1.0,1.0,0.35550536889460993,0.42793733860179517,-0.16655064061775643,-0.8403133478275682,0.6752803992971611,0.21931202741940284,0.5699753944527417,-0.07382130714526353,-0.8909601267747361,-0.7763581741397934,-0.38906151340951334,-1.2034857455534416,0.021724476532069468,0.0036347511046424443,-0.3791952073551322,-0.16968037547832998
2017-06-15,23391.478515625,11.329999923706056,1.0,1.0,1.0,0.3100246623802061,0.4077330486120938,-0.25664908651566054,-0.8385350374396366,0.34432636590312177,-0.3536805285246893,0.19236935422866097,-0.06657215213387141,-0.89174090687149,-0.7662776563576931,-0.4386228838480827,-1.2150184263558719,-0.3473493296255261,-0.22650502937623604,-0.19437380589576408,-0.26568655263431273
2017-06-16,23502.4765625,10.920000076293944,1.0,1.0,1.0,0.28592221960976527,0.38646721551278085,-0.2703436183020386,-0.8355304301462794,0.5674734364174158,0.23800136894293758,0.037942235918671324,-0.026221079322131996,-0.8912388658049328,-0.7570068262078647,-0.478586746060514,-1.2408042088421962,0.28223142402619483,-0.04499717125211996,-0.023779423730347023,-0.3199652996507295
2017-06-19,23741.875,10.630000114440918,0.0,0.0,1.0,0.2991453879679414,0.37225384657834315,-0.17936267386021898,-0.8298018439064133,0.9835621437369076,0.9727931523924555,0.30655697594538,0.11238976755704634,-0.8901528488036295,-0.7435840898532123,-0.5346116697281577,-1.2145152229691283,0.6480029704458248,0.6485131777144286,0.3332147755946725,0.26058577088374013
2017-06-20,23697.673828125,10.65999984741211,1.0,0.0,1.0,0.29662119759551286,0.36034878933834374,-0.14958409248549087,-0.8251746110397271,0.8418482811054868,0.7241937175616162,0.6908173121340437,0.11209312503458953,-0.8958575358621076,-0.7227140400924398,-0.6544616952034533,-1.248596431487176,-0.16460648847506035,0.33717947545842963,0.43738270550585623,0.19566576171978528
2017-06-21,23708.474609375,10.920000076293944,1.0,0.0,1.0,0.290484543923387,0.34952563586702967,-0.1356268961965106,-0.8208522608783853,0.8609783602649088,0.6917250317755336,0.8525690265384399,-0.014477300697848873,-0.9122247285513561,-0.6899270517275693,-0.8750982964405485,-1.2678088734537305,-0.0075342882603898756,-0.1195652098287072,0.2722090975105548,0.18279338891698066
2017-06-22,23735.82421875,11.210000038146973,0.0,0.0,1.0,0.28420410732565793,0.3395375670785068,-0.12485381159047443,-0.8165976764287596,0.911815346988426,0.4311162450998141,0.6594621300171919,0.03812595713134735,-0.9094731545770555,-0.685516787940836,-0.8822587147830795,-1.2696861375358235,0.039689051929605965,0.022777427555257832,-0.07454485043654586,0.35307065016549277
2017-06-23,23542.4765625,11.5600004196167,0.0,0.0,1.0,0.2429878008291734,0.32282176707249877,-0.2116455096137051,-0.8151793922945799,0.2600881729473233,-0.6500154369645166,0.16955890278165608,-0.27094391679624635,-0.9090181075083491,-0.6835796237188108,-0.8888078746647136,-1.248813109790973,-0.5923595250269394,-0.3846987534967454,-0.3183746390636374,-0.031705017092954056
2017-06-27,23215.98046875,12.510000228881836,1.0,0.0,1.0,0.15381747916028385,0.2905720882389935,-0.4120417021401919,-0.8180014575322777,-0.5862670236202036,-1.316596277474351,-0.546404229531115,-0.3668451471063411,-0.9096947579574307,-0.6824242336642968,-0.8970017106892018,-1.1377208273272492,-0.9842552708426898,-1.0981305550379927,-0.875129706544736,-0.749815871784324
2017-06-28,23235.580078125,11.989999771118164,0.0,1.0,1.0,0.08281426922609317,0.24974121905528524,-0.5227441154023375,-0.8203083143978699,-0.5371017118398251,-1.2403319884390063,-1.142272683085528,-0.35588651987834724,-0.9087192727822174,-0.6843986708152786,-0.8838167682240227,-1.1473279493182815,0.018758126608725095,-0.6723351700119267,-0.887060850594356,-0.6691447395289133
2017-06-29,23227.03125,11.380000114440918,0.0,1.0,1.0,0.022403111106697408,0.20428769715523049,-0.5823790600298345,-0.8225029612914861,-0.5579715493288553,-1.273596442161747,-1.364578251261026,-0.38190802413816105,-0.9072199906055485,-0.6886062485030906,-0.8583262014281673,-1.1133746199586965,-0.06331939079218962,-0.03067435955933364,-0.5854949163217589,-0.6936873557919648
2017-06-30,23210.9296875,11.729999542236328,1.0,1.0,1.0,-0.030215159369543488,0.15678577958161447,-0.6088045715410213,-0.8246910509422066,-0.5996052774765371,-1.1603430940858106,-1.308874257035876,-0.3016414604089379,-0.9060905251724808,-0.691109942418245,-0.8420752003242011,-1.110064280501183,-0.08536354308620267,-0.10322099001362943,-0.07310444507159262,-0.748704156207866
2017-07-03,23272.53125,11.199999809265137,0.0,1.0,1.0,-0.06384248951794766,0.11166545975368507,-0.5780805569104681,-0.825896189506129,-0.41746729112920933,-0.936425759741425,-1.200532203189447,-0.34491447531446195,-0.9055115075045455,-0.6930934093469185,-0.8306229974758981,-1.1285853046557337,0.14111652262041632,0.03921945207095408,-0.0033571392972606157,-0.42601188966069514
2017-07-04,23213.9296875,11.279999732971191,1.0,1.0,1.0,-0.10121316531048037,0.06765796521027174,-0.5637244548421642,-0.827723393366125,-0.5843765903045104,-1.1494383057042958,-1.1562700386290385,-0.6058346239123394,-0.9046287520313869,-0.6972970574122425,-0.8078910123280292,-1.1417129060770514,-0.20915550908679922,-0.04703243033708901,-0.08648732624956237,-0.08500729963564464
2017-07-05,23352.328125,11.149999618530272,1.0,1.0,1.0,-0.10994280562824599,0.0306039358782876,-0.474020655249677,-0.8276363928168907,-0.17603077192026303,-0.6463697479476961,-0.973039414559345,-0.44525758332751286,-0.9046670450083452,-0.698108385842168,-0.804443597353689,-1.1612771099559909,0.3641935975332004,0.10839621543797966,0.16977133986450382,0.06696679061031038
2017-07-06,23466.376953125,10.979999542236328,0.0,1.0,1.0,-0.09998336014908941,0.003069091473173504,-0.35121755909551333,-0.8261236585260056,0.12473440462886706,-0.23181030266007083,-0.7218452020573692,-0.3538729534625999,-0.9057052047652304,-0.6983725342434981,-0.8079558355757056,-1.175614076198263,0.2915734060156748,0.4572783997916612,0.25553547697380735,0.22310162466593197
2017-07-07,23448.876953125,10.869999885559082,1.0,1.0,1.0,-0.09629435836623498,-0.018177835540350955,-0.270099718652139,-0.8249750344942323,0.06667044728362202,-0.295421568218907,-0.41738968709500046,-0.39321662567924714,-0.9064783461629663,-0.69872605432153,-0.8098725385245332,-1.2176249707297513,-0.0889233878086873,0.141569762151914,0.3240707536693207,0.22153547350702396
2017-07-10,23674.775390625,10.90999984741211,0.0,1.0,1.0,-0.05907602794302008,-0.027296389441030945,-0.11363655704614473,-0.8210954166001647,0.6066863154691471,0.35515967257870223,-0.06034615142126971,-0.02217542201309709,-0.9068382382861818,-0.6985615030017069,-0.8122341003583784,-1.0815639555725551,0.6109543701114365,0.3640980105393928,0.46473048458373367,0.4282403010236435
2017-07-11,23584.326171875,10.890000343322754,1.0,1.0,1.0,-0.04603064592641738,-0.03182957175051458,-0.054482560906539544,-0.81872257044679,0.30041977103457884,0.0491131514029251,0.03980258234194924,0.19251232616347524,-0.9055377301620725,-0.6983959677971642,-0.8070943622524339,-1.100272893085689,-0.29764776217918065,0.2186695891682542,0.12885987556671655,0.38930819708672626
2017-07-12,23695.173828125,11.050000190734863,1.0,1.0,1.0,-0.020245483778170106,-0.029997490804265642,0.0276330867718494,-0.8151819408133981,0.549146893254287,0.424180399574164,0.2963394604334301,0.27451364460229377,-0.9023155351379347,-0.6988575900262185,-0.7904797671075385,-1.111353489506661,0.27918595254005635,-0.0124896004267369,0.3386912852334104,0.3519091440097278
2017-07-13,23888.373046875,11.25,1.0,1.0,1.0,0.028247874510319907,-0.018265955181116976,0.15534188683198497,-0.8095492786192856,0.926972058501116,1.0778947114218322,0.5539932730275862,0.45665679281401267,-0.8944422544704789,-0.7018799498779486,-0.7414858199577569,-1.112737184558216,0.5115909761483236,0.551346379833245,0.28205169818899056,0.4487057178229185
2017-07-14,23937.421875,11.170000076293944,1.0,1.0,1.0,0.07118807897404415,0.00020956133928309395,0.24234321530174446,-0.8038363335772456,1.0144433701494637,1.2438577061591956,0.9799176755607737,0.5158815435188127,-0.8857865380648634,-0.7036356875905234,-0.6947232692698624,-1.124489030792303,0.10052493900377948,0.42686456386177485,0.5090199655545158,0.5320533747351974
2017-07-17,24014.771484375,11.460000038146973,1.0,1.0,1.0,0.11376285581896961,0.024002902854876593,0.31094629206017405,-0.7976949052070461,1.1505065714436586,1.1791833839453445,1.2490749558755363,0.5283237104998908,-0.8762345803956167,-0.7067784526002021,-0.6378528919528509,-1.151996101821803,0.18010393499050145,0.19590142289675092,0.45254077001075327,0.3425010316178497
2017-07-18,24021.771484375,11.489999771118164,1.0,1.0,1.0,0.14444305907366206,0.04953246559193707,0.3333445691440516,-0.792050358646207,1.1630011095007762,0.9785852510527698,1.213671302094318,0.5892211514814418,-0.8698516836457948,-0.7097129790657729,-0.5961829094624566,-1.1616500219054933,-0.018657023371598733,0.11286155418740501,0.15028632271309658,0.46524280913090493
2017-07-19,24152.369140625,11.260000228881836,1.0,1.0,0.0,0.18499673962249205,0.07854118520871521,0.37822774350380006,-0.785301287894561,1.3894131523242077,1.2578130118127948,1.2186463448338016,0.5779007903535872,-0.8595605853541332,-0.7143985829116145,-0.529307867454015,-1.1846257116541374,0.3288219290792892,0.21648061245522768,0.2804212418782077,0.487080121778131
2017-07-20,24213.068359375,11.31999969482422,1.0,1.0,0.0,0.22177214856007177,0.10953338371465314,0.4038157902343227,-0.7784317700190179,1.4875584920815113,1.0909314607759026,1.187184684264846,0.5267779527666172,-0.8486389635054675,-0.7190767030116845,-0.4597993058723058,-1.2094889897559915,0.1316041922639568,0.3211749082177317,0.25277519145432253,0.31990520591970434
2017-07-21,24256.76953125,11.09000015258789,1.0,1.0,0.0,0.2524806923119736,0.14082803162609484,0.4077175658286819,-0.7716670050763336,1.5578202357239905,1.2128177918794674,1.2706881868405857,0.58196086794134,-0.8378335787362875,-0.7234147183845392,-0.39248208294903947,-1.2099151584674968,0.08373409349157163,0.15041029515188534,0.3111406552819835,0.3125180853546148
2017-07-24,24420.56640625,11.3100004196167,1.0,1.0,0.0,0.29707455948734623,0.17530411247089725,0.448759925802245,-0.763486965297028,1.799291419733366,1.2318991763762215,1.2614499485646915,0.5201124648953985,-0.8222407533753857,-0.7279862615698224,-0.30320463978893214,-1.209259679690224,0.4174119433919364,0.3495464534828545,0.3616391500172843,0.41692157521154605
2017-07-25,24520.4140625,10.90999984741211,1.0,1.0,0.0,0.34192793765081075,0.21238027721231514,0.4823025405552866,-0.7548305191597822,1.9288116175449013,1.0803656295861226,1.2576832477089663,0.6917040414893944,-0.8072206087415336,-0.726260730447832,-0.24512156866316712,-1.2152887647821689,0.23795889452256602,0.4570023719296532,0.42226395534948274,0.5298195661452092
2017-07-26,24670.412109375,11.170000076293944,1.0,1.0,0.0,0.3944028438287485,0.2531499593487698,0.5299510919065119,-0.7451124610795661,2.102758798085065,1.2206051523953678,1.2604594284932533,0.7224322560512083,-0.7904551396811954,-0.7246177060093705,-0.17939272896106367,-1.2112160941052397,0.37465555271312856,0.42721191540678777,0.5880963676238313,0.5499840363305923
2017-07-27,24922.111328125,11.220000267028809,0.0,0.0,0.0,0.46833116006898995,0.301416065739477,0.6266593831709056,-0.7331551335797276,2.3392374142212824,1.1289711561176707,1.223765764263505,0.7667679930503702,-0.7692596738206565,-0.7241294227740945,-0.08972211225560019,-1.1697255035953928,0.6491011099248017,0.7136746897009209,0.7201649110952889,0.7776564379404118
2017-07-28,24811.01171875,11.140000343322754,1.0,1.0,0.0,0.5008625229563493,0.3469157242636658,0.5909705751513672,-0.7237335359943791,1.8694675057542667,0.8556518371286015,1.1436556792981358,0.624732529791807,-0.7559115879818155,-0.7167038246704966,-0.0655213588036551,-1.1582898907708814,-0.34099627244822794,0.21504526274262423,0.3901461761612297,0.5907966149153282
2017-07-31,25103.359375,11.899999618530272,1.0,0.0,0.0,0.5643793285873819,0.3967617321295754,0.6470410433932771,-0.7115333320585534,2.1551196681210496,1.2071355055980248,1.1388537731152182,0.8098508941018913,-0.7365557316556791,-0.7124773396440431,-0.0014665397307081164,-1.1220068263379994,0.75498259456514,0.28881804184481247,0.6069419772418774,0.7393105832941027
2017-08-01,25122.5078125,11.90999984741211,0.0,0.0,0.0,0.6082526823323762,0.44592637081641295,0.6382509793849718,-0.7002542849675336,2.171720416567898,1.2050465655143408,1.1659745272260034,0.8201702948264038,-0.721934765839883,-0.7022598513744254,0.015227214292841712,-1.1418370641893651,0.013246381158947782,0.5356361245521466,0.2444890876907033,0.6404484725388786
2017-08-02,25054.908203125,11.9399995803833,0.0,0.0,0.0,0.6225200160080918,0.48827842538176175,0.5503646288878825,-0.6908994122734522,1.897093273300543,1.0094400694019492,1.2207997705693583,0.6430410968130954,-0.7111704275706197,-0.6907622054967967,0.009756115518885722,-1.1320331028263366,-0.22088558693814492,-0.14429869154379676,0.31295514300117033,0.3784405708595111
2017-08-03,24674.763671875,11.640000343322754,1.0,0.0,0.0,0.5640121906085378,0.5097741712243276,0.2813059536776538,-0.6872153156547581,0.6287449770946044,0.00018115721252390807,0.790522597365753,0.2596014365891601,-0.709688326105144,-0.6761619449540611,-0.048699055349128106,-1.0739583950786697,-1.0738796726323026,-0.9017522774563883,-0.7295414892459596,-0.37958360146886033
2017-08-04,24827.16015625,11.390000343322754,1.0,0.0,0.0,0.53335444288746,0.5204806321301121,0.14211781880003,-0.6819658926834636,0.86782020816409,0.3673072670242649,0.4918699617312285,0.35276990015248894,-0.7082650002327209,-0.6592295223426358,-0.11738110499353949,-1.0643933228896938,0.37862283428291704,-0.4840456077881738,-0.5212678927504545,-0.062987686242228
2017-08-07,24906.060546875,11.899999618530272,0.0,0.0,0.0,0.5132453497919061,0.5247887776202128,0.05957577877736305,-0.6762243423155885,0.9850563091604808,0.49871712278715286,0.30979809956545123,0.27662570897473343,-0.7043710708621252,-0.6468455681899933,-0.15528405117468086,-1.0963575060518604,0.17650291132247584,0.38715674144837225,-0.29474664040634985,-0.3174894122847063
2017-08-08,24599.21484375,12.770000457763672,0.0,0.0,0.0,0.44063911470412764,0.5128648131919262,-0.14982800635827132,-0.6748878021967891,0.17207476195097082,-0.3993226715391736,0.1673756638293868,-0.07258473576082003,-0.7088411613099636,-0.6286064939945359,-0.25396723103376195,-1.0420020804630252,-0.8780024842833097,-0.4883952245606325,-0.1830918084102929,-0.7095937180348935
2017-08-09,24374.31640625,13.449999809265137,0.0,0.0,1.0,0.3406868725541617,0.48216610873781357,-0.3920332185033649,-0.676506364507387,-0.31286967381567343,-1.050374835151199,-0.3380255953328778,-0.39139065848265925,-0.7146883354385949,-0.6134145317476464,-0.34487428316228935,-1.0396745053694014,-0.6604523885627201,-1.0715426810453066,-0.7753903318677001,-0.9029808204087162
2017-08-10,24217.068359375,13.800000190734863,0.0,0.0,1.0,0.23114506252793013,0.434417534970924,-0.6119865818131504,-0.6799479729750082,-0.6142226455445038,-1.0005526404349618,-0.872512716947526,-0.7326588220673972,-0.7179811786412255,-0.6055777328102742,-0.3928469902993607,-0.9531165169686783,-0.47675429288874466,-0.791973554399099,-1.1477630619503028,-0.6402759334252356
2017-08-11,23985.470703125,15.199999809265137,1.0,0.0,1.0,0.10358286446983019,0.3692142139262177,-0.8371631095065918,-0.6859738562894359,-1.0092996420082538,-1.5518212736155044,-1.2833765091745053,-0.8370710896569592,-0.7186591117852236,-0.604226553914529,-0.401580593853164,-0.9338165795498142,-0.6892285510747876,-0.8120233061344709,-1.040157260706724,-1.110076392461202
2017-08-14,24115.46875,14.380000114440918,1.0,0.0,1.0,0.020528293734118786,0.29946920090583956,-0.8957536128612121,-0.689791285229283,-0.731673979139328,-1.2423887569946832,-1.351829145860449,-0.9644564260550592,-0.7197487825530414,-0.6017411152963861,-0.4169713895991691,-0.9527323911289685,0.32769220101031304,-0.2515263156027186,-0.47689045528364693,-1.0435607717759579
2017-08-16,24437.416015625,14.239999771118164,0.0,0.0,1.0,0.0036402545506937782,0.24009805287155392,-0.7619246401955546,-0.6891970705658447,-0.13251369643160457,-0.4760622235097105,-1.1648492039356726,-0.7112912296943098,-0.7221715872148065,-0.5936521336423728,-0.4622301564383701,-0.8839929578196012,0.859813360826523,0.8277665104745062,0.2849860964721168,-0.279009924207316
2017-08-17,24236.96875,14.34000015258789,0.0,1.0,1.0,-0.04381207322072636,0.1825556460227713,-0.7383328010444419,-0.6911798181638881,-0.4896850419171717,-0.9531840214375377,-0.9514360413035777,-0.8239278058584812,-0.7228552859126204,-0.5918064180720353,-0.47310408837458384,-0.8619419255608917,-0.596228503642399,0.18402602757695943,0.3379984189340288,-0.2507546716222057
2017-08-18,24074.169921875,14.56999969482422,0.0,1.0,1.0,-0.10871736007276564,0.12278150297849616,-0.7671235133492521,-0.6950207216469727,-0.7556859759929806,-1.3406917748276925,-0.9864809000317893,-0.6499084091101998,-0.721480705638894,-0.5951003865489843,-0.4530375242979028,-0.8604921290158154,-0.4948608764729829,-0.7598413879885801,-0.1308771374712655,-0.258720650218184
2017-08-21,23936.22265625,14.81999969482422,1.0,1.0,1.0,-0.18262763673692065,0.05931564677540285,-0.8147487889898423,-0.7002303368776558,-0.9681622336108623,-1.6690457046705685,-1.4117774828222909,-0.8918076783826214,-0.7181037934172417,-0.602916201742957,-0.4048880637171057,-0.8395037838127033,-0.4276031228062434,-0.6423518853271482,-0.864736309131735,-0.1436187287510219
2017-08-22,23974.169921875,14.109999656677246,1.0,1.0,1.0,-0.2349398618262303,-0.002531349524574413,-0.7938645420853281,-0.7044666594926471,-0.889313855770393,-1.5787203637636147,-1.6347801253598686,-0.9238778290405795,-0.7156661659714102,-0.611431690093955,-0.3576332670934396,-0.8506198703196516,0.06889216863632268,-0.24955772489101094,-0.48560110943675777,-0.25747761929982055
2017-08-23,24316.517578125,13.18000030517578,0.0,1.0,1.0,-0.22160516184544699,-0.04918603817311862,-0.597874819051761,-0.7039949348048058,-0.24491532049659212,-0.5711128531250355,-1.3604265481676232,-0.38070637214794517,-0.7162516467546589,-0.6135444886870314,-0.3509549247921683,-0.830681596194815,0.9219168945509472,0.6907184950038169,0.3219971889295686,-0.23015521371833855
2017-08-24,24273.91796875,12.56999969482422,1.0,1.0,0.0,-0.21785426512937,-0.08571573764494067,-0.4672564910141202,-0.7041037723898197,-0.32221587935668267,-0.6611964721182839,-1.0011300102512528,-0.226222385887675,-0.7183093042753473,-0.616691747322171,-0.34603880651731217,-0.8690376847708146,-0.157152408867589,0.5332222458712411,0.47616077113411587,-0.03698399747477092
2017-08-28,24376.81640625,12.640000343322754,0.0,0.0,0.0,-0.19864986667627318,-0.11087399461462435,-0.3205581804203369,-0.7029084270163224,-0.13879869412576867,-0.36981879843972143,-0.5701586575196597,-0.0017064866868730536,-0.7248397703991658,-0.6171499809699119,-0.3718579739543104,-0.9160527212556975,0.24810186140769241,0.06374254633110003,0.5783147192641089,0.28988193170697046
2017-08-29,24128.66796875,13.539999961853027,1.0,1.0,0.0,-0.2230614502902198,-0.1361684453111013,-0.3223151597684094,-0.7049470762447385,-0.5939676118180551,-1.0624026167904908,-0.7453026230032,-0.01482978804993822,-0.7295763928641038,-0.6213159385014111,-0.3739498277794341,-0.9220010897530592,-0.7313847130110402,-0.3363530234544371,-0.36410800380586616,0.15623343671805173
2017-08-30,24308.416015625,12.890000343322754,1.0,0.0,0.0,-0.21371151956711668,-0.15442465890617324,-0.23151775283077106,-0.7045314644638705,-0.26739575123977294,0.30345693393824336,-0.4014053237934548,0.02772047495045797,-0.7429278582474764,-0.6179771976611695,-0.44559487005921306,-0.9331257761562701,0.4642817205877601,-0.1857300032747804,-0.009875211790644567,0.33018478945482593
2017-08-31,24318.1171875,11.949999809265137,1.0,0.0,0.0,-0.20490319041605998,-0.16716493793982742,-0.1603589459024792,-0.7040334548129007,-0.24997669884669504,0.47117663446908326,-0.10159188177454898,-0.24220453597676314,-0.7591343757320826,-0.6117788388925582,-0.5421892318286291,-0.9760432999436283,-0.011371970476005197,0.31593788687832464,-0.1577817002926626,-0.08041498427299845
2017-09-01,24433.716796875,11.68000030517578,0.0,0.0,0.0,-0.17987580447979107,-0.17205895289231982,-0.05913751467573114,-0.7021293560349519,-0.03965561699127907,1.0188657150335654,0.640376740065494,0.030165797922164148,-0.7746565223540838,-0.6038477253517296,-0.643642237812539,-1.0070951289451429,0.2827981329727052,0.18948944629140305,0.4203275539602811,0.11314094433635265
2017-09-04,24236.568359375,13.170000076293944,1.0,1.0,0.0,-0.19187547771844216,-0.17851445284944772,-0.07928159157314135,-0.7028854918026368,-0.4320206285646313,0.015062772671233756,0.5375647118853198,0.0014206135328016557,-0.7806172797306752,-0.6034703710368732,-0.6711235068991513,-0.9977855762256204,-0.5870941822355529,-0.2116442145807639,-0.17898266068955787,-0.2543029622491938
2017-09-05,24328.017578125,12.890000343322754,0.0,1.0,0.0,-0.18711757792159472,-0.18267162241015436,-0.04963177482579975,-0.7024197565849053,-0.25641707122129836,0.48068652309018667,0.5409549710105664,0.20303553516876985,-0.7917830817575944,-0.598464025670608,-0.7413341601147839,-1.034718005829036,0.21667562688601028,-0.25771497994438586,-0.0489899015266408,0.16279551136305676
2017-09-06,24278.869140625,13.119999885559082,1.0,1.0,0.0,-0.1915148628518893,-0.18692824758358037,-0.05091481084891196,-0.7026163564302911,-0.3568769215282928,0.23044185059557856,0.2598832037722864,0.12637484431632764,-0.8098292306183026,-0.5879734408597023,-0.8654576282279325,-1.0603021342033254,-0.1753624207152248,0.029158559798382288,-0.310152725439056,-0.11861547458902408
2017-09-07,24304.6171875,13.010000228881836,1.0,1.0,0.0,-0.1911929009923255,-0.1902653895458046,-0.03905293548197606,-0.702470483415456,-0.3027498388937008,0.3681767407268137,0.3857677330396145,-0.1501729910648957,-0.8169510435802404,-0.5844626215243961,-0.9118221938764922,-1.0882642429564147,0.03339274210383266,-0.098543538620204,0.043540136281162406,-0.09892127106315265
2017-09-08,24370.517578125,12.960000038146973,1.0,1.0,0.0,-0.1808286424876475,-0.1907410265824751,-0.002137835374352812,-0.7015098891556001,-0.16097179506580994,0.7046827940841868,0.4656220228231274,-0.056537658514693355,-0.8170229739197881,-0.5844381669795766,-0.912243390553441,-1.1202207018475328,0.1449968175958282,0.1246663209841068,0.002681445810723483,-0.15954686195296316
2017-09-11,24671.962890625,12.359999656677246,1.0,1.0,0.0,-0.12547222131808747,-0.1794027794295292,0.1502682337625604,-0.6968504872045744,0.4095151010802892,1.1013225865569307,0.7760895245709565,0.11376553592903171,-0.8066490530445618,-0.5892077260842931,-0.8462096687126384,-1.0843297482867518,0.7942167945525025,0.6547694353065365,0.5553655296495477,0.44815992184173975
2017-09-12,24784.412109375,11.760000228881836,1.0,1.0,0.0,-0.06537884195836191,-0.15761062778328386,0.2851297632463884,-0.6912209313731759,0.5926015355995004,1.1748331399329044,1.0636611594561367,0.42950324853924776,-0.7953756830762166,-0.5903197102654515,-0.7921572845832022,-1.110109826313407,0.2695937638347685,0.7415821865908097,0.690005941945414,0.4714412186314882
2017-09-13,24831.51171875,11.760000228881836,1.0,1.0,0.0,-0.012591524808479049,-0.1290020198352703,0.3730660671513416,-0.685535305805808,0.6684540604094545,0.8821306433648997,1.126921016037868,0.310957763579089,-0.7836848288596958,-0.5929762601178203,-0.7298043661732823,-1.121058558377644,0.09019111010441806,0.2510532572177644,0.6587653359618577,0.5882713060278734
2017-09-14,24911.9609375,11.470000267028809,0.0,0.0,0.0,0.03914306379047821,-0.09516310572265203,0.4405400994116704,-0.6793796213950158,0.7983886175113226,1.0338118558744251,1.102853555327498,0.3717340932976243,-0.7721016706127687,-0.5987478381817677,-0.6546417650208527,-1.1408961055920934,0.18067626435606898,0.18910011149410688,0.309032090353897,0.6530685871021075
2017-09-15,24844.01171875,11.68000030517578,1.0,0.0,0.0,0.06599978701345613,-0.06240650198383964,0.42657765767698375,-0.6746645679732013,0.5987859778020957,0.7839249458331216,0.9634954487310277,0.2119167527737839,-0.7631470941698558,-0.5999995250498867,-0.6105241867528947,-1.175385722922595,-0.22338310007901016,-0.02938228907465269,0.028023110277221718,0.4910001037941092
2017-09-18,25046.609375,11.4399995803833,0.0,0.0,0.0,0.1158358370838759,-0.025651105068769695,0.4781644465351802,-0.6678511584319938,0.9307180762048738,1.1348536522965817,1.0535907717497417,0.5603569973987816,-0.7502915736131036,-0.6004473317584361,-0.5532144495383429,-1.166639861153134,0.5116757706724236,0.20124116265872902,0.2682797698775637,0.36669638088336665
2017-09-19,25041.259765625,11.470000267028809,0.0,0.0,0.0,0.15022883221018413,0.011034086775317435,0.47725875974070686,-0.6617539095972427,0.9141523132645495,1.116484138707544,1.0830633000249883,0.4743571625542801,-0.7419315422088584,-0.5944214593965326,-0.5433591103332039,-1.203750642043657,-0.05286356778895106,0.32005041274596774,0.13515630132909323,0.22483150671307903
2017-09-20,24964.759765625,11.630000114440918,0.0,0.0,0.0,0.1608809247608272,0.042637250223883406,0.41169759809631645,-0.657199241698475,0.6716073252508081,0.8537980823893844,1.1079729544129235,0.4519965819813755,-0.7374977317975563,-0.5858190563878529,-0.5614424612765982,-1.2370544437281548,-0.24562063226786024,-0.20759481662314327,0.12248035911509589,0.0770913690128153
2017-09-21,24798.9609375,11.630000114440918,0.0,0.0,0.0,0.13869202569329883,0.06322247024723003,0.2695596339467708,-0.6551630618832986,0.1843152607542257,0.28447729412365114,0.8048152284862774,0.2862419233301564,-0.7342651852845257,-0.5827518001226109,-0.5608064585695007,-1.2163945889502576,-0.4897028675419847,-0.5119619991697782,-0.44833018067611,-0.21784145423612528
2017-09-22,24368.56640625,12.8100004196167,0.0,0.0,1.0,0.04919022763076033,0.06074343506778547,-0.02798285221688676,-0.6587324698548893,-0.7819126291503045,-1.193413451954327,-0.018659335426853607,-0.1415965000585723,-0.7346731844357471,-0.5810601136022691,-0.5698248418883809,-1.1451911986305525,-1.2241677631224464,-1.1937633695494128,-1.1160024821246428,-0.6581359563933387
2017-09-25,24164.76953125,13.34000015258789,1.0,0.0,1.0,-0.0562019217824495,0.03644906506135026,-0.3094135294203682,-0.6645244216926829,-1.1310083839864125,-1.491351974538556,-0.8547013436295797,-0.5706470998869152,-0.733345517824808,-0.5852826589743905,-0.5459854832162323,-1.1108647686984943,-0.607198665152829,-1.2756284052733073,-1.3221108853313837,-1.1503839702667602
2017-09-26,24198.869140625,12.93000030517578,0.0,0.0,1.0,-0.13522853965187304,0.0002839161167271738,-0.46255357434755756,-0.6693359996877116,-1.048799341388948,-1.3888340567331707,-1.451233995340293,-0.6349284602442383,-0.734089298489617,-0.5835665456125672,-0.5565499664709305,-1.1191919786027937,0.057110167503455316,-0.3828997656471121,-1.0104139589262822,-1.102001103483321
2017-09-27,23812.671875,13.859999656677246,1.0,1.0,1.0,-0.259151612997127,-0.05488227535729753,-0.7076782221712333,-0.6785452734438681,-1.6237102378333546,-1.8276693575767646,-1.6773451473685128,-0.9995975951073771,-0.7273969537732063,-0.5971912587151369,-0.4692323879903847,-1.0230948241293538,-1.128014718623156,-0.7457776360892516,-0.955604350314024,-1.490209755459247
2017-09-28,24007.87109375,13.170000076293944,1.0,1.0,1.0,-0.3249122316915235,-0.11293651679992484,-0.7449357689798073,-0.6844230906601108,-1.1698998922640393,-1.0704397518530915,-1.5272906555924064,-0.9003101063079866,-0.7251180495384237,-0.603721079207938,-0.43128013996604153,-0.9645420936194746,0.5145305564431288,-0.4270706078991182,-0.31619100750446977,-1.0483979733736462
2017-09-29,24052.720703125,12.489999771118164,1.0,1.0,1.0,-0.36812657983836333,-0.1685282332151439,-0.7131677447165914,-0.6891771887492729,-1.0695549598605878,-0.9720901351840676,-1.378722156084702,-0.8072600819859852,-0.7238779023686108,-0.6101101274319867,-0.39831665889844514,-0.9823899707410162,0.08801089117619752,0.42019356674914027,-0.2985768323199217,-0.4711059057886029
2017-10-03,24103.12109375,12.460000038146973,1.0,1.0,1.0,-0.39230635705578326,-0.21812037888127284,-0.6357697459126669,-0.692844794539492,-0.9536390471720888,-0.8615683454290636,-1.0343087877645916,-0.9291805029404219,-0.7231941499658984,-0.6126087557496263,-0.38456444688519226,-0.9998933630181017,0.10337461088564583,0.13372122598820083,0.40334547862870934,-0.15848969735455434
2017-10-04,24113.021484375,11.800000190734863,0.0,0.0,1.0,-0.4077009745103228,-0.26105308098250657,-0.5498589988565167,-0.6960386196723348,-0.9298534566038734,-0.8398580198228587,-0.9521067923178917,-0.9165892214863173,-0.7225768920563777,-0.6161277553965921,-0.3666561603008993,-1.0304885666098773,-0.010582275356456863,0.06502657252442007,0.1040182036777649,-0.18827093954323332
2017-10-05,24057.771484375,11.710000038146973,1.0,1.0,1.0,-0.42633822541433486,-0.2993446821594014,-0.48998606147256224,-0.6996229697285576,-1.0336011992318932,-0.9610143999270849,-0.9481583115291187,-0.9011345245511456,-0.7216770234495511,-0.6200238644429643,-0.34588855338846836,-1.0639585068031836,-0.19376009882261913,-0.14200162865126983,-0.05659821528791168,0.22275371731174312
2017-10-06,24189.71875,11.119999885559082,1.0,1.0,1.0,-0.417705557020337,-0.3281504580138112,-0.36761332387708107,-0.7012068834311456,-0.6973044985771603,-0.6716704529990163,-0.8804600357315115,-0.6546612717703949,-0.7215611543083282,-0.6216806788006307,-0.33818753490632875,-1.0863131976470477,0.3320527709186368,0.09672886957872336,0.0737539801609975,0.14247274509148058
2017-10-09,24251.619140625,11.390000343322754,1.0,1.0,1.0,-0.3988811666769605,-0.34721002245005983,-0.24188145217608797,-0.7018616292283812,-0.5453594947924543,-0.5341411453301799,-0.7714724897374883,-0.24047162686473708,-0.7217212405868435,-0.6231023529741225,-0.3326816557567829,-1.1157663330714238,0.13469668202356766,0.32558068083061864,0.15656657164014684,0.16301212563759254
2017-10-10,24347.166015625,11.109999656677246,0.0,1.0,1.0,-0.36696643345773344,-0.35570143888729167,-0.10554611413350462,-0.7012526373924489,-0.3153088384521446,-0.26731886969193114,-0.5241712125907384,0.01823026518956553,-0.7244067273214122,-0.624634767534489,-0.33744983505453685,-1.1512850728294668,0.22791737218671512,0.25302448468863536,0.39693313795098867,0.217804625072563
2017-10-11,24107.169921875,11.729999542236328,1.0,1.0,1.0,-0.3782126601916337,-0.3648753580963726,-0.11435080215677111,-0.703719291571137,-0.840652976702185,-0.7637733619094779,-0.557005743029138,-0.21931596231725875,-0.7291421871498981,-0.6287337577967815,-0.33978294567789596,-1.1007254637627852,-0.7093252945471242,-0.33504666907773906,-0.19667806263861004,-0.08960687025830932
2017-10-12,24360.966796875,11.039999961853027,1.0,0.0,1.0,-0.34507190966979284,-0.36519871486483396,-0.00017333016062496138,-0.7027598521741293,-0.2663325083086369,0.29627497592733254,-0.26096380762756843,0.34251672151619267,-0.7352836374954029,-0.6285997880310243,-0.36660683980371706,-1.0510741565044555,0.6709128945500334,-0.02639014687671707,0.10897841338009541,0.2908053994381944
2017-10-13,24688.86328125,11.260000228881836,1.0,0.0,1.0,-0.26581670408751623,-0.34867935613719725,0.21710762681776083,-0.6977689051276107,0.322727908095004,1.0815309571564875,0.21989886240536402,0.4544030445245714,-0.7399664113899269,-0.6266841656735211,-0.3950013603276325,-1.0039181926536263,0.8671431524863233,1.0720120799112673,0.47335288550974336,0.5262180330061338
2017-10-16,24702.763671875,11.3100004196167,0.0,0.0,1.0,-0.20098154859692355,-0.3217384981487427,0.3515511097029661,-0.6930785065716,0.34535030228327374,0.8816229222431066,0.8064798402956409,0.42633491442395455,-0.7428973123664817,-0.6255067612660482,-0.41269246713805857,-0.9770700502058005,-0.00027418369244135095,0.6043634043414119,0.8775295194832945,0.4668376964355901
2017-10-17,24645.3125,11.609999656677246,0.0,1.0,1.0,-0.15946452296137084,-0.29139680561438175,0.3954238797934473,-0.6895571883328628,0.20545049582901528,0.7331077550647778,0.9622099833796447,0.3313975700803135,-0.7528224464753673,-0.6204902130731423,-0.4771572219039624,-0.9896223198953744,-0.19609569322033837,-0.13644680212312502,0.38331322496428377,0.2802934492707531
2017-10-18,24313.466796875,11.539999961853027,0.0,1.0,1.0,-0.1800747662928467,-0.2714865665376484,0.26085198190240266,-0.6905437729880173,-0.5062219336552716,-0.12473584444003302,0.532177919437383,0.034252720756050827,-0.7680076177157538,-0.6143362630761876,-0.5693865855979903,-0.9597559227380631,-0.9565465930958569,-0.8027282909034282,-0.6562349422940632,0.17152861444988798
2017-10-19,24009.470703125,12.399999618530272,1.0,1.0,1.0,-0.244722000295324,-0.26924396397430633,0.03292905759335916,-0.6952587629008525,-1.018736069641724,-1.6458517689881247,-0.3688625109163888,-0.18198508088631446,-0.7830935518160268,-0.6113266186130014,-0.6478221377862403,-0.9276673498241695,-0.8905577988441622,-1.286593809856566,-1.1637185768942389,-0.515439308789798
2017-10-23,24088.62109375,12.329999923706056,1.0,1.0,1.0,-0.28255453687890025,-0.275458894885683,-0.07617810909180948,-0.6985294902806185,-0.8518794786475254,-1.3429968724875538,-1.1089902809626013,-0.22748662963323313,-0.7951009094476471,-0.6082628387219131,-0.7133706151875531,-0.9434034525974954,0.1845126393603707,-0.49156235573174356,-0.9467624331554255,-0.8157621185140235
2017-10-24,24221.869140625,11.59000015258789,1.0,1.0,1.0,-0.29039380195787023,-0.282090384051931,-0.08155195609864417,-0.6998132944570133,-0.5783074084194836,-0.8910612034833179,-1.3821839685983046,-0.16562174355295323,-0.7966206090835949,-0.6086341322599731,-0.7183890216324734,-0.9513627933360409,0.33521694719287554,0.3624945162095671,-0.2104253319070839,-0.66816303360988
2017-10-25,25035.609375,11.760000228881836,0.0,1.0,1.0,-0.16705103996617246,-0.26128435290889135,0.27240822753665167,-0.6907430791702877,0.6229468859612924,1.0147938452382803,-0.4336683306064583,0.45253298427962235,-0.7753352520087634,-0.6192559593287502,-0.5797122342142713,-0.7560056751580989,2.199576152807625,1.766487253555303,1.5510272911633671,0.38581109462189495
2017-10-26,25021.908203125,11.619999885559082,0.0,1.0,1.0,-0.07316401271922983,-0.22476397942985255,0.4751325056878133,-0.6827089687871442,0.5971830821192725,0.9139703882668065,0.370936660683812,0.655111856203843,-0.7587996835771407,-0.6255492081972523,-0.48086111048672675,-0.7590741194387768,-0.07547190198961297,1.480340361552542,1.4028296856602456,0.7734392795945022
2017-10-27,24839.26171875,11.479999542236328,1.0,1.0,1.0,-0.030136986735832226,-0.18643901281891073,0.49841282071464765,-0.6777365598928359,0.2548147144675012,0.4440221381675433,0.8468916021488179,0.2714528903310597,-0.7524951746951932,-0.6184220809728643,-0.48474535387048456,-0.791327802669825,-0.5345911387241951,-0.4246869462129733,0.9070176081004531,0.9300465590520647
2017-10-30,24988.259765625,12.109999656677246,1.0,1.0,1.0,0.024988961284297152,-0.1441090730909998,0.5500793344504741,-0.6713642520987054,0.4465211500488659,0.8273931712138188,0.7800835804671711,0.11416596542052941,-0.7418496825276183,-0.6164523443153493,-0.4476002199450568,-0.8114414100305533,0.36665900928020034,-0.11663284060469944,-0.13779040373714924,1.0101817252122935
2017-10-31,25019.05859375,12.4399995803833,1.0,1.0,1.0,0.07027724162582773,-0.10065775400426061,0.5645457891191682,-0.665211574521104,0.4862314710705071,0.9066383613524631,0.7774697253377073,0.12835589992851348,-0.7319325360822235,-0.6139086770879197,-0.41620761212960533,-0.8678861084125329,0.04503001393704092,0.2872174019894825,-0.06910133743289837,0.8825141898986917
2017-11-01,25490.15234375,12.140000343322754,0.0,0.0,0.0,0.1769575636216532,-0.04331285533402285,0.743781154607429,-0.6537214592291146,1.020713351409961,1.2176431933784395,1.0532643162534319,0.5783273336149523,-0.7087399827627927,-0.6196261167877735,-0.29263894447069383,-0.800326640967892,1.2250331192117512,0.885288384976916,0.9339279206039149,0.45376467399083775
2017-11-02,25427.005859375,12.010000228881836,1.0,0.0,0.0,0.24605177063295275,0.01719006061394911,0.7845214388222471,-0.6441196276629404,0.8908021566544501,1.0023898215815712,1.1156503245900837,0.8196847288083774,-0.6918807870856497,-0.6196962617636885,-0.22102605352422725,-0.8387338620161994,-0.20638746001573707,0.7101136050675446,0.6072772891828957,0.3961684671600327
2017-11-03,25650.400390625,11.90999984741211,0.0,0.0,0.0,0.330216218527619,0.08340970659009345,0.8582706256203109,-0.6326233530672235,1.1190529809741097,1.2532205110612318,1.2392062717218029,1.2920735019434582,-0.6717089228053285,-0.6195067473603785,-0.13703159709583668,-0.8421704765726021,0.554048870550176,0.24260625072980865,0.8974306010463611,0.8751148665325416
2017-11-06,25570.853515625,13.020000457763672,0.0,0.0,0.0,0.3773301545321338,0.14635927546310418,0.8160847036098973,-0.6232221629296913,0.9477018313146595,1.1070291003043184,1.199772535600732,1.1493327398656359,-0.6565047007431519,-0.6169486056544834,-0.08457030365748291,-0.8860436779210403,-0.24876180741526224,0.21308198233743667,0.057331116689905884,0.6043609150480255
2017-11-07,25300.505859375,13.239999771118164,0.0,0.0,0.0,0.36471118948041986,0.19404754069994287,0.6192048917070364,-0.6181156034675072,0.40299327014299474,0.6098261822014587,1.0598242655763181,0.7931223812435167,-0.6495110190456159,-0.610244230697364,-0.08450679540316786,-0.8421755872022709,-0.7582675731352828,-0.7012726986630459,-0.25725416928295936,0.2509507117895922
2017-11-08,25184.056640625,13.609999656677246,1.0,1.0,0.0,0.3297698725729884,0.22480120081340066,0.40073850437705166,-0.6149595843806633,0.18676124271508068,0.3958455511192077,0.7541715500176198,-0.015683013498448427,-0.6451682689864104,-0.6036008087307506,-0.09519579591643774,-0.8406963522613157,-0.3508460065970351,-0.7723997243337003,-0.7730665838554579,-0.44235619106390395
2017-11-09,25291.0546875,13.270000457763672,1.0,1.0,1.0,0.3130673234078204,0.24586825886099387,0.27577562845437376,-0.6107587736724762,0.3338295894373008,0.5924592325216929,0.5707282669958305,0.0854538789743166,-0.6426992531592174,-0.590360159393443,-0.14206929766008525,-0.8684714811676809,0.24874854668859453,-0.07076262496302317,-0.4894734024749142,-0.2421194279661342
2017-11-10,25498.65234375,13.479999542236328,0.0,1.0,0.0,0.3267507118110138,0.2656186297849841,0.25878958850589595,-0.6043477626836039,0.6034499951396454,0.9478147221132034,0.6912206068452822,0.41628927442495517,-0.6351587424534069,-0.5830408611023673,-0.1422607090695915,-0.8515227780485585,0.5152735276815105,0.5327049718076876,0.23647645850850976,-0.2591786125387784
2017-11-13,25358.005859375,14.050000190734863,0.0,1.0,0.0,0.3090233822379166,0.2776661141263126,0.15941781151634546,-0.6003157755049229,0.3221415412687542,0.36136302120777475,0.6789276435571118,0.17010902015981821,-0.6298606648854032,-0.5796385225443559,-0.13492733019095443,-0.8619299491655875,-0.4130099283079142,0.07162566260882126,0.2010414888045419,-0.33143945674353276
2017-11-14,25284.306640625,14.170000076293944,0.0,1.0,0.0,0.27747367398143397,0.28062514096936647,0.04217135306135391,-0.5975944614004409,0.17711926976338413,-0.166171600099186,0.40847704150919595,0.08221477556096536,-0.6262036713962468,-0.5756906813184565,-0.13673457013917,-0.8994055644443293,-0.2355254760440027,-0.4514925127750013,-0.07500665699549933,-0.101459442166279
2017-11-15,25218.607421875,14.270000457763672,1.0,1.0,0.0,0.23671890015938404,0.27436472228848546,-0.07676492812885866,-0.5959584044994809,0.04615705219317424,-0.4061417146191935,-0.07420612626540377,-0.3631233212663477,-0.623983269622593,-0.5703506543844338,-0.15043069443936846,-0.9432146973602091,-0.21461225063411238,-0.313259203154037,-0.4910595656626624,-0.041523497927994084
2017-11-16,25446.3046875,13.460000038146973,1.0,1.0,0.0,0.23560600132156248,0.26912079063199607,-0.06365164639782955,-0.5916151579297755,0.3925974787133485,0.4153806128637421,-0.05494894667771922,-0.12401635960677469,-0.6226281372162414,-0.5566273284760008,-0.20344411438908747,-0.9462163708061212,0.5703763530538055,0.24825179018001575,0.06949488663548564,0.09997642719359265
2017-11-17,25728.1015625,13.710000038146973,1.0,1.0,0.0,0.274118008382589,0.27307849974375065,0.055054942949867514,-0.5841423152377772,0.7610726971852645,0.6763977844133814,0.24542560641198394,-0.07644924558208739,-0.625564621569982,-0.5305865117669825,-0.3261426008564332,-0.8885895521997293,0.7075188350913991,0.8907453585462565,0.6070534201848785,0.1845546137344277
2017-11-20,25768.30078125,13.43000030517578,0.0,1.0,0.0,0.3050369013845784,0.2827900863253063,0.12928335363960267,-0.5768757176083682,0.8102758238396934,0.6996673043586074,0.6396446416433379,0.0218663793765151,-0.6320226564736035,-0.5013833613624737,-0.4758604901502449,-0.9422566885398318,0.06734460394197275,0.5402586777571676,0.7677757865471037,0.39588624924605464
2017-11-21,25757.201171875,13.720000267028809,1.0,1.0,0.0,0.32154348303735547,0.2940537400108021,0.1493059340671421,-0.5704407404201903,0.7837979807277856,0.6545094829678507,0.724893677282012,0.23828900119346585,-0.6428709191302909,-0.46951803429500993,-0.653899086462439,-0.9851379439670812,-0.06757626602076207,0.00021222986528658135,0.4041270477398766,0.4697753849868105
2017-11-22,25766.3515625,14.039999961853027,0.0,1.0,0.0,0.32977201788441707,0.30480661441686036,0.142716580309631,-0.5645035636341966,0.7965579635558063,0.6917370728351203,0.7303621075253675,0.3445329145420399,-0.6368293223247955,-0.4660699975939713,-0.6431073597050632,-1.0184988378885529,-0.014339482666803268,-0.056701045369027925,-0.007350010275915826,0.5578852471020573
2017-11-23,25735.951171875,13.869999885559082,1.0,0.0,0.0,0.3251676948897508,0.3124341951975835,0.1023984504980464,-0.5595140786497247,0.7143978207500618,0.5680556563390577,0.6834427787651118,0.2286555943961539,-0.6329312656565055,-0.4606033827691638,-0.6495987160242199,-1.0340084647605319,-0.11835271613605391,-0.09207946729683728,-0.1132020660982038,0.25487938196622845
2017-11-24,25779.3515625,13.510000228881836,1.0,0.0,0.0,0.3222303669257796,0.31791443797616253,0.07469652463163894,-0.5544540777896951,0.7834703247573271,0.7446264726550877,0.71556933237678,0.09073306309790057,-0.6331168852952755,-0.4478448091919556,-0.7031282998529582,-1.0799017369090433,0.07572314364945769,-0.029328456020768872,-0.03151786567279997,-0.023078684040253514
2017-11-27,25891.6484375,13.029999732971191,0.0,0.0,0.0,0.3315258944040602,0.3242664621883839,0.08594301895267889,-0.5484639908559703,0.9595106965348795,1.1746136741039455,0.8877140197695067,0.3010100753758944,-0.6295716687184699,-0.4394785507208287,-0.7229201469008422,-1.0787869765524298,0.25599386272417424,0.23149700901425038,0.12257881356268245,0.05991742345927913
2017-11-28,25846.099609375,13.149999618530272,0.0,0.0,0.0,0.3253424038488227,0.3280390586778629,0.05266688101732836,-0.5436171071932097,0.8182896615148322,0.8898446344300722,1.0024312433714508,0.3256227258188622,-0.6288229669607245,-0.42920802822374937,-0.7620411090273137,-1.1078913318000811,-0.157649714848613,0.0688947901569541,0.10017855436872412,0.020289673580866023
2017-11-29,25795.3984375,13.0600004196167,0.0,0.0,0.0,0.3062872994764813,0.3270232382857044,-0.009106519043646032,-0.5398693344938016,0.6586348157214956,0.678675087713444,0.9789196867665859,0.3392963793403053,-0.6253495964498116,-0.4287609007104681,-0.7494947831301428,-1.143041368239784,-0.17138672922495646,-0.22888205070925782,-0.04068017233099606,-0.048803151071543815
2017-11-30,25332.10546875,13.550000190734863,0.0,0.0,0.0,0.2121292123811649,0.30627765100494236,-0.26363214061039403,-0.5423038145949146,-0.5076794909842677,-1.249896010135071,0.11458610635023156,-0.23395014779516624,-0.624963862929471,-0.43043266869184044,-0.7410355312989862,-1.0501665978086312,-1.2658766047743861,-1.0010376152379514,-0.9081839015838438,-0.5536554713749333
2017-12-01,25191.65625,14.800000190734863,0.0,1.0,1.0,0.1112481161923018,0.2683250131841005,-0.48561323439483595,-0.5462724104180744,-0.7787020593035929,-1.7803218637530378,-0.8373237105853097,-0.5767878335382731,-0.6246624879843742,-0.4368790411896517,-0.7132930565269464,-1.0420604280261796,-0.4149493529478639,-1.1707395390303363,-1.0548510459653193,-0.7695264879776156
2017-12-04,25074.80859375,14.859999656677246,1.0,1.0,1.0,0.009981027433522945,0.2165250216818364,-0.6642522585008144,-0.551332255959931,-0.9908183262249269,-1.662127397620189,-1.6718158169061619,-0.703802183363405,-0.6226513879792428,-0.4456120160391055,-0.6690019131402029,-1.0299829263881555,-0.3532753853206616,-0.5348858919093354,-1.1585320693123071,-1.0375740612006235
2017-12-05,25124.556640625,15.010000228881836,0.0,1.0,1.0,-0.06409372791429628,0.15940366716208107,-0.732900977832193,-0.5552846927939303,-0.8687640215616428,-1.2949569577819753,-1.6878799681321972,-0.6545482172172656,-0.6212349425251614,-0.4494449576261684,-0.64732910899904,-1.0210060294753376,0.09584310713299526,-0.17899194640404895,-0.38231822358440887,-0.9260500740969434
2017-12-06,24851.51171875,15.09000015258789,1.0,1.0,1.0,-0.16705709518225434,0.09190960619468622,-0.8667150046689653,-0.5622939010036565,-1.3398331483824841,-1.831302546635188,-1.706054494905197,-0.883837733221678,-0.616104718103987,-0.4592547846394675,-0.5855817218547047,-1.008209965917914,-0.7784748709904479,-0.47524910446367147,-0.5895367413987781,-1.193138071160486
2017-12-07,25056.958984375,14.270000457763672,1.0,1.0,1.0,-0.21582546711964748,0.027590267146732537,-0.825759220730428,-0.5660523265208324,-0.8503510819493922,-1.240733205503456,-1.555828181846261,-0.6927061060182765,-0.6145265771771808,-0.4640339681152404,-0.5592685029924892,-1.0160453130049616,0.5192133172913169,-0.18026649160600763,-0.09219664615996585,-0.40778902698986835
2017-12-08,25320.85546875,13.670000076293944,1.0,1.0,1.0,-0.21233610990674448,-0.023126519623946698,-0.6502782790236445,-0.5661346428293581,-0.31423280692672256,-0.4821484055052244,-1.266063314850935,-0.5125654595705934,-0.6152082200172072,-0.4656973727481436,-0.555180406401918,-1.0038441290441895,0.6711813511433873,0.8297794915313035,0.2357603534138314,0.07005340534841543
2017-12-11,25404.5546875,14.149999618530272,0.0,1.0,1.0,-0.1964351249193254,-0.06033376727278664,-0.4759972618438304,-0.5651567078646642,-0.1596262911875772,-0.24155044806804707,-0.6993193945187571,-0.5340913936987652,-0.6150785267474687,-0.46521087670380623,-0.5566636741326063,-1.046666030441571,0.18511429158386072,0.5969964539162367,0.7850299593710403,0.3069175615579801
2017-12-12,25125.15625,15.260000228881836,0.0,1.0,1.0,-0.2284010788027955,-0.09686664373542801,-0.4672974760682046,-0.5677849909033903,-0.679591332534603,-1.044696455612339,-0.6294326264732183,-0.7243583962177479,-0.6143832789543231,-0.4680650534710205,-0.541952247475001,-1.0331332690162265,-0.787398472921194,-0.4192670366187912,0.04022898918192352,-0.08166394466922604
2017-12-13,25000.05859375,15.949999809265137,1.0,1.0,1.0,-0.2731085968145226,-0.13555736689760142,-0.49513497032473264,-0.5717359057942737,-0.8865856854827899,-1.4042964736701917,-0.9581768449898048,-0.7859358576201524,-0.6127382956005474,-0.47270635594264543,-0.5158895837723728,-1.0131787656400564,-0.3764574095199203,-0.8105413486129498,-0.556950962196633,0.09520335215603493
2017-12-14,25167.90625,16.40999984741211,1.0,1.0,1.0,-0.2809712908003078,-0.1681744496804366,-0.41678142963404596,-0.5732000714703239,-0.5477384193818639,-0.9218092550619835,-1.2006879531454209,-0.2757294334009125,-0.6130358676600677,-0.47611598667926097,-0.5029344321169663,-0.9991395047647851,0.4148060416638702,0.027092996914025152,-0.4260209954035166,0.04926944535116772
2017-12-15,25440.005859375,14.9399995803833,1.0,1.0,1.0,-0.24339391397566876,-0.1863131193548997,-0.23000136697465498,-0.5711034849718597,-0.06486454422252934,-0.13964412601077814,-0.8780383363614769,0.06663810037373726,-0.6166331102392939,-0.476204348147403,-0.5174005742412358,-0.9639968317300817,0.6899121595978536,0.7700845306183851,0.41608252808599866,0.057510051235737936
2017-12-18,25594.25390625,13.119999885559082,1.0,1.0,1.0,-0.18927726997896757,-0.18936775471464307,-0.03540843380087994,-0.5672670996283559,0.17815553782526236,0.5994400893143677,-0.16370965829756634,0.29412680874188973,-0.6195872111205124,-0.4754410422002647,-0.5327708789814145,-0.7055358798933509,0.37101603068221073,0.7395739005681341,0.8421608381268086,0.13929738940052422
2017-12-19,25715.900390625,12.1899995803833,0.0,0.0,1.0,-0.12797390883246684,-0.17883376025298148,0.1398929000193057,-0.5622665339085794,0.3605048273912623,1.2102462985419797,0.5963645217614382,0.35322637625761844,-0.6203961795357854,-0.4751469950007491,-0.5373355279175349,-0.7596797960785533,0.2827469824930184,0.4558821222492818,0.7668839149201746,0.6101071229295405
2017-12-20,25591.40234375,12.1899995803833,0.0,0.0,1.0,-0.10065684117000849,-0.16462363896016757,0.18731710284644174,-0.5593076177374228,0.09937078885361263,0.8048423482821544,0.9330723440841439,0.4838848812301886,-0.6234805461638452,-0.4742595139700189,-0.5537742844129034,-0.7947582074490391,-0.36708561462011796,-0.05838918608014348,0.16436909481645226,0.6142302374436869
2017-12-21,25554.00390625,12.09000015258789,1.0,0.0,1.0,-0.0865070609641857,-0.15026008396003965,0.18929648810445762,-0.5571007410722949,0.021010408896477338,0.6994647450119302,0.9687309637840374,0.27570502251917056,-0.6265449615727037,-0.47348642839714716,-0.5696660821336464,-0.8552484253345725,-0.13744477989651266,-0.35115721981728365,-0.12546611703372682,0.3712678804813004
2017-12-22,25648.251953125,11.59000015258789,1.0,0.0,1.0,-0.06201995020875817,-0.13358540601292881,0.21911133629396065,-0.5539189933645978,0.18438830132861328,0.9650275320290951,0.8813108904293341,0.13099347438536432,-0.6292195124334599,-0.4724414856449377,-0.5850845732066924,-0.9056664502919733,0.21094005152109788,0.05158136973385066,-0.16639784002505634,0.1605444415033996
2017-12-26,25674.951171875,12.050000190734863,0.0,0.0,1.0,-0.040393098029858195,-0.11566733623998693,0.2351518237010101,-0.5507045604015409,0.2312911384136095,1.040257939210209,0.9652361483548528,0.08309022160733191,-0.6345139081353106,-0.4698006722760358,-0.6180073798275214,-0.9443284504748914,0.032070955926387174,0.16969122601029552,0.06113125716152271,0.011425796445010176
2017-12-27,25495.75390625,12.489999771118164,0.0,0.0,1.0,-0.05380826564391975,-0.10417282352382921,0.1522841516307505,-0.5500494424747155,-0.18195847746852303,0.5353336796301056,0.9067237025926284,0.16912994229479475,-0.6418283796167807,-0.4668334474136844,-0.6607109174689855,-0.9392922287983032,-0.5127619069857794,-0.3345471203077833,-0.15280876884973021,-0.3385577748355005
2017-12-28,25489.703125,12.300000190734863,1.0,0.0,1.0,-0.06714866510751155,-0.09780132830250847,0.08619420644625395,-0.5495327976389812,-0.19557876678312422,0.518284389107275,0.747460531668537,0.2704487698214716,-0.6483405240138639,-0.46410855603310663,-0.6991248189916429,-0.9824004851965712,-0.0544717300225264,-0.39484561796396767,-0.3041000352182746,-0.20102351819756206
2017-12-29,25539.15234375,12.670000076293944,0.0,1.0,1.0,-0.07150326600048605,-0.09362598559196066,0.057862544647313684,-0.5484435958021076,-0.08932693548436738,0.657617487059831,0.6110498610206798,0.16914482103312173,-0.6460649176153149,-0.46372122596944176,-0.6912524711035927,-1.0309589039791864,0.09286775853807579,0.027126020270884107,-0.2694443571440487,-0.09969768038721358
2018-01-01,25317.8046875,13.350000381469728,1.0,1.0,1.0,-0.1115842055675461,-0.09877070327212867,-0.0623717276266694,-0.5502412937925759,-0.5949979548973485,0.03392604259489796,0.43229889088266094,-0.24056383519889085,-0.6459288417729938,-0.46217754371838593,-0.6970863039265475,-1.0158901445270703,-0.627957327867862,-0.37244928292627827,-0.3351085902980822,-0.4687699870069131
2018-01-02,25337.955078125,13.6899995803833,0.0,1.0,1.0,-0.14101546788677116,-0.10911697060255679,-0.12947478390289385,-0.5516144168200371,-0.5466675813914875,0.09070381222822288,0.2798671421737011,-0.3497344619660135,-0.6464946672900773,-0.45806879578663573,-0.7164640790506389,-1.0390653991410117,0.015487407320600248,-0.4263639364335257,-0.2952301552823711,-0.47606590744516075
2018-01-03,25318.3046875,13.619999885559082,1.0,1.0,1.0,-0.16806053103054255,-0.12311932780462219,-0.1766404981425232,-0.5531038449899413,-0.5920262656970308,0.0353348929415231,0.058024455340353734,-0.46386550217627515,-0.6469244861341867,-0.45502980789631425,-0.7308308210523913,-1.0722083898306927,-0.0909421485825967,-0.052199347312906395,-0.40000633913387573,-0.2904866041398838
2018-01-04,25462.302734375,13.420000076293944,1.0,1.0,1.0,-0.1670531475115999,-0.134107954070889,-0.13776159278089128,-0.5526408298710445,-0.23075449139837592,0.44107828944788613,0.20317353912611832,-0.24561636827076477,-0.6518818211567072,-0.44168199012077597,-0.8066022198589373,-1.0951603933654614,0.3457190185736916,0.17788907458906233,0.1550132105993504,-0.11442296834709148
2018-01-05,25601.552734375,13.109999656677246,1.0,1.0,1.0,-0.14482955266986916,-0.13819419937683453,-0.048716810136700206,-0.5504710191166795,0.0845497687181557,0.8334431109829774,0.4679588363686521,-0.10093249669316924,-0.6519815007021496,-0.43429916203598196,-0.8374055348249828,-1.1162618862985578,0.33099310795614645,0.47187188548174924,0.33485924726746635,-0.009659889890031031
2018-01-08,25675.80078125,13.739999771118164,1.0,1.0,0.0,-0.11651439130699763,-0.13546897702414606,0.03915513733152091,-0.5475742818920304,0.24312203019406495,0.7131406898699258,0.7095954506063756,-0.11741400958571988,-0.6484970148204872,-0.43319942139690726,-0.8273962131098356,-1.1391906545944188,0.15774165956995478,0.34089891859239496,0.4766151559235734,0.33600782195054724
2018-01-09,25703.501953125,13.850000381469728,0.0,1.0,1.0,-0.0911089145248012,-0.12791055038497132,0.10150632131269433,-0.5446051172654699,0.3028619241897249,0.7617077296637427,0.8238993009272066,-0.11661975542403168,-0.6448011413100991,-0.4330691776938323,-0.8125368582036763,-1.1554053806867193,0.0346355774316827,0.1344122159463597,0.2992899163169048,0.3444320457997053
2018-01-10,25617.00390625,14.039999961853027,1.0,1.0,0.0,-0.08632884413667521,-0.12085188523359397,0.09505910356121523,-0.5430063335646004,0.04032060161386807,0.2653356932753485,0.6213699723786817,-0.04027589062879337,-0.6455035163745563,-0.4257609959579199,-0.8454647370783004,-1.1693960376868204,-0.26670216828433474,-0.16131843856745484,-0.04141114344390409,0.26710654988494553
2018-01-11,25660.6015625,14.010000228881836,1.0,1.0,1.0,-0.07719311791657128,-0.11327095247912404,0.101796663465083,-0.5410116296911124,0.14616560057895728,0.5155223529330748,0.5509193712402637,0.0005584740393871667,-0.6508905286999785,-0.41129886868000837,-0.9271009845715782,-1.1907066828720911,0.07677324910491833,-0.13195907366254725,-0.08756513586979052,0.1487840495026575
2018-01-12,25748.751953125,13.729999542236328,1.0,1.0,0.0,-0.057704648846263994,-0.10308056693202156,0.13546014249876248,-0.5380985181438346,0.3561088890289598,1.0213764211318108,0.6434908182745412,0.03203701084215868,-0.6519541510238325,-0.40242341303225426,-0.9677369506394546,-1.1939310008981947,0.19386903108926393,0.18894327737298663,0.0032018629121778634,0.08845640921461755
2018-01-15,26068.896484375,14.3100004196167,0.0,1.0,0.0,0.006353810763369935,-0.08136731123379393,0.28411195901577135,-0.5314374339498017,0.9785270216871946,1.2493406211770897,0.9942869021217375,0.48166572537089464,-0.6379359647011649,-0.40867874747624505,-0.8838679109022196,-1.159322126199931,0.7985075642369817,0.6918106708702392,0.6103977019362083,0.3703609141624865
2018-01-16,25974.59765625,14.09000015258789,1.0,1.0,0.0,0.039073477049289436,-0.057070070106210145,0.3174468940527482,-0.5265964270090867,0.6728067030543026,0.7499168483180136,1.0778481412221443,0.38653142367932863,-0.6303145480935699,-0.4115660543315792,-0.8404539488850211,-1.1686475154265235,-0.2838342048176354,0.3589715968936261,0.40484255269386077,0.23025035950914055
2018-01-17,26288.794921875,13.859999656677246,1.0,1.0,0.0,0.11145504312696963,-0.02230935801132039,0.4524318366897302,-0.5182658358364642,1.1718186067113439,1.1966812342020405,1.1403440090383088,0.6632185043865348,-0.6132716913093798,-0.4217330584168827,-0.7284171766365369,-1.1145804806717399,0.7759548192261193,0.3432580027606573,0.7366458189625096,0.6889665610949868
2018-01-18,26537.091796875,13.960000038146973,1.0,1.0,0.0,0.20366627177439617,0.025019999646976897,0.6145747724041047,-0.5076066157004547,1.4789707653687507,0.6420458955971821,0.9238444718573712,0.7445017425810462,-0.5889421135536501,-0.43453822788726865,-0.5759370508872763,-1.0088113036377033,0.5982956236132241,0.9578807500080667,0.6225200711795508,0.9184099595876153
2018-01-19,26909.1875,13.979999542236328,1.0,1.0,0.0,0.32993674783119653,0.08961449486757576,0.8373052230116359,-0.49328392738352855,1.8378963125039094,1.243716241326973,1.0998831159351394,0.9302528196913341,-0.554746256341613,-0.45218883620041783,-0.3640037253926549,-0.9328979511903441,0.9046778608943958,1.04756835261972,1.3000012834681924,1.2311297997341066
2018-01-22,27040.884765625,15.390000343322754,1.0,1.0,0.0,0.4434430650311406,0.1653189732661262,0.9806305542195594,-0.4786693783722198,1.9444762213769002,1.2733067796950024,1.127199992628943,0.974038783267892,-0.5231831393442079,-0.4665855468363727,-0.1772334768230972,-0.9496864934670081,0.2922680470092271,0.8343440586397823,1.0242878849566126,1.0084100834544099
2018-01-23,27390.28125,16.229999542236328,1.0,0.0,0.0,0.5800762190701069,0.25480730702106186,1.1584504125067152,-0.4610534730828821,2.1879938773799066,1.2867537734490442,1.3570372549870975,1.2350703116553918,-0.4846588510048199,-0.4839495182569517,0.048502097935308915,-0.9210799447666952,0.8311215759438534,0.7830938180555413,1.1570044243909123,1.4989340878139583
2018-01-24,27398.232421875,18.040000915527344,1.0,0.0,0.0,0.6792851619670827,0.3474001531376351,1.1985004517681475,-0.44501529714738985,2.193057992455315,1.2019864726951925,1.3421606634164711,1.3169639550653376,-0.4531815760129994,-0.4914422855322773,0.20387984719019703,-0.9308737463451057,-0.018737972101183904,0.5664008010921139,0.630634607850957,1.1493095583359372
2018-01-25,27445.33203125,17.510000228881836,1.0,0.0,0.0,0.7542323764304892,0.43734048782960816,1.1642814910033714,-0.4299123486286988,2.224519178819275,1.2087816593388794,1.3191575677114893,1.3173481069934332,-0.425479716399259,-0.4942762693552337,0.32398204812964493,-0.9065399581258393,0.07793427876102392,0.041618585519813116,0.5084590697673869,0.9203769540164293
2018-01-29,27498.12890625,17.889999389648438,0.0,0.0,0.0,0.8102178185092268,0.5211446738468271,1.0851215564594956,-0.4155839223524973,2.2606554284174973,1.0986566512938436,1.252101263455297,1.283591171942196,-0.4003990926985565,-0.4943241597035103,0.42143763620122116,-0.9219226741610808,0.0917687616262501,0.1186140005753366,0.08700971691389507,0.5627381727896177
2018-01-30,27268.734375,16.420000076293945,1.0,0.0,0.0,0.8060914338092504,0.587314481747597,0.8576276850734713,-0.40550445367901095,1.5326737582584224,0.7448600644259207,1.089136476087882,0.8244278889833241,-0.38646350512452027,-0.4828238511239326,0.4272723691701053,-0.9326785297412079,-0.6057699939407398,-0.3577560130543462,-0.24761302464813997,0.16764697409371968
2018-01-31,27379.130859375,15.93000030517578,0.0,0.0,0.0,0.808640804150159,0.6407900206701166,0.693864133265316,-0.39499683848971373,1.6438721086574561,0.9141834341947835,0.9841127096833279,0.993046119358562,-0.3730713426586628,-0.46954906231718363,0.4236313139598239,-0.9179166182976737,0.23524677082129777,-0.25778790706940524,-0.15794102138977634,-0.09450772347290466
2018-02-01,27220.3828125,14.109999656677246,0.0,0.0,0.0,0.7738365495839699,0.6762025153405542,0.46084021607425796,-0.38748600410447515,1.1817370182472435,0.660726645805198,0.8279914072705638,0.602564001919817,-0.36665328727338203,-0.4508396466655156,0.37095410038697085,-0.8356254988225794,-0.43223850357316235,-0.13688007932552548,-0.45663809609104644,-0.27642698879471744
2018-02-02,26450.84375,15.25,0.0,0.0,0.0,0.6135901371206399,0.6706089175133145,-0.06816254609338074,-0.39036646594715024,-0.40366302812877397,-0.8395295685441063,0.26315919680679456,-0.20801620062178366,-0.37015921664977836,-0.4339610558491321,0.2881747652036124,-0.6722633137515082,-1.9807148561707082,-1.6808483015534987,-1.2403906039257357,-1.1821282144956646
2018-02-05,26098.447265625,16.049999237060547,0.0,0.0,0.0,0.42284407002292534,0.6257537776618483,-0.574659578917295,-0.3974035373780062,-0.8913467597333327,-1.5988064833284796,-0.6327174363462835,-0.7711880438813967,-0.37345335449458367,-0.4238748940242446,0.23425494892656204,-0.6175956049827679,-0.9467870938379706,-2.0393593256092086,-1.9141790817194562,-1.6390401259487173
2018-02-06,25811.0,20.020000457763672,0.0,0.0,0.0,0.22064522948158946,0.5470648929304684,-1.0111348294416722,-0.407384696685263,-1.2295890197437105,-0.9593707021655642,-1.2102793864995678,-1.092883840304105,-0.3747033223934454,-0.42076068880257633,0.21673313684958537,-0.391686582376153,-0.7884937838863623,-1.208680929803113,-2.117253384584207,-1.719429327639447
2018-02-07,25669.701171875,19.46999931335449,1.0,0.0,0.0,0.03488543763835448,0.44478910022994395,-1.3154198443422769,-0.4181919231229941,-1.3830302382920059,-1.1355347659535897,-1.3158047361246787,-1.4560882866987672,-0.374350572388887,-0.42158135597519236,0.22143932429991176,-0.36103969909811484,-0.41018535430177117,-0.834804404260223,-1.222012804738856,-2.0033867329649118
2018-02-08,25920.349609375,17.770000457763672,0.0,0.0,0.0,-0.07390643902088763,0.3399376140830385,-1.3486478079115896,-0.4248183033822211,-0.9536069573356651,-0.8230392702863715,-1.0392450435909035,-1.2701072981587047,-0.37713744880222533,-0.4146125107701476,0.18229620066659463,-0.34199756710274604,0.6197222690264749,0.14636819784845548,-0.3290638033510613,-1.5405773377328307
2018-02-09,25463.353515625,19.229999542236328,1.0,0.0,0.0,-0.23304281311496391,0.2223678227627228,-1.5127214408042164,-0.43655974664980346,-1.4431745540899765,-1.3927983410341747,-1.1937612599582954,-1.6530056773066628,-0.3745246353317639,-0.4199813049616664,0.21423623427374766,-0.30609913638775216,-1.2431549828149124,-0.4340022475780178,-0.5882319086796208,-1.216088394963896
2018-02-12,25701.30078125,17.8799991607666,0.0,0.0,0.0,-0.3199307755342936,0.10991811818465791,-1.4466693040554612,-0.44419107185079143,-1.064855188507264,-1.0961380089140367,-1.1797163830538429,-1.5090239704720017,-0.3740602533798477,-0.4211011591181748,0.2205920696931807,-0.3494885011818935,0.5915673508310528,-0.4536191481884227,-0.017208141512211776,-0.5392904489431294
2018-02-14,25340.955078125,17.18000030517578,1.0,0.0,0.0,-0.44382072201505224,-0.0062687049571437,-1.4948803361813987,-0.4556264948167112,-1.4214752541145923,-1.5453983762745922,-1.4372361762243637,-1.6211598630926174,-0.36730910426715707,-0.43789072411803376,0.3152104539136323,-0.2985637884044703,-0.9947052366665091,-0.2805121285535878,-0.9374716670269847,-0.6300130312265564
2018-02-15,25424.0546875,16.31999969482422,0.0,0.0,0.0,-0.5251751406903061,-0.11644060353221808,-1.4172842640804324,-0.46492795758448185,-1.2891693036879401,-1.441794085418429,-1.454703075797544,-1.6360767246715389,-0.36287988635350316,-0.44988099973796486,0.38144204574144186,-0.33474250225412433,0.18333998930847797,-0.5649439824076572,-0.12433432419418695,-0.3688919775846483
2018-02-16,25163.607421875,16.3799991607666,0.0,1.0,0.0,-0.626595623631966,-0.2260484766388863,-1.410008003101978,-0.47661836112116884,-1.538007443329361,-1.7665062527011637,-1.6936882149853114,-1.7230833175051417,-0.3559668165916312,-0.47214916154615566,0.4998057468260379,-0.31424503663157327,-0.7357940085614256,-0.3845479395777563,-0.8809630609563679,-0.9652504017751101
2018-02-19,25058.259765625,16.670000076293945,0.0,1.0,0.0,-0.7180585501153547,-0.3330971502093355,-1.3769928206952493,-0.48852000618918257,-1.6340990123422647,-1.6661918025004319,-1.7367508660686415,-1.2430198507735006,-0.35118727524551774,-0.49691254263882,0.6209589385147035,-0.29479107122016907,-0.32253736724784743,-0.7370172934482402,-0.49781078495283826,-0.5602253352532117
2018-02-20,24874.111328125,16.8700008392334,1.0,1.0,0.0,-0.8131369750188063,-0.43886385226182323,-1.3604546325208862,-0.5016035945272296,-1.7981248253187434,-1.8825457606093676,-1.8938780889330291,-1.1228415096523856,-0.35113610017294805,-0.5241651747441436,0.7352761243976286,-0.3285062460294637,-0.5379581506453214,-0.5991754309723568,-0.9089685277938282,-1.057159277899802
2018-02-21,24936.41015625,15.920000076293944,1.0,1.0,0.0,-0.8709983762268596,-0.5357262660194166,-1.2455840653386376,-0.5126577980050642,-1.6812915693874142,-1.7778699656314108,-1.8979292332727173,-0.8498774801392587,-0.357533772443947,-0.5456009682809269,0.8013123937461407,-0.3975815576750284,0.1310222603107839,-0.28315838297560425,-0.41486185979358065,-0.5618962646367867
2018-02-22,24954.908203125,14.829999923706056,1.0,0.0,0.0,-0.905967161783848,-0.6206189641165742,-1.0911676783812476,-0.5224266306977698,-1.6449949779926536,-1.6868465077863186,-1.9052926005911688,-0.7233544452124068,-0.3750446861553186,-0.5598367762687392,0.794785493778998,-0.4611216464495641,0.011826834541876639,0.09990355088078902,-0.22426601200240373,-0.6373533553377194
2018-02-23,25302.205078125,14.199999809265137,1.0,0.0,0.0,-0.8706147334181352,-0.6810491396899166,-0.7755867196390986,-0.5268982802110755,-1.00530217866689,-0.7505943538169831,-1.5017538485497322,-0.6395881389316338,-0.39881017128811774,-0.5629959946173132,0.7169032218985019,-0.4646795737300075,0.8976814028942477,0.6340722562460482,0.5940839679440028,0.0812929925047532
2018-02-26,25687.6015625,13.699999809265137,0.0,0.0,0.0,-0.7745462244627531,-0.7090559196924977,-0.3573058064611789,-0.5260981858672878,-0.4198775533373492,0.24397875282333484,-0.7809682178539672,0.04460227205092792,-0.4275427748175875,-0.556439090398588,0.5777406796120721,-0.4590632225279051,0.9854489016312457,1.312442095206851,1.0811282424391846,0.6567406231001867
2018-02-27,25383.3046875,13.920000076293944,0.0,0.0,0.0,-0.7410514350863618,-0.7243706163338939,-0.19357045040136728,-0.5292004386289572,-0.8021847388235416,-0.4744457956726155,-0.34874942524085895,-0.3991578143684184,-0.46309978664047735,-0.547517669883245,0.4007864253044612,-0.46961631565554945,-0.8455022816818627,0.0978812554755384,0.5924294856102932,0.5214368009429604
2018-02-28,25107.109375,13.8100004196167,0.0,0.0,0.0,-0.7525201644888413,-0.7390502627270832,-0.18537792790155455,-0.5354800448484145,-1.1099018053587961,-1.147464949295454,-0.490233117791893,-0.33326703258142903,-0.49614960001844544,-0.5418438375431335,0.24609025598332185,-0.45705538465924855,-0.779387746096397,-1.1317662566132034,-0.3635413227040255,0.12090256482567434
2018-03-01,24902.26171875,14.06999969482422,0.0,0.0,0.0,-0.7878051342059299,-0.7582636819908793,-0.2438662701333234,-0.5437372930580578,-1.3196163850316651,-1.5561102370944322,-1.1319617822876296,-0.569937122020479,-0.5408233013971234,-0.528226751075737,0.009767538929216647,-0.4664003417203111,-0.5932564011178404,-0.9560142855344328,-1.2634423108460282,-0.14530337521970493
2018-03-05,24818.41015625,15.399999618530272,0.0,0.0,0.0,-0.8222165610770946,-0.7809191936485466,-0.2882712907798813,-0.552262463830725,-1.4036261232365999,-1.5441104038356455,-1.5132953965142095,-0.4273461524640706,-0.5909207388106077,-0.5079363878415251,-0.2790874234647816,-0.5204595018238275,-0.2668382578533891,-0.5988961330686654,-0.9335895346890872,-0.6576329733991221
2018-03-06,24448.166015625,16.25,0.0,1.0,1.0,-0.9008334157227393,-0.8156865105022169,-0.44452071649350866,-0.5646310645284,-1.7464305726608282,-1.7456290173438669,-1.7265398698085999,-0.6500468328713078,-0.609640577035625,-0.5151248328484523,-0.3256874401161406,-0.4332052242570937,-1.056390970447106,-0.9215845086026159,-1.091488209557438,-1.555938975838794
2018-03-07,24133.818359375,15.699999809265137,1.0,1.0,1.0,-1.004350352997939,-0.8654145301314629,-0.6375226001208475,-0.5797742267384,-1.9963451875619123,-1.8658838780063887,-1.8369736461340096,-0.7634950150111738,-0.6139397930792679,-0.5368861826086065,-0.25149170832309675,-0.45024548727962393,-0.914877373972575,-1.373104873333348,-1.274820102327525,-1.586460498450224
2018-03-08,24477.365234375,14.59000015258789,0.0,1.0,1.0,-1.0221754839284936,-0.9089704624310225,-0.5578990357461394,-0.5891555163611593,-1.4254203401891758,-1.1017001279906926,-1.6792551349563252,-0.5256234093337996,-0.6213885024426044,-0.5469203809689889,-0.2396371476104822,-0.425747806410798,0.9189271281746375,0.003195300782779984,-0.598904565252273,-0.8392880749646495
2018-03-09,24296.166015625,14.529999732971191,1.0,1.0,1.0,-1.0556284536145017,-0.9508970825521484,-0.5368799483294703,-0.5999217004169035,-1.5847959316624287,-1.456169476508844,-1.576063300771453,-0.6930052374816211,-0.625420415493871,-0.5610612220158111,-0.19607112862545747,-0.4573318737082916,-0.5416367800377676,0.2632501723389639,-0.3054819715655604,-0.8165780593096545
2018-03-12,24663.912109375,14.489999771118164,1.0,0.0,1.0,-1.0141496203319291,-0.975657457690261,-0.3154252702819355,-0.6050385924335256,-1.0307996294694586,-0.7367694748371617,-1.1735359356983577,-0.6684799078537592,-0.6427217402491863,-0.5597595648191241,-0.27333882906756873,-0.45225508528767155,0.9790600330234956,0.30514769126077174,0.7741090965501799,-0.26844599056675833
2018-03-13,24738.36328125,14.460000038146973,1.0,0.0,1.0,-0.9608095481348881,-0.9841738548991553,-0.10586838081159086,-0.6087320322478833,-0.9254172486625316,-0.5911250367816351,-0.9915167837333511,-0.9141758215190234,-0.6498411201669742,-0.5620035542797733,-0.2933820358202341,-0.44979420576546714,0.16574309322200925,0.7980136470847793,0.3447756065527888,0.2692310232837337
2018-03-14,24851.361328125,14.359999656677246,0.0,0.0,1.0,-0.8926896395931924,-0.9765662311630174,0.10214099286023698,-0.6106529086240283,-0.7631559989802695,-0.3700736198057837,-0.6043254573377335,-0.5790059993808587,-0.664230343491,-0.5583145326529433,-0.3692005333325286,-0.4489504098647744,0.27026472021215425,0.3041614856958921,0.8075795010330262,0.7906334464161686
2018-03-15,24791.560546875,14.329999923706056,0.0,0.0,1.0,-0.8410878766292385,-0.9595562231327458,0.22343729200993218,-0.6131427634466337,-0.8347692909506441,-0.48705836243765,-0.5153038703120812,-0.4032507363836705,-0.6705881480887715,-0.5590081317966793,-0.3928709400735925,-0.508071019296763,-0.20157028031772592,0.048236396814947395,0.13459108213301577,0.2976714068698211
2018-03-16,24489.265625,15.220000267028809,0.0,0.0,1.0,-0.8413568645270164,-0.9460051604864108,0.17881485785839446,-0.6191964648586837,-1.1791342616875764,-1.0784200954328522,-0.689023730249618,-0.48740755009613246,-0.6791638235180922,-0.5625330866251428,-0.41382329768100923,-0.5194640093381498,-0.8693174623188451,-0.7457659248017103,-0.4554189818707168,0.1535085232853212
2018-03-19,24244.818359375,15.81999969482422,0.0,0.0,1.0,-0.8731158803976093,-0.9418875806741938,0.057117369213456795,-0.6277472379177371,-1.4280888888459846,-1.5566178690815713,-1.1120247378207118,-0.6241608548916961,-0.6809810150037237,-0.5729123839073128,-0.3770520684580871,-0.5155056985633201,-0.7178462980386072,-1.1054805315665694,-1.0186666508114934,-0.5930442126152549
2018-03-20,24167.91796875,15.609999656677246,1.0,1.0,1.0,-0.9026935448750791,-0.9448550028250725,-0.03428333200315218,-0.6364505766133973,-1.5037377032545305,-1.6081625199588159,-1.5116964639388417,-0.3800950252724409,-0.6815566277044873,-0.5842099519629266,-0.33097274637274926,-0.5503945246567119,-0.2535607679798682,-0.6764528999039925,-1.0483025120071645,-0.7775166487325739
2018-03-21,24255.318359375,15.109999656677246,0.0,1.0,1.0,-0.9042472513177813,-0.9475578546541735,-0.030870218914751578,-0.6432260767379187,-1.3462716511747908,-1.364948025877431,-1.6138431840036793,-0.03443572157077388,-0.6818904822559111,-0.5921310638558661,-0.2982727375400158,-0.5771296006074234,0.206094141612778,-0.03269866667320723,-0.43529135447686385,-0.805748449239624
2018-03-22,24141.21875,15.25,0.0,1.0,1.0,-0.9156866407852228,-0.952141814038,-0.055137615093515044,-0.6507909491544159,-1.4705711207756722,-1.634000232335466,-1.641429864942556,-0.42765702075579926,-0.6827150087445439,-0.6018966120058666,-0.25958277583328454,-0.6235801663087815,-0.3577500701639275,-0.10529241997148085,-0.23002761669987468,-0.8744596369273243
2018-03-23,23670.125,15.550000190734863,1.0,1.0,1.0,-0.991185764508386,-0.9717918765641798,-0.24949922557514934,-0.6635587645387404,-1.9173995682527547,-1.7931111211751325,-1.7073637268369748,-0.6798004327564504,-0.6781281421671591,-0.623864996193905,-0.14500893592566416,-0.5716989711490663,-1.3731218647421295,-1.2056090049456938,-0.8682050748406066,-1.096108026177216
2018-03-26,24244.068359375,15.199999809265137,1.0,0.0,1.0,-0.9507812907157936,-0.9789584436957373,-0.08845477722552479,-0.667893986975597,-0.9805836544096737,-0.45044520394953325,-1.3813450256058863,-0.4965828364192247,-0.6899062254932907,-0.625689356625367,-0.18662225965087792,-0.4941799983758147,1.5842626470664714,0.14748569039722276,-0.08261501080248945,-0.08329682979628554
2018-03-27,24433.8671875,15.550000190734863,0.0,1.0,1.0,-0.8807673002263865,-0.9698699855097969,0.12124463006494846,-0.6694298513058338,-0.719572749564935,-0.0075021789043408,-0.8015012348381015,-0.39781470432201543,-0.7178704925578495,-0.6132000103683348,-0.3593342394863253,-0.5366294118652074,0.4897634266284899,1.4454484603737001,0.4004886006816073,0.2437281220162452
2018-03-28,24263.068359375,15.760000228881836,1.0,1.0,1.0,-0.8453675126101867,-0.9551052102723686,0.1944724656444177,-0.6729670216959414,-0.9089769112704259,-0.4061039529576356,-0.30703553748005663,-0.6359134584826661,-0.7387834074071215,-0.6063009154317305,-0.4785047176114018,-0.5826092084888783,-0.513497881892453,-0.01616330902920786,0.8904954881291316,-0.07285587796436847
2018-04-02,24328.216796875,15.350000381469728,1.0,1.0,1.0,-0.8001845382491417,-0.9337283156782239,0.2797727025222222,-0.675348159660248,-0.8141141855880311,-0.25406378354092746,-0.23702589498102258,-0.5315100824531782,-0.7527646908623802,-0.6020889745060715,-0.5567483936174583,-0.6013669090155874,0.1432170728942201,-0.2576190053631575,0.06906394299080004,0.14754426104170365
2018-04-03,24510.314453125,15.1899995803833,0.0,1.0,1.0,-0.7293605549741102,-0.9016336155300485,0.41803871123248953,-0.6752128752796023,-0.5512888454478242,0.17090663123894284,-0.1734234574855556,-0.12191016315112435,-0.7605411207268306,-0.599194633865569,-0.6027608357580512,-0.6268342497805227,0.4666666205847696,0.42530926647473105,0.05589819347094201,0.9569578992944914
2018-04-04,24129.21875,16.34000015258789,1.0,1.0,1.0,-0.7283019599045704,-0.8757337546136467,0.33812163391091266,-0.6798822707256398,-0.9994355989704645,-0.6545124261554247,-0.26198065585046815,-0.23982021288911376,-0.7679931219673821,-0.6006123030032257,-0.6288070352871955,-0.5619259368773811,-1.0997375876865307,-0.4407176873456964,-0.2782729083892317,-0.22386609890373815
2018-04-05,24759.513671875,14.800000190734863,1.0,1.0,1.0,-0.6220023601571253,-0.8325106200207789,0.5616020746565265,-0.6761818018153112,-0.19946496203237007,0.8933921324490084,0.14708542736000307,0.3729649797269621,-0.7625636365667111,-0.6021293791215091,-0.5987932862345222,-0.466543054631397,1.7080720250649482,0.4242298244129906,0.6137330380690064,0.31212790423293335
2018-04-06,24872.861328125,14.75,1.0,1.0,1.0,-0.5161957175630979,-0.775533223756644,0.7390401569631735,-0.6714085553551543,-0.07574772621255181,1.1864039755332871,0.509108504109529,0.3935308075818215,-0.7543050949909813,-0.6008889353073131,-0.5685677700328109,-0.49456790030273146,0.2709536404013909,1.3792570563272448,0.5021718087803275,0.6572467946688532
2018-04-09,25093.509765625,14.869999885559082,1.0,1.0,1.0,-0.39501557357184847,-0.7042979027811308,0.9229757893457151,-0.6643155292667337,0.15904762278959284,1.2105047577878718,1.1739839593881067,0.6865828970216679,-0.741239567070237,-0.6063183102362188,-0.4889519227175803,-0.5152897649160457,0.5597777405515666,0.579184589611602,1.4481365060026157,0.8405123647333526
2018-04-10,25226.5078125,14.5,0.0,1.0,1.0,-0.2770301747918534,-0.6223325581949852,1.0613994181874546,-0.6562257475480071,0.2959859633790556,1.231636696209094,1.2945675713042148,1.2377637876017091,-0.7251493179604538,-0.6107117155919065,-0.4011276525721066,-0.5762044694313478,0.319623673437634,0.6130953683306138,0.6566866759185614,0.7758209245058427
2018-04-11,25097.958984375,14.720000267028809,1.0,1.0,1.0,-0.20424593176723568,-0.5413521180608225,1.0486935702552327,-0.6505227598671012,0.11132018460794313,0.9800591467797611,1.2210059906694422,0.5980363828012931,-0.7167365574033725,-0.6137088782888225,-0.35230312871775554,-0.6056168460077467,-0.38440838994823967,-0.04476502221185133,0.28311414298578785,1.0905294973160045
2018-04-12,25194.806640625,14.5600004196167,1.0,0.0,1.0,-0.13206735748045048,-0.4612878193982794,1.0368748052985233,-0.6441451773034516,0.22036315483897112,1.1695956550679374,1.2064219651011387,0.5125971317620018,-0.7072898211238082,-0.6174880651261223,-0.29578344008845103,-0.6332584643614436,0.22245077316971257,-0.1124701071049662,0.09082944568017971,0.4369314820264768
2018-04-13,25200.306640625,14.140000343322754,1.0,0.0,1.0,-0.07562897927540986,-0.3852885772432953,0.9844331804109999,-0.6383058280241553,0.22681040826129087,0.9532113417768641,1.1071637996091597,0.6694333950478963,-0.6999085704843311,-0.6205438456772605,-0.25124716473833525,-0.6411900830066507,-0.023612695846000134,0.1389137975733441,-0.10482375656519122,0.30733723147521214
2018-04-16,25320.5546875,14.260000228881836,1.0,0.0,1.0,-0.01402284196709178,-0.31144738413707024,0.9565930757301804,-0.6315106404183363,0.3717815661849631,1.1666046549756646,1.1736669561268298,0.7147198993027745,-0.689010804994677,-0.6248709011787896,-0.18641235305971884,-0.6645485227130541,0.2840147300168205,0.18180840001082257,0.2761939198219542,0.18601549072477752
2018-04-17,25334.154296875,14.039999961853027,0.0,0.0,1.0,0.03406769321180607,-0.24219383500047648,0.8974097645694261,-0.6251916156803585,0.3885880699959225,1.1487944579898903,1.1662513647335302,0.5643316697488588,-0.676455536762604,-0.6267094329708524,-0.12560196969331264,-0.7170690178658079,-0.002029086889187971,0.19684674992826176,0.14823485898063177,0.04450458712549089
2018-04-18,25102.009765625,14.109999656677246,1.0,0.0,1.0,0.03216604899563933,-0.18719356698437506,0.7135340372462393,-0.6223933261642142,-0.0250606717224138,0.5560336295793575,1.0246581855943024,0.704794916694472,-0.6703488375006181,-0.6216394683573303,-0.12206052171347442,-0.7089379469989886,-0.6618740361664697,-0.4621999496898329,-0.21558985855660623,-0.07756622698537874
2018-04-19,25125.857421875,13.75,0.0,0.0,1.0,0.03159374095124408,-0.14331450814179839,0.5700638840788316,-0.619561686350312,0.009634922253679998,0.6133306137473616,0.8274169305417853,0.17009409656455754,-0.6653613232043757,-0.6140525197686798,-0.13413631276952667,-0.7645797597950518,0.025917416762564136,-0.442728261626695,-0.36271169746463344,-0.16403093763894191
2018-04-20,24943.560546875,12.9399995803833,1.0,1.0,1.0,-0.0005243780564644674,-0.11501055222499677,0.369135876387122,-0.6192918787427796,-0.3083401150036123,0.1538056880432805,0.472705125679703,-0.0803634463110366,-0.6634401441927705,-0.6068632702575356,-0.1572581778972367,-0.7772328255134924,-0.5315815124388431,-0.3519471245442767,-0.6645696504310918,-0.38751145794686265
2018-04-23,24960.359375,13.149999618530272,1.0,1.0,1.0,-0.02551252317144217,-0.09765728862417826,0.2278654911844569,-0.6188365431191322,-0.28021671137902393,0.19491609264410986,0.3439673377139912,-0.2510958506692254,-0.663215409569437,-0.5961503602956347,-0.20261964619239176,-0.6897028845780119,0.007201866018646657,-0.36498715883824545,-0.2831798720665584,-0.5092950809833562
2018-04-24,25041.80859375,11.899999618530272,0.0,1.0,1.0,-0.034407766390045245,-0.08565776898381083,0.15879903860360375,-0.6174004520673261,-0.13972947612010578,0.1304937746330506,0.17183682546174736,-0.29332461745418,-0.6744082456044209,-0.5661118571216555,-0.3785495790331046,-0.7434605908334454,0.1822518818532785,0.13237527890767414,-0.19406536832048088,-0.4282207995862334
2018-04-25,24814.111328125,12.399999618530272,1.0,1.0,1.0,-0.0794728767105338,-0.08559827627901591,0.004765653695455596,-0.6189641362035764,-0.5527722347447382,-0.7531002446851611,-0.1514735976855381,-0.3768818431122854,-0.6776970674634033,-0.5550536145511482,-0.43957615239650627,-0.7516150668856535,-0.6570470936642209,-0.3304392720782477,-0.2655838463580965,-0.42609718965849436
2018-04-26,25010.609375,12.039999961853027,1.0,1.0,1.0,-0.08529245221181828,-0.08678266547744948,-0.011281155998871722,-0.6179081840742917,-0.20532235273451302,-0.08286153519862985,-0.25050084974959225,-0.2931002071418456,-0.6778895726848361,-0.5471440382375109,-0.4740600986335461,-0.7582563374563531,0.49582022909771545,-0.11196095650419637,0.01294068066634434,-0.21936378090480685
2018-04-27,25394.3046875,12.020000457763672,1.0,1.0,1.0,-0.030699727867283387,-0.07617309194596891,0.14086791456619466,-0.6121283164204494,0.3635484365837577,1.1780019958130588,0.12293405018658261,0.021377485466622576,-0.6758244104304328,-0.5341846837449042,-0.520384355837281,-0.7283816816201537,0.9927579798126077,1.0375384641046421,0.4749491613996535,0.4512682967475478
2018-04-30,25531.302734375,12.359999656677246,1.0,1.0,1.0,0.03159673889000077,-0.05449749345813898,0.2836261588065209,-0.6051763354964415,0.5393229696638824,1.0910984623971367,0.7803877538586166,0.03447185790348025,-0.671791387854462,-0.5223230835879279,-0.5536076848194859,-0.7630225960086239,0.3260058812190234,0.9192205502881623,1.0353136207784162,0.59152589695048
2018-05-02,25568.00390625,12.84000015258789,1.0,1.0,1.0,0.08336087355110863,-0.02619873211776678,0.36906886328950494,-0.598424977259614,0.5865252386735931,0.9466223098745401,1.147396994356733,0.053484178428686115,-0.6659548268671394,-0.5142909140539431,-0.5630014067589341,-0.79684094680227,0.05889348872248519,0.26855174783806596,0.7862545945468242,0.537254459451358
2018-05-03,25604.953125,12.989999771118164,1.0,1.0,1.0,0.12632249548392877,0.005535098978176042,0.41338328776285077,-0.5918520159122128,0.6360766699762909,1.0434292064773758,1.099422023751641,0.2798824615560378,-0.6747731405115708,-0.4853450884733981,-0.7213430868305294,-0.8381556670707779,0.05941005630405644,0.0828014727278804,0.2542232412708018,0.8524592740444968
2018-05-04,25645.1015625,13.25,1.0,1.0,1.0,0.16240380422982748,0.03856044813426396,0.43004463195810266,-0.5854002351520773,0.6920206510537248,1.1486180513112854,1.1199276594079688,0.29307719046843667,-0.668125003582165,-0.480461848922836,-0.7138155392278429,-0.889042897863974,0.06771865846813296,0.08895039763573727,0.10699314926234413,0.6641162919089939
2018-05-07,25851.75,13.760000228881836,1.0,1.0,1.0,0.21900894777848523,0.07696383431210514,0.4994244793480597,-0.5769645674345171,0.9672994017696172,1.1964440468934685,1.2089886839223658,0.6229524585286412,-0.6550932215495816,-0.4810077993002426,-0.657020485870399,-0.8986324153155281,0.5051737025343352,0.3995356063418339,0.36138388621506884,0.44960393520374464
2018-05-08,26090.197265625,14.0600004196167,1.0,1.0,1.0,0.29607670868934316,0.12400151316731853,0.6108119439291435,-0.5663341244015191,1.2441090995866988,1.284423356685753,1.2949026887469668,0.8084965369082041,-0.6347186417012982,-0.48899514000398486,-0.5388910981577785,-0.9087083181077693,0.5834439904522347,0.7588665235754003,0.6600961628753755,0.5628636486334313
2018-05-09,26154.14453125,14.270000457763672,0.0,1.0,1.0,0.36070770054720436,0.17531380654549036,0.6659569907285913,-0.5559120486735909,1.3134853910837896,1.2375580688790675,1.3266096537990713,0.7907679743023038,-0.6159170365184045,-0.4962603005066173,-0.43073549744572454,-0.9192661409945468,0.12740384794043844,0.49565589587135384,0.694118194023332,0.593004732543282
2018-05-10,26130.6953125,14.43000030517578,1.0,0.0,1.0,0.401039854062362,0.22490181419280822,0.6437126885083865,-0.5467773958008952,1.248242782499013,1.089116801892716,1.288347673428042,0.9717697216451451,-0.6008980648299526,-0.49816481922695505,-0.36096161116276715,-0.9443868348322441,-0.09914725589264507,0.02006138182823111,0.34964033188125504,0.52324755558502
2018-05-11,26412.84375,13.979999542236328,1.0,0.0,1.0,0.4701933560149011,0.27921176984986784,0.7046286009452246,-0.5349650507627247,1.5528750582856918,1.2954934724460092,1.2922941508757857,1.0347883718892426,-0.5791947930452211,-0.5045833656751635,-0.24526185620427318,-0.9292092141441949,0.6889884210055908,0.411344662343793,0.4098032623423527,0.796574746641196
2018-05-14,26474.841796875,14.25,0.0,0.0,1.0,0.5263312882988201,0.3345439342713215,0.717815696494675,-0.5234981440813806,1.6136925963395863,1.1740299892610642,1.2696464984988318,0.7516125552448215,-0.5589987736629101,-0.5086704860801078,-0.14601349216718532,-0.9481688985996669,0.12039461189933887,0.5643101574094803,0.4058078247970854,0.627291458829367
2018-05-15,26473.69140625,13.170000076293944,0.0,0.0,1.0,0.561647589763227,0.3862860007768066,0.6715013173787598,-0.5131377884551489,1.6101426104161662,0.6061769215337454,1.0974792522180516,0.633456555530945,-0.5416428898432837,-0.511409833588899,-0.06436552966360892,-0.8644378524842729,-0.041339165949207696,0.055455413563903405,0.4387598628830556,0.3524185526365194
2018-05-16,26181.845703125,13.4399995803833,0.0,0.0,1.0,0.5342858901896157,0.4218872798414201,0.46327564602844973,-0.5074337232988065,0.7768552416587625,0.16897162181542486,0.6958761277172704,0.36310996574884025,-0.5330875021032465,-0.5090277352334872,-0.03993114886755146,-0.8446243839653584,-0.7891806238195025,-0.5782898835429354,-0.40383297680821595,-0.05083213513013064
2018-05-17,26073.498046875,13.40999984741211,0.0,0.0,1.0,0.48714247335480587,0.44038821001446576,0.24267106639965239,-0.503635236938647,0.5056645732764284,-0.17971698788609955,0.21326763192869516,0.24348850788070883,-0.5283265178862895,-0.5010227938315094,-0.05436953829164854,-0.8563502442656572,-0.31925687424776716,-0.7719286653614943,-0.6544451753819013,-0.1476692054934648
2018-05-18,25875.298828125,14.149999618530272,0.0,1.0,1.0,0.41083123530123455,0.43903413742865205,-0.0134701717072853,-0.5026906152319222,0.04772220093772065,-1.0480610195352054,-0.37646538162017956,0.048155149791132265,-0.5270530042542154,-0.49233826314854484,-0.08558270387890052,-0.8782761121999344,-0.5552052240234475,-0.6089066266818094,-0.947361511716746,-0.6950513165055462
2018-05-21,25750.501953125,14.40999984741211,1.0,1.0,1.0,0.3241431192906301,0.41959931460962,-0.24672250649088937,-0.503405120076664,-0.21641697531946633,-1.3268736768520049,-0.9097316874431641,-0.2219787198923491,-0.5297884316542314,-0.47869258906002593,-0.15345942495144366,-0.8546055117136316,-0.3658418808618009,-0.6413646661028171,-0.7060479793918468,-0.9089707163691374
2018-05-22,25777.400390625,13.600000381469728,0.0,1.0,1.0,0.254297653624715,0.3892654205668388,-0.3873269491783182,-0.5037133630710239,-0.16387999518386281,-1.2682320624676036,-1.2977854608994286,-0.391118278708029,-0.5335031949003503,-0.4638877191412978,-0.2298667426787041,-0.8738028303377102,0.032314727267187586,-0.23201094640460979,-0.5056434890445696,-0.8765667383275165
2018-05-23,25684.650390625,14.15999984741211,1.0,1.0,1.0,0.1795261539341463,0.34916944572414443,-0.51326354525731,-0.5051584633209574,-0.3671219549298044,-1.6047301026388088,-1.4962370426084315,-0.5160360368175222,-0.5377272079192563,-0.4508784634293627,-0.30067359639990243,-0.8803812350052492,-0.28253049230071586,-0.1739638507684725,-0.35021216180993436,-0.6536663725819337
2018-05-24,26016.498046875,13.149999618530272,1.0,1.0,1.0,0.16888112521594068,0.31483915126480727,-0.4388828700260747,-0.5022933711654802,0.25857068907777336,-0.9831616464992958,-1.3737042881475319,-0.23148580606798072,-0.5472844226177664,-0.42481321163175345,-0.4464332154595441,-0.8465591406953287,0.8310568504454742,0.3825586272927492,0.332049656867515,-0.1475866658863874
2018-05-25,26273.24609375,12.649999618530272,1.0,1.0,1.0,0.19672482723243936,0.29326932803389805,-0.2742652701710925,-0.4964728635524161,0.64625286683794,-0.3599393310679221,-1.0498994736317064,-0.25065690330906953,-0.5524371816937699,-0.4025489947009374,-0.5582078252787097,-0.8469739011002503,0.6267172600986888,1.0160757508462337,0.670873771613766,0.3723992920842608
2018-05-28,26613.94140625,13.0600004196167,0.0,0.0,0.0,0.2676792446207469,0.2910342663582625,-0.02483545022002468,-0.4869228781206283,1.0658464217782624,0.4670539960370728,-0.3113119647844285,-0.029834565256851707,-0.5433798851925637,-0.39572069719760916,-0.5493609315432219,-0.807909149735517,0.8342200586453047,1.0182797118180122,1.3074491492694043,0.9003656905762915
2018-05-29,26254.49609375,13.06999969482422,1.0,0.0,1.0,0.26090093201561193,0.2878112724325444,-0.03758035853231665,-0.4828019844808616,0.3131126903968154,-0.40545250461127286,-0.10535963788990398,-0.3133992745687313,-0.5427923061389528,-0.3866696089049569,-0.5837148648657794,-0.7857356291686081,-0.9593643197051795,-0.08682045203385326,0.2868648911413969,0.46407719774645667
2018-05-30,26327.494140625,13.40999984741211,1.0,1.0,0.0,0.26167245252830074,0.28539620543077865,-0.027157625022054342,-0.4781556989546578,0.41003793971347613,-0.22825928990473762,-0.058415927090220206,-0.023361842021015152,-0.5417986034122265,-0.37755814108860125,-0.6165783108111496,-0.7557004053369831,0.14965503980927045,-0.5637901893512203,0.014927650735544364,0.6542169158364948
2018-05-31,26955.88671875,13.220000267028809,0.0,0.0,0.0,0.3561645940676565,0.3034678009298903,0.23713239605649944,-0.4660506763460235,1.0941452661385243,0.8929338805691286,0.09340952768845685,0.5691589543136433,-0.5238742928759491,-0.37824837668679867,-0.5416375731679619,-0.6040228672271203,1.5591778754242938,1.191000628438607,0.42817149969495666,0.9745532439615952
2018-06-01,26692.490234375,13.56999969482422,0.0,0.0,0.0,0.3820055693907919,0.3233955195729296,0.26107747861018793,-0.4584103900882735,0.6136085695444653,0.33336969735251715,0.3567983865846392,0.5217972145467348,-0.5175284620736164,-0.3708864853224148,-0.5459106885743048,-0.6129017852150415,-0.7034525161813366,0.5965991096812508,0.5740475441139399,0.38934599503078987
2018-06-04,26257.24609375,13.880000114440918,0.0,1.0,0.0,0.326594431522873,0.32760735437533217,0.05833331414063998,-0.4569703937335916,-0.05957672381789891,-0.5912707078774325,0.22738543324894742,0.2724028965911971,-0.5175557971895304,-0.3654383787568132,-0.5679772600456685,-0.4699527723248597,-1.1518712069934127,-1.292320617613436,-0.16785454081028695,-0.4844334475756733
2018-06-05,26250.6953125,13.31999969482422,1.0,1.0,1.0,0.2759370771043184,0.320252841094151,-0.09087939333093283,-0.4557499076629386,-0.06898095652295046,-0.6051873042522277,-0.306692222118579,0.24478445812304264,-0.5169094329186485,-0.36396928049735966,-0.5713022375740854,-0.5080507939264823,-0.05529548536970845,-0.8407180959825841,-1.0881442048644399,-0.08668900561042735
2018-06-06,26367.29296875,12.550000190734863,1.0,1.0,1.0,0.24905268160698135,0.3086778998987748,-0.14532540093980126,-0.45317959056849266,0.07910520880513038,-0.35748516639220157,-0.5529808064910299,0.41695004189455775,-0.5153372233141078,-0.3627647728199642,-0.5698522347640557,-0.5420613130279266,0.26176734664728557,0.14423262606591655,-0.537945059513358,-0.03736527579343857
2018-06-07,26517.4921875,12.779999732971191,0.0,1.0,0.0,0.24641299443871062,0.2988591345905785,-0.12266969690696942,-0.4489655007122338,0.265727324850025,-0.03839927062162755,-0.3558830790702242,0.26355650246474815,-0.5117186962913359,-0.3613795145034476,-0.5609417509700129,-0.5370151653116273,0.3463193467734445,0.42405720915049055,0.3160605344452309,-0.57096152459634
2018-06-08,26451.04296875,12.699999809265137,1.0,0.0,1.0,0.22854390621882856,0.2872213001466014,-0.14613676091596836,-0.4459882674784275,0.15212632405819637,-0.17956517457609517,-0.20414951345946325,0.0018703998467756498,-0.5112110166492106,-0.36139991953086154,-0.558828877046864,-0.58211131931744,-0.20832758260551212,0.09651921239282327,0.22882846188543385,-0.35313166150527325
2018-06-11,26453.244140625,13.18000030517578,1.0,0.0,1.0,0.2098010085233015,0.273943228046825,-0.1672967934301214,-0.44326690331955254,0.15515269616777433,-0.1748889658359656,-0.13905427840094442,-0.2664312633227556,-0.5115258375935231,-0.36135932828065354,-0.5602514428945718,-0.6247520781959142,-0.03276022947726352,-0.1676039620780313,0.06094047397027603,0.13922041871716512
2018-06-12,26606.791015625,12.729999542236328,1.0,0.0,1.0,0.214516603426629,0.2643190449770369,-0.12015947134493814,-0.43887405929787215,0.36819582276389073,0.12280640237986364,-0.0815847300487212,0.14122968799696434,-0.5091992804636591,-0.3620136005109562,-0.5483160662405426,-0.6716908528468636,0.35359498405864814,0.2239148150137622,0.0650877667999839,0.3191114905150749
2018-06-13,26642.490234375,12.640000343322754,0.0,0.0,1.0,0.2189245421552563,0.2575528434171483,-0.08328982537595116,-0.4344507089303649,0.4174593613996476,-0.10873276477141955,-0.056333096378629405,0.11076638185559207,-0.5038613386930693,-0.36143956196755406,-0.5293039247834646,-0.727095313729964,0.05241655655879496,0.28326162378033415,0.2137183618056492,0.22700775901111622
2018-06-14,26561.94140625,12.100000381469728,0.0,0.0,1.0,0.20466104548316108,0.24912035083332998,-0.10478596169481406,-0.43146142948080785,0.24723896604615764,-0.3317066456064459,-0.11223833260421577,-0.4461263857909829,-0.5004851852965223,-0.3584423022926079,-0.5278858760006462,-0.7868167655343962,-0.2434714358004191,-0.13274358479052278,0.09360777343135351,-0.03247027715359665
2018-06-15,26417.09375,12.06999969482422,0.0,1.0,1.0,0.1657650895735787,0.23414022172848825,-0.18925433198606495,-0.4305781190604598,-0.049940612606299964,-0.7326714367241982,-0.4172147278095594,-0.3560925939499321,-0.5009819120611962,-0.3506816394586936,-0.5610189711385187,-0.8117120040819316,-0.40874422150844586,-0.4540567239716579,-0.34094438978403363,-0.12064343518485696
2018-06-18,26408.994140625,12.380000114440918,0.0,1.0,1.0,0.12963490564467534,0.21450748746348547,-0.24927568079270884,-0.4298807757673408,-0.06660906057932246,-0.7550926361088603,-0.6476409230366966,-0.01882926931902516,-0.5046482247362958,-0.33804647024818896,-0.6262222616252549,-0.8607789245187298,-0.05916522511878825,-0.3256416246371215,-0.40454875939971874,-0.13226029427529665
2018-06-19,26265.4453125,12.920000076293944,1.0,1.0,1.0,0.07466728830445873,0.18716485165214608,-0.3487379549482785,-0.4310547907514912,-0.3615734184694635,-1.3540077094136125,-1.012089514225243,-0.12814606378800034,-0.510041800021738,-0.32588294270016877,-0.6962913701982052,-0.8858278624352989,-0.40754573257945537,-0.3248065791207587,-0.4980751582425202,-0.4671236123087946
2018-06-20,26557.390625,12.170000076293944,0.0,0.0,1.0,0.0744240723969781,0.16523925506355225,-0.2788549561776646,-0.4284461523890319,0.15805444907989974,-0.30563339392512207,-0.8598511779934084,0.011139299398694976,-0.5193825930048308,-0.3044498068621534,-0.8187898848081375,-0.8833630920638696,0.7102658618814067,0.2112934747124028,0.13978820867583852,-0.1777032773681486
2018-06-21,26496.640625,12.449999809265137,1.0,0.0,1.0,0.06129366152139221,0.14491911667565688,-0.2581435991332868,-0.42684981005216505,0.02950455051560542,-0.5091710452511069,-0.7721805489546616,-0.1563945282775543,-0.5229274160766081,-0.29432536488016875,-0.8730306361982235,-0.9054021573980036,-0.19350252818490862,0.3604277836027729,0.06321263021732171,-0.15571949193022422
2018-06-22,26766.5390625,12.020000457763672,0.0,0.0,1.0,0.0904954236883387,0.13484491478853378,-0.12596497932917528,-0.4220118694417301,0.458276632076349,1.1590450177100082,0.12371847571415873,0.10999152792741612,-0.5183777954004891,-0.29249052970336153,-0.8620142898628919,-0.8615028626728041,0.648005913621623,0.3170482501037317,0.6649031216581099,0.3091969799476685
2018-06-25,26609.390625,12.579999923706056,0.0,0.0,1.0,0.08500958238057697,0.12562422025416337,-0.11495423142233321,-0.4196106275667363,0.12185142619547058,0.35640322557711934,0.3597334050093223,-0.016242653374347844,-0.5184455176983362,-0.2924805260010662,-0.8623253154008907,-0.8839319073036724,-0.43720744299020686,0.14724718519499158,0.010815015966439199,0.1428775745264042
2018-06-26,26601.390625,12.800000190734863,0.0,0.0,1.0,0.07599145424038936,0.11633855908708367,-0.11579233927554694,-0.4175386652577326,0.10476969558487131,0.18184291388452917,0.6060787066181509,-0.1441717064544761,-0.518098268311326,-0.28820738797961226,-0.8777783590542244,-0.9044438674245519,-0.05876150021123563,-0.3451920403639085,0.08762072758698519,0.2963249499926142
2018-06-27,26423.09375,13.510000228881836,0.0,1.0,1.0,0.03738272915346541,0.10073670085559931,-0.19727500416624513,-0.41790588998473205,-0.2691903823913679,-0.8223261307616349,-0.10027673919632354,-0.31245836257613796,-0.5184778127203467,-0.28653274755144625,-0.885896489093777,-0.9040128544642801,-0.49387738811577014,-0.3846767468513796,-0.5632809383458162,-0.2334370181526436
2018-06-28,26324.29296875,13.949999809265137,1.0,1.0,1.0,-0.011400274316786195,0.07792802655309111,-0.2902471791722319,-0.41948043556701836,-0.4637357707893525,-1.110720269744795,-0.6233037709578249,-0.3273789472599038,-0.5298907551458958,-0.283038167486318,-0.945496599997997,-0.8948879662402327,-0.29212012980873603,-0.5472690517417343,-0.4805775887900034,-0.27682376198908376
2018-06-29,26363.892578125,12.9399995803833,0.0,1.0,1.0,-0.04571594366118091,0.05241658239109161,-0.32511450336936887,-0.4204071095139279,-0.38165750639508383,-0.9097198168158868,-1.0124440286390284,-0.1821148222338214,-0.5336072557923729,-0.2835431209523184,-0.9584722955007741,-0.9324274505432419,0.0634112466555307,-0.15897896033627737,-0.4109361076104728,-0.5340157707803109
2018-07-02,26229.99609375,13.369999885559082,0.0,1.0,1.0,-0.09573748525444112,0.02141804524414694,-0.3959012369619706,-0.42292910743686685,-0.6529122030087544,-1.1956831626664133,-1.145545175752478,-0.28193254516217936,-0.5332080551798061,-0.2843248150692404,-0.9537881812964027,-0.9260332937512928,-0.38325105483281496,-0.22247430727078393,-0.34787636716207965,-0.5102776961082702
2018-07-03,26203.794921875,13.0,1.0,1.0,1.0,-0.14046627630526484,-0.012849709891917662,-0.438076075895247,-0.42554036161959596,-0.705386017269137,-1.310775780388266,-1.21686462517376,-0.18909852910365244,-0.5324792931019876,-0.2857138030385685,-0.9453855951818947,-0.9612131910834001,-0.10608405276906602,-0.34056992451476775,-0.24183121151045878,-0.5310972195169276
2018-07-04,26433.642578125,12.65999984741211,1.0,1.0,1.0,-0.1400543131955559,-0.04017670288083143,-0.34853615331912385,-0.42501288187862585,-0.19537249737842358,-0.30113512151811417,-0.9999052159815369,-0.23754967235373078,-0.5324480098178908,-0.28485974692109306,-0.9486218306948471,-0.9417704039514738,0.5530969511930152,0.31182926355818663,0.0373017264893888,-0.07048160207182638
2018-07-05,26502.9921875,12.579999923706056,0.0,1.0,1.0,-0.1296569554248907,-0.05983721374238268,-0.24963401525968043,-0.42366365483490925,-0.0547796335029644,0.0034935462008444415,-0.5724007580430808,-0.1348964572018908,-0.5325992943851751,-0.2848953246567268,-0.9490909866897345,-0.9730779501533835,0.13905937482502131,0.4826326102781713,0.33503156305069415,0.11921551494411418
2018-07-06,26493.541015625,12.4399995803833,1.0,1.0,1.0,-0.12401408647680529,-0.07437104721596165,-0.183496855296601,-0.42256176211611196,-0.07797362442325785,-0.03802215839520812,-0.11866625566660208,-0.35361710114184053,-0.5323072676459202,-0.2846327401830681,-0.9489486392785387,-0.9971636361647105,-0.0625529687617487,0.05367937352126297,0.3598453553682764,0.06379764777965007
2018-07-09,26752.990234375,12.390000343322754,1.0,0.0,1.0,-0.07964428737601845,-0.07660518589081707,-0.02482354296594618,-0.4183025663700425,0.42861022869932314,1.1016478492779558,0.3814234884895727,-0.026847876124804347,-0.5270213345836907,-0.28615474251632306,-0.9216891185115795,-0.9932484206433191,0.6216374823314685,0.38991500759416003,0.39891514983331816,0.5058976464434368
2018-07-10,26894.23828125,12.399999618530272,0.0,1.0,1.0,-0.02412748804876025,-0.06663978856485953,0.13255766183817286,-0.4126729930927859,0.6653578909432718,1.1677977189427293,0.796495946587656,0.0907401989054879,-0.5192883492462382,-0.2904003067039784,-0.873908673991352,-1.019978023432865,0.3182501705280441,0.6552390722469378,0.5010583261679424,0.6925831867940494
2018-07-11,26815.88671875,12.779999732971191,1.0,1.0,1.0,0.004768806705138031,-0.052550228241961865,0.18576179527601405,-0.4085647412746446,0.45125902356900366,0.8757052699069219,1.1222382213094382,0.1715489781618101,-0.5153550560698573,-0.29219636806277954,-0.8510589619548559,-1.0514058636792143,-0.23599908088972565,0.057681973917675065,0.4021897612612625,0.3454209475731369
2018-07-12,27026.236328125,12.510000228881836,0.0,0.0,1.0,0.05812627411507739,-0.029982994577564932,0.2951287781130667,-0.40220287171974534,0.7969635486371272,0.9253037002512015,1.059371831991794,0.41878105599320675,-0.5041449699099354,-0.2977147712270708,-0.7844399160570142,-1.0252196664888034,0.4908081031608915,0.1779114766460779,0.3276137860057259,0.5001725509361478
2018-07-13,26935.63671875,12.300000190734863,0.0,0.0,1.0,0.0824568618590804,-0.006778509061892161,0.30334970259009214,-0.3975860697971747,0.5475376777979584,0.6564501995615338,0.877077310696659,0.3144676370386019,-0.4968247161275123,-0.2984400605429599,-0.7523761957165997,-1.0455211070925314,-0.265822768115894,0.15713186350386463,-0.0053222050987641704,0.41074414698952516
2018-07-16,26679.490234375,12.949999809265137,1.0,1.0,1.0,0.05759344417778253,0.006521582570553471,0.17557718385717028,-0.3966296807867287,-0.08169588501207305,-0.1036621175736086,0.527934502125139,0.2191345063319634,-0.4953657913660686,-0.2963506164400469,-0.7548169494601724,-1.0358238480079112,-0.6855476231122117,-0.6624923742438847,-0.2615759699143687,-0.16435101232115587
2018-07-17,27007.78515625,12.829999923706056,0.0,0.0,1.0,0.08687800725008579,0.023361093355832408,0.22123777705862965,-0.39163648376704346,0.4728130305454865,0.8705500188099506,0.5084149077804594,0.5029462367881764,-0.48860799232388247,-0.2934965967599966,-0.739193083127261,-0.9990080216374966,0.7899269938632281,0.07309982341216734,-0.09107081936711943,0.04316287131282354
2018-07-18,26880.587890625,13.68000030517578,0.0,1.0,1.0,0.08623388940421453,0.036696344535083705,0.1760307627339631,-0.388718173770757,0.18790688076472162,0.4448005943346512,0.4329621833518184,0.21434803026029703,-0.484728572561162,-0.293234205088914,-0.7248166978634528,-0.9753333783348235,-0.3581274012418758,0.30122941362029454,-0.1436867385101716,-0.010567396540429978
2018-07-19,26789.33984375,13.59000015258789,1.0,1.0,1.0,0.06783270265500023,0.043469079921582436,0.09137044106757929,-0.38722512663355835,-0.010061521017116274,0.179394877198442,0.5338715207504889,0.08645789134224198,-0.48264916993022094,-0.2914969234108752,-0.723414618970174,-0.9705750246122771,-0.26869648053718803,-0.43636503922115716,0.09392870146976594,-0.34471089904827534
2018-07-20,26872.88671875,13.539999961853027,1.0,1.0,1.0,0.06336608227059301,0.047941700637758704,0.06169760613526264,-0.38482377836664783,0.13892533557105688,0.35977607980677007,0.35178147988494723,0.16008602264001623,-0.4809692605420146,-0.2918324599357602,-0.7154274159617872,-0.9863993302567,0.1724974781032296,-0.06665288281324057,-0.25802136189730074,-0.1518722178402876
2018-07-23,27007.8359375,13.010000228881836,0.0,1.0,1.0,0.07799506416692417,0.0546167004640803,0.09010959473605831,-0.3809543144961411,0.3706493249390972,0.7792108303837687,0.47099816049100346,0.059670804886254876,-0.47526777622857497,-0.2924699252288698,-0.6903204066809256,-0.9588051267924932,0.300869159658872,0.33019119527188184,0.11762294315703176,0.28210114558931026
2018-07-24,26974.0859375,12.470000267028809,1.0,1.0,1.0,0.08074497747203739,0.06053884715678105,0.08039734558150854,-0.3778777344813583,0.28708278021452394,0.43854250122580307,0.5633838478685584,-0.07771242031228481,-0.4707734479415018,-0.29218907051898535,-0.6736449615981616,-0.9658896101933581,-0.12308516064961118,0.12424439740419801,0.20062498946885127,-0.11957790374007736
2018-07-25,27030.986328125,12.210000038146973,1.0,1.0,1.0,0.08848946583668281,0.06691604505594485,0.08626777435158169,-0.3743787117704916,0.3902661759707286,0.6784518776227305,0.6769912279952991,0.028147374264225214,-0.4659841886365337,-0.2890732134404819,-0.6670017274394678,-1.0100709977650477,0.10432306399168423,-0.012698824994939193,0.16176389074564232,0.0838768501958855
2018-07-26,27406.08203125,12.029999732971191,1.0,0.0,1.0,0.15036918727883658,0.08511751954216447,0.23880791154073172,-0.3664965761155554,0.9709312596409149,1.1463880285484407,0.8078892748870062,0.1545604631666497,-0.4528254783912847,-0.28837662854589213,-0.6178859219888398,-0.9642521901798651,0.8949781003553732,0.6966353548316061,0.5004206507285079,0.5958346560928934
2018-07-27,27634.080078125,12.3100004196167,1.0,1.0,1.0,0.2306995293377766,0.11668434582825568,0.4112288272833067,-0.35649833349199533,1.248899744330227,1.24969844524898,1.0970649898496052,0.4033780002980121,-0.4342098206940419,-0.2908690758207658,-0.5350405087098901,-0.972508943953389,0.5227235146759,0.9881552945966182,0.8685475355018062,0.7499163522954684
2018-07-30,27842.275390625,12.59000015258789,0.0,1.0,1.0,0.32143899890420347,0.1611470286951002,0.5775929779792707,-0.3448345121905587,1.470071475223449,1.2526896459013037,1.301779777954194,0.773258727687431,-0.4140718324216666,-0.29038150252366235,-0.4584097292452456,-0.9768424303570001,0.4699583198634658,0.6920233458730342,1.0769686559513285,0.8243070083093769
2018-07-31,27763.828125,12.479999542236328,0.0,1.0,1.0,0.37397819142500194,0.2078395345212277,0.6063590084093164,-0.33526790598179074,1.2556272106650832,1.0436645612340416,1.2651590365012664,0.44661186232261296,-0.4021967773442541,-0.28195063230721257,-0.4454770057687687,-1.0032277188016978,-0.22949461986341302,0.16791639304244432,0.4359914512117796,0.7774922422568288
2018-08-01,27596.279296875,12.529999732971191,0.0,1.0,1.0,0.3819016666955071,0.24687091061625951,0.5075259194164116,-0.3287191193473742,0.8178640243341423,0.5972256993348488,1.0325536118803047,0.41793480581407755,-0.39482026535570686,-0.27412634389302154,-0.44763014490527653,-0.9823906223435298,-0.44836171008688164,-0.47192182744308137,-0.1175510952105259,0.5343389681920812
2018-08-02,27355.630859375,12.5600004196167,1.0,1.0,1.0,0.34322161784504684,0.26990758320829394,0.3011848169663978,-0.3258198758663961,0.26131867956342264,-0.04398925726972464,0.5702897874402949,0.3029864472440939,-0.3934402022667708,-0.26417399756449655,-0.4812655946051565,-0.985146902090526,-0.6316008837851259,-0.7520888149448782,-0.745467029954069,-0.13727837232729043
2018-08-03,27695.177734375,12.079999923706056,1.0,1.0,0.0,0.36020522705047653,0.29193229073245247,0.28812987113965643,-0.3189273790815029,0.7305341455866291,0.8569681339289417,0.503732828516781,0.5012087630570411,-0.3867758793467001,-0.2550836435914025,-0.4910218746259911,-0.9581524951724496,0.7970974448123874,0.11568314185458982,-0.1602842147625432,-0.016567756512102717
2018-08-06,27898.17578125,12.5600004196167,0.0,0.0,0.0,0.39901646922396555,0.31776825819399745,0.3372973706845227,-0.3101388673308108,0.9683813109856614,1.0989677560878417,0.6826030187156282,0.5507967862617222,-0.37353086534717406,-0.2536300132880265,-0.4456649955599588,-0.9536750244342582,0.4562247917659631,0.8736241882681228,0.35535241828084546,-0.022609812450651457
2018-08-07,27875.576171875,12.579999923706056,1.0,1.0,0.0,0.4188172400346318,0.34262878467052,0.3247136070538468,-0.30247151815231554,0.9160060826019348,1.0429800012816768,1.0701057113852708,0.5603221832062584,-0.3622479187644518,-0.2523142553229394,-0.40747930464509546,-0.9908454166044518,-0.09328354971241887,0.2532524523693681,0.6622065854407557,0.03731615118077803
2018-08-08,28062.123046875,12.539999961853027,1.0,0.0,0.0,0.4565665963059426,0.37050860983857076,0.36366433974602064,-0.2931888021159692,1.1317251351233788,1.186704585650767,1.1876561958247518,0.6593403373552351,-0.3482999496218868,-0.25024523287643,-0.3621869900512304,-0.9926226047719122,0.4133417950299953,0.22337378324994614,0.44345639321495,0.4164219966268638
2018-08-09,28319.669921875,12.68000030517578,0.0,0.0,0.0,0.5191739640807455,0.406066226271391,0.4627123723436082,-0.28155182864488704,1.3949224264439877,1.2515093701026958,1.2420370218783836,0.5585332822651788,-0.32792184341908376,-0.2542702034760035,-0.2689411973554768,-0.9849471831425736,0.5803635285653856,0.6927364604680899,0.5142185371806226,0.9496248795980742
2018-08-10,28123.923828125,12.850000381469728,0.0,1.0,0.0,0.5288726442005501,0.4365654953822749,0.3974567105060612,-0.27348439747058556,0.9330663015555398,0.7850481364413819,1.1500847505840528,0.23148444040909183,-0.3165069916197032,-0.2503264864143881,-0.2410520695691393,-0.9810337710317641,-0.5081623505143856,0.050679711812575926,0.2777273806926313,0.3753767591067567
2018-08-13,27794.078125,13.399999618530272,1.0,1.0,0.0,0.4758054226279682,0.44973076927272015,0.17383795552393133,-0.27033268486099304,0.26099900538108756,0.006485176911213309,0.7293385379109889,-0.17618928413338375,-0.3164796077143168,-0.2354584833189203,-0.29871273380111735,-0.9490173232212342,-0.837431149006028,-0.9371667838804224,-0.43524406896252477,-0.19376625380950288
2018-08-14,28021.373046875,13.279999732971191,0.0,1.0,0.0,0.46225777120521033,0.45739499893344365,0.10287124265086127,-0.264623189708249,0.5488833529131774,0.4598697319184429,0.44712035279944257,0.054441055070502085,-0.3102116847806331,-0.22846686677167144,-0.3021004013498661,-0.9571614918453166,0.5132229263143816,-0.22551799408807197,-0.4735158694086983,0.07306583982516807
2018-08-16,27826.2265625,13.649999618530272,1.0,1.0,0.0,0.41303426075650407,0.4531059411896297,-0.05133321012264022,-0.261911175779526,0.18737239746280712,-0.385089468032088,0.02996828620672174,0.03466767300304933,-0.3101346016186865,-0.21590887314048335,-0.35032198812212906,-0.9696644848016475,-0.5117212837723922,0.0014199074808716491,-0.47554454920728617,-0.33391500509176003
2018-08-17,28128.224609375,13.15999984741211,1.0,1.0,0.0,0.4150248332470905,0.4500960920860421,-0.034830664699499005,-0.2556602060984349,0.5610354272079798,0.5573900915628158,0.22636495166250065,0.4518303862805035,-0.30852948152927784,-0.19969314158285756,-0.4066584604691154,-0.9484161887393381,0.6927013403298921,0.12647124611437607,0.39666873641592687,-0.284492064542427
2018-08-20,28273.921875,13.029999732971191,0.0,0.0,0.0,0.43240475283327967,0.4513674797467903,0.020399812916859696,-0.24817260835346908,0.7244905673681531,1.0120840743926733,0.4232284259108307,0.29792138037912774,-0.3051808897083588,-0.18447012495847806,-0.45234761099546095,-0.9760954916653852,0.31151543283191907,0.7000602985266774,0.2816904865903066,0.07612459444021198
2018-08-21,28257.572265625,12.899999618530272,0.0,0.0,0.0,0.436022305447241,0.45315041285191887,0.026999050653711606,-0.2416036907777813,0.6917079018139825,0.961059993930071,0.9031284204528195,0.1299987119631892,-0.30277173809740016,-0.170286751731486,-0.4973891669493936,-1.0137216659185286,-0.07757200487400688,0.16337340244607512,0.5291662912268442,0.4104240855593063
2018-08-23,28027.57421875,12.760000228881836,0.0,1.0,0.0,0.39503586104746863,0.4459000753462773,-0.08953546442537845,-0.23855231842048816,0.2424451477887982,0.24327900107431047,0.7911483507276574,-0.025671282100965847,-0.3087505628360786,-0.14995391712055503,-0.5971945552668821,-0.986773966706772,-0.5919174573559204,-0.4660922238423378,-0.20309813039142358,-0.07578164181686706
2018-08-24,27834.375,12.40999984741211,1.0,1.0,0.0,0.32538866765483,0.42535574308678364,-0.26103583221653603,-0.23822078833731486,-0.0998795835459116,-0.5788224726009523,0.22399287149416638,-0.30996541360914526,-0.3192099093023969,-0.12827786566515895,-0.7186513440596751,-0.967803170264887,-0.5068778059813558,-0.7652104515472176,-0.6696024760817464,-0.07365075720055572
2018-08-27,28263.87109375,12.239999771118164,1.0,0.0,0.0,0.33253550581931923,0.4104332374099646,-0.1885109558013846,-0.23252046336136806,0.46050877695402936,0.7519677501866784,0.1494518420865065,-0.18120189854578253,-0.3169308617859111,-0.11919686308186556,-0.7441809892711628,-0.9072072840148462,0.9987023414186053,0.343051710143813,-0.056099534111490455,0.06097416603142616
2018-08-28,28269.322265625,12.43000030517578,0.0,0.0,0.0,0.33272075379881155,0.3985344492045769,-0.1495032182440374,-0.22729448489894127,0.4669902762627401,0.7348869388536656,0.32470923610071095,-0.03159686609747033,-0.3126691846043194,-0.11516371612163445,-0.7431967392066477,-0.9251550964931895,-0.025334801363053168,0.6785661377000667,0.2668665641870644,-0.08722285540912103
2018-08-29,28223.771484375,12.4399995803833,0.0,0.0,0.0,0.31938565443264116,0.38619242570036827,-0.15522121484124515,-0.22313896203018857,0.379138255671702,0.5049609290140789,0.7110761761889517,0.1840024681090835,-0.3090118248633705,-0.11388991576737613,-0.7341490026397333,-0.9597371980772,-0.14761614094270595,-0.12012969157786743,0.47165458054885917,-0.11803872335578898
2018-08-30,28102.923828125,12.40999984741211,0.0,0.0,0.0,0.2837043500829235,0.3687652021206349,-0.22082329302706433,-0.22089870940164352,0.1449903377321482,-0.10504001142047181,0.4055543662123456,-0.07894114918200786,-0.30781570936670843,-0.11060877488766677,-0.7419350739537476,-0.9631210454928637,-0.3290166217602341,-0.33171958314023314,-0.2851779991979251,-0.0023756873403232943
2018-08-31,28061.423828125,12.600000381469728,0.0,0.0,0.0,0.24346774241263908,0.34630547702640335,-0.2857455287151693,-0.21939362408376956,0.06419053235575618,-0.31451895220906345,0.031442950189292405,0.03717804812026284,-0.3093415462454683,-0.10279628844355908,-0.7769566553389347,-0.9829469955514142,-0.13848576684542155,-0.3253580075192741,-0.3496768423129144,0.1596981287958839
2018-09-03,27819.17578125,13.390000343322754,0.0,0.0,0.0,0.16838011267532324,0.3124419137399903,-0.4328617628044935,-0.22107784247410367,-0.3837090208060689,-1.537310862268826,-0.6966234712475526,-0.3701257873337048,-0.31916783822519107,-0.08632436556765928,-0.8756328774789254,-0.9384650673177187,-0.6256197837747277,-0.5320158535688646,-0.6221507168042211,-0.5549212372524043
2018-09-04,27430.431640625,13.779999732971191,0.0,0.0,0.0,0.043680523073694,0.2589526050726173,-0.6860454456124725,-0.22748962412355145,-0.974682708944778,-1.7943998875973701,-1.298877394950074,-0.7649871306164251,-0.3127288644721958,-0.09659677212679268,-0.8129378731422672,-0.8780879283565797,-0.9915069842059943,-1.1263572160042454,-0.9997865749731526,-0.9799880033130698
2018-09-05,27375.732421875,13.649999618530272,1.0,0.0,0.0,-0.06565139032275581,0.19301598230247663,-0.8466231339719582,-0.2339785332708266,-1.0491267596220417,-1.3132984989024767,-1.6549406052775262,-0.7937841974428026,-0.30515183088453507,-0.11150355335911943,-0.7285208519958466,-0.8577797347964237,-0.17358890987523723,-0.8114053250213071,-1.0197962329152723,-0.9914147045696791
2018-09-06,27468.380859375,13.720000267028809,1.0,0.0,0.0,-0.13839978441886608,0.12486610871132998,-0.8751753740506301,-0.23868451435926852,-0.8687521638220633,-1.0709373596567866,-1.4886792444983044,-0.5579513037882042,-0.30142031197980207,-0.120848294693064,-0.6793607277094251,-0.8580538552724271,0.19043233153116643,0.012109271022123261,-0.5546263854077257,-0.7628835062697349
2018-09-07,27481.12890625,13.890000343322754,0.0,0.0,0.0,-0.19429001182668038,0.05851444818076445,-0.851977365704255,-0.2427820162355649,-0.8432116577060353,-1.0375894560423033,-1.2188776123354073,-0.40582567524071583,-0.29999500591766287,-0.130103991778523,-0.639153977285588,-0.8663731300998828,-0.0069707038454742834,0.12820027739202644,0.006583594703994963,-0.7050235476512198
2018-09-10,27201.43359375,15.199999809265137,0.0,0.0,0.0,-0.28257402719406705,-0.013256291191781958,-0.9218866767651537,-0.25000609400501395,-1.25900354135615,-1.7692507382865865,-1.381423810491517,-0.927517898315439,-0.2994591398916098,-0.1456098171300607,-0.5785854839189932,-0.8563181845799342,-0.7312500987494862,-0.5139806909087962,-0.3112970471374523,-0.7514955297488336
2018-09-11,26807.1875,15.329999923706056,1.0,0.0,0.0,-0.41334350930143715,-0.09835631530673786,-1.0938423062085825,-0.26149930946772626,-1.7296292456451605,-1.8696560540558478,-1.6661656671082297,-1.2236097345201398,-0.28909856625769786,-0.17404354146330628,-0.4316118276621085,-0.784719535353227,-1.0272078653001442,-1.2248295328900145,-1.0053820131040732,-0.7672021070460113
2018-09-12,26818.88671875,14.25,1.0,0.0,0.0,-0.5117244241375226,-0.18726322312625218,-1.1429533497706204,-0.2717508301293086,-1.703708887559738,-1.4692285075775955,-1.820044255132149,-1.1828582432228858,-0.28047813217427936,-0.19609258461761342,-0.31496428918009595,-0.7801659468251206,-0.008844449242097673,-0.7214943880881571,-1.0064500942278944,-0.6947228985247229
2018-09-14,27163.533203125,13.84000015258789,0.0,0.0,0.0,-0.5309657155971337,-0.2624620621074374,-0.9661111822348823,-0.27669252263267646,-0.9950316325502563,-0.8533004036591701,-1.493509518084662,-0.8402898585942534,-0.2818627654186307,-0.2061096658450148,-0.2816861424041487,-0.7619562944778396,0.8264303450668131,0.5700254908905319,-0.11853379461275292,-0.4149160238958853
2018-09-17,26819.98828125,14.5,0.0,0.0,0.0,-0.5967947790486597,-0.336556911066583,-0.9518690602600178,-0.28548321985917835,-1.4141391867057425,-1.4672598720837415,-1.3500559633429379,-1.0668508955450688,-0.27783694571427137,-0.2237684971916151,-0.19854455588016268,-0.7348661145372939,-0.9004408070629271,-0.05119304771665576,-0.04627344255535455,-0.807997561628652
2018-09-18,26441.142578125,14.420000076293944,0.0,0.0,0.0,-0.7039555068859673,-0.4185183338367129,-1.0533524989720096,-0.29820021252682843,-1.792744942128435,-1.8835871431681384,-1.4977741124617443,-1.177802903148554,-0.27381128181784037,-0.2505267490144989,-0.07973478460254821,-0.6877400390532058,-1.001916488864126,-1.3250911948756328,-0.6123490161255953,-0.9270770478428056
2018-09-19,26277.044921875,14.010000228881836,0.0,0.0,0.0,-0.8083232369219728,-0.5061817479899215,-1.1269115485614243,-0.31176938314326497,-1.937627105678997,-1.8728070666562562,-1.86122650451238,-1.0209184907136784,-0.2742070075625059,-0.2768014629576841,0.021398103926406082,-0.6793310537223489,-0.4600391440829243,-1.0182419406399092,-1.3456683775570364,-0.6775515715149948
2018-09-21,25596.603515625,15.539999961853027,0.0,0.0,0.0,-0.99095326647001,-0.6149746047208298,-1.3994938114848814,-0.3326019403273772,-2.423620633211791,-1.3756774047800722,-1.8285775106219762,-1.501598886362643,-0.26450305287926895,-0.3225143564023608,0.23786639550663546,-0.3528116442069722,-1.8153266003075803,-1.5849843193932616,-1.8671758609006794,-1.4723121116500435
2018-09-24,24970.05859375,17.43000030517578,1.0,1.0,0.0,-1.2242970007304552,-0.7514069257930827,-1.756059192159316,-0.35932845297594135,-2.7431535602638766,-1.875702817644474,-1.8257667619772762,-2.0455936309476397,-0.243924462157926,-0.3849001167413849,0.5638580317197582,-0.25740912348916306,-1.71685900204482,-2.4606718304591984,-2.2747107396115362,-2.591230454705893
2018-09-25,25330.0546875,16.68000030517578,1.0,0.0,0.0,-1.3387309568226533,-0.8847780427154984,-1.7165678543559193,-0.37898308872120123,-2.1479231492314064,-1.272742505218125,-1.6118447660205633,-1.7799580166643123,-0.23922423231680992,-0.42328636355423616,0.7369237568922529,-0.17377675596029957,0.9310815465669833,-0.5471157235340423,-1.4817376103259834,-1.785453495225954
2018-09-26,25376.005859375,17.09000015258789,0.0,0.0,0.0,-1.408352026599095,-1.0062134682321033,-1.5625904003370572,-0.39618807663153194,-2.074742768765381,-1.1454124122311684,-1.5297556876604548,-1.5459866143834644,-0.2497071285173142,-0.45091987018941676,0.8113172754974088,-0.2165411587657595,0.08435863476329535,0.7078801927640685,-0.3988701383398224,-1.3075475256152442
2018-09-27,25041.859375,16.920000076293945,1.0,0.0,0.0,-1.5021677202216979,-1.123222256136327,-1.505484166081808,-0.4159559629258116,-2.279508846165216,-1.5263063597192543,-1.405196444434299,-1.5196916825267985,-0.2612278660696167,-0.48200675329161,0.8969759139194542,-0.22090060662357475,-0.9361564188128125,-0.5931152968543222,0.046149603389112094,-1.517014982688522
2018-09-28,25119.55859375,17.0,1.0,0.0,1.0,-1.5487526198697512,-1.2266911434433863,-1.330811467975276,-0.4328642241554588,-2.1490139103490264,-1.4305790100645888,-1.4614648900673246,-1.46752697720337,-0.27942766190073737,-0.5044612611356145,0.9227361631466574,-0.2279521091863467,0.17142476690170672,-0.5324520887840214,-0.3868735108546537,-0.6429451288646219
2018-10-01,25366.705078125,16.84000015258789,0.0,0.0,0.0,-1.53101088078588,-1.3057103904491698,-1.015396697496655,-0.44505462089744036,-1.7429012580284315,-1.1134129323019413,-1.4500571298762692,-1.5258883687397649,-0.3028596137766113,-0.516525555059891,0.8855873565462333,-0.15369192120797595,0.6247148884374082,0.5550828522668586,-0.0788571091973703,0.38722864222309006
2018-10-03,25069.609375,18.1200008392334,0.0,1.0,1.0,-1.5491239503592917,-1.3727602602329356,-0.8609846765943342,-0.45981962950557026,-1.960006311622544,-1.4550466381330551,-1.4246531602825558,-1.5073544707287199,-0.3275927997702997,-0.530645063696615,0.8517872880200755,-0.16306561548893364,-0.8363166617411195,-0.14705960502793497,-0.021945983423471375,-0.39033694503731103
2018-10-04,24819.01171875,18.920000076293945,0.0,0.0,1.0,-1.587770098249277,-1.4345814076316068,-0.7935310760231623,-0.47632939482557934,-2.12785392839647,-1.5555616744302083,-1.4692092676404103,-1.4253211503856202,-0.3485888327160553,-0.5487845706583263,0.84881765442175,-0.13418178710526368,-0.7188218932601748,-1.0831670136888492,-0.5294085527673134,-0.7436956482502822
2018-10-05,24443.166015625,19.729999542236328,1.0,1.0,1.0,-1.661866169276043,-1.4997241993216404,-0.8363822451553755,-0.4959925850456435,-2.3538677779508257,-1.7273337157732207,-1.6880709831943717,-1.6021887157508645,-0.3602561107946352,-0.5765079240557734,0.9222650479548491,-0.02906169745508687,-1.0718854609472441,-1.2472992512205778,-1.4965126273749414,-0.8034095439979667
2018-10-08,24618.0625,20.149999618530277,0.0,1.0,1.0,-1.675813284449819,-1.554790987175616,-0.7063958568842116,-0.5115839887942042,-2.0630878518157467,-1.4924113317907095,-1.7013914329579773,-0.9409144423514595,-0.3784722691682018,-0.5943137184703077,0.9288871012266212,-0.02883701950411118,0.44449148341280736,-0.436762252656262,-0.7664203717543048,-0.6832740358894246
2018-10-09,24527.365234375,19.76000022888184,1.0,1.0,1.0,-1.6844696528908012,-1.6006769397612586,-0.5879576707481043,-0.526830900145039,-2.1233679971446064,-1.5869711283625167,-1.71258884988426,-0.5113830543987394,-0.40350499010955015,-0.6074410319595431,0.8891357507801814,-0.09179055493525351,-0.28838068600101663,0.10914362393734327,-0.5210582594746832,-1.0849897857558553
2018-10-10,25321.404296875,17.90999984741211,0.0,0.0,1.0,-1.5489951505475892,-1.6087062332221842,-0.09958445536435949,-0.5306416895758368,-0.9782119871255929,-0.4466460269598947,-1.2560258661754093,-0.14707437790867972,-0.43819373011254,-0.6000277717417283,0.7226736680197667,0.014491581562799307,2.119476158922317,1.2761868977037694,1.2980966329793238,0.215409167697525
2018-10-11,24783.662109375,20.549999237060547,1.0,1.0,1.0,-1.5127114959449408,-1.6074485478159344,0.020223045757739463,-0.5408509733421272,-1.4057331794460033,-1.149156065492191,-1.1336559473232646,-0.6290034948925257,-0.46810701803887045,-0.6010576310195037,0.6099412604608218,0.10852648726192182,-1.4922164293856885,0.437415995749503,0.1941253208953691,-0.12484520952179987
2018-10-12,25395.5546875,18.6299991607666,0.0,0.0,1.0,-1.3727843985505224,-1.5768203324033025,0.39912019379942737,-0.5423941704965876,-0.730690647636663,0.7454945539271123,-0.30213589711383654,0.15601583968097602,-0.49076959006790344,-0.5962232622307465,0.49963641993154634,0.1574758147377977,1.6134683344345668,0.08485573852685742,1.2782262039459258,1.0565742867143268
2018-10-15,25387.755859375,18.88999938964844,1.0,0.0,1.0,-1.2512301661925869,-1.5265851629369684,0.6520614574101903,-0.5438884568756566,-0.7373561408344427,0.9861027395801008,0.20863660227888894,0.08378600966909415,-0.5166094815998631,-0.5883265707852351,0.3628710124484198,0.08824182086961448,-0.05919837898537406,1.0833090983445208,0.03632794333397691,0.8349762892671841
2018-10-16,25589.353515625,17.3700008392334,0.0,0.0,1.0,-1.1123478549725472,-1.4569961377803122,0.9017376029574458,-0.5427055951729618,-0.5253100414816514,1.0733311977282,1.0009495330692497,0.04398406283088342,-0.5583825555450903,-0.5656784441948461,0.0978772283342689,0.03502129110267513,0.4972945663900517,0.3056165573935807,1.170398315999674,1.1806335588907848
2018-10-17,25188.306640625,17.979999542236328,0.0,0.0,1.0,-1.056757191587586,-1.389556572631767,0.8740083019633587,-0.5466780432729368,-0.8869224065112814,-0.08587353748910971,0.7045682219245856,-0.04071560615096263,-0.597170785969173,-0.5469204613207596,-0.1400125304709405,0.12320533534222967,-1.1082712065001166,-0.42532349533841346,-0.3810604002579979,-0.23941160349820972
2018-10-19,25085.509765625,19.790000915527344,0.0,0.0,1.0,-1.0199002530270025,-1.3278024381702225,0.8006628951142042,-0.5515647034369087,-0.9749393166730475,-0.2869331341385675,0.2507330972877953,0.08506048278871466,-0.6278837676632494,-0.532918331820818,-0.3258706124107382,0.06748741174406181,-0.3153709386469919,-0.9915470706000635,-0.5270850821114936,0.2783407348370052
2018-10-22,25078.30859375,21.36000061035156,0.0,0.0,1.0,-0.9830259694896198,-1.2705929763885986,0.7420339389179526,-0.5560765130068803,-0.981397114645505,-0.30101784938493,-0.23922000141716765,0.40451737139745264,-0.6586701300869866,-0.5167425128866856,-0.5222005131758767,0.0542386504735887,-0.0578414262966975,-0.2596615629446353,-0.8435262997992241,-0.45695080811475347
2018-10-23,24972.158203125,19.040000915527344,1.0,0.0,1.0,-0.9622033327651057,-1.2204173290893168,0.6512935863729132,-0.5614933330917182,-1.0806794760347795,-0.5086365607829654,-0.3899343004635385,0.16145109251890852,-0.6677210287059815,-0.5156226750231347,-0.5647922553236379,-0.0012236839374844622,-0.3256829636299639,-0.2668464521984004,-0.39743168553473013,-0.5741905119805715
2018-10-24,25063.908203125,18.8799991607666,0.0,1.0,1.0,-0.9229037259436381,-1.1719572247547776,0.6291620709885226,-0.5652406255511535,-0.9552870814632494,-0.3291834597758795,-0.4049964697216156,0.3184201672972038,-0.6673617768162067,-0.5147440745468892,-0.5669871975717973,0.00060204531558778,0.2099886322360139,-0.08023622650902969,-0.09796376321622463,-0.700590553784245
2018-10-25,24817.16015625,18.959999084472656,0.0,1.0,1.0,-0.9230961772415013,-1.1332298825400027,0.5036037031638526,-0.5717335770620956,-1.1988275040454497,-0.8117960175868931,-0.5870880182893327,-0.5571594665017843,-0.6708064128780401,-0.5179965071485858,-0.5677250819051239,-0.04272417350399445,-0.7084706616888311,-0.3469430297603733,-0.46883848620847013,-0.524698587869667
2018-10-26,24420.767578125,19.229999542236328,1.0,1.0,1.0,-0.977888038467238,-1.1138472502253969,0.2540455437000892,-0.582592286659856,-1.546330709518632,-1.5870971332351191,-0.9715573788305825,-0.44671400974523967,-0.6716798828020479,-0.5298499206451384,-0.5213354210820891,-0.05382286103273964,-1.128923871986992,-1.27982847943764,-0.9267056295491899,-0.8826206234394034
2018-10-29,24959.408203125,19.82999992370605,0.0,1.0,1.0,-0.9269932377963203,-1.0875668967264818,0.34303021248725746,-0.5856441100633485,-0.8289264715622889,-0.6688316076732351,-1.0926413661053325,-0.49975782623534026,-0.6721974916112391,-0.5304105657450416,-0.5211352141765856,-0.017620133219899255,1.439232424593604,0.21658069823490905,-0.22600632773286194,-0.2239840453509524
2018-10-30,24807.4609375,20.5,1.0,1.0,1.0,-0.903065430928378,-1.0614771826170428,0.3405708520003645,-0.5903158279595275,-0.9714741635061942,-0.9875300675904233,-1.1552902561584537,-0.6188333023734972,-0.6738128880813067,-0.5328923793767967,-0.5174104547047845,-0.03943160227134378,-0.45197231022482254,0.6882457697854283,-0.07979593651081707,-0.27954495374621585
2018-10-31,25152.95703125,19.799999237060547,1.0,1.0,1.0,-0.8218867411788612,-1.0234201724542216,0.4949560246006466,-0.5901984447232791,-0.5581145092818792,-0.2628768628577076,-0.6832079811336508,-0.49723731515400155,-0.6776231659065676,-0.531764275386014,-0.5381911549836994,0.011887302813969328,0.8983579088051926,0.31139219325313117,1.0758047158720654,0.023302620881524322
2018-11-01,25323.35546875,19.190000534057617,1.0,1.0,1.0,-0.7244634498923088,-0.9723504012838806,0.6628283113052397,-0.5879496963944317,-0.3676533122440544,0.09452160285453291,-0.4110738593906497,-0.0275813776351702,-0.6737653477134817,-0.5324075180710147,-0.5192637150339227,-0.0608378769890204,0.41888281114304327,0.9181593038287922,0.4941802519549964,0.5192809810676623
2018-11-02,25701.3515625,18.229999542236328,1.0,0.0,1.0,-0.5825995520594187,-0.9014625035200208,0.9184938251445144,-0.5811622926336739,0.023488128866954484,0.8873412198270779,0.2573145670230898,0.37445569033820064,-0.6596193055205007,-0.5354091787270251,-0.4472998113913586,-0.050143670641374254,0.9651014048868914,0.9646627431191366,1.3019472457558448,1.4405459153063607
2018-11-05,25731.900390625,19.479999542236328,0.0,1.0,1.0,-0.46246963080184605,-0.8193211097489699,1.0636705564359383,-0.5746371954718857,0.05390098834845666,0.9514151894089996,0.690207619185194,0.40614269312218076,-0.6502794727985065,-0.5279528633895839,-0.4398768136248013,-0.12394986132233453,0.042058697497395534,0.7021110591227551,0.8138355601491438,0.8258603257728321
2018-11-06,25597.703125,18.51000022888184,1.0,1.0,1.0,-0.38678501952184463,-0.7375858326592739,1.0584314118817144,-0.5704208967157837,-0.11621544520024528,0.6699460777151025,0.8953454661686937,0.3849317065209275,-0.6444797973315017,-0.5209252529119275,-0.4454029649940533,-0.1778869505352393,-0.39253887467615267,-0.24382294231905494,0.35130517173718473,0.8520080235571037
2018-11-07,25769.400390625,17.719999313354492,1.0,1.0,1.0,-0.2984192700917792,-0.6534908972300811,1.0888723952413581,-0.5644472746557424,0.07174907514421354,1.1376684690640417,0.9845867049293769,0.4498429885324076,-0.6378187960633623,-0.511291493626771,-0.4582960777792031,-0.2507975884599714,0.41437787271029763,0.015589932007281171,0.03737916544851633,0.6390813502022191
2018-11-09,25770.701171875,17.770000457763672,0.0,1.0,1.0,-0.22806682894082037,-0.5713215881984952,1.0640306797500634,-0.5590262133063064,0.07320417007824719,1.1404955679020121,1.051993538398322,0.6651269217037575,-0.6296539758676739,-0.51382553569397,-0.41377934607698363,-0.31922128001424815,-0.03497745077649629,0.26472036336092986,-0.006533340472385774,0.43940585011700467
2018-11-12,25539.453125,19.3700008392334,1.0,1.0,1.0,-0.20939777637920887,-0.501633969179912,0.9030095218874199,-0.557029094700859,-0.25009220674779475,0.5608234228555876,1.0130914974650989,0.8198839389929636,-0.6271591696618025,-0.5063333986163303,-0.4349471595301019,-0.32626281742396757,-0.6488871587786481,-0.4761080880114778,-0.15265818959441052,-0.2706672728718042
2018-11-13,25768.30078125,18.700000762939453,1.0,1.0,1.0,-0.15868770548517844,-0.4351487329522406,0.8616968964036223,-0.5523447085511564,0.028389225171728864,1.0433321551059216,0.9794607619243187,0.5391125078515776,-0.6207833207853403,-0.5080196046653838,-0.4015059368123632,-0.332846553531186,0.5657860529941713,-0.05752694129940686,-0.066351789778698,-0.04025379455837525
2018-11-14,25929.849609375,18.82999992370605,1.0,1.0,1.0,-0.09409288863755191,-0.36828605179665264,0.8665661584393906,-0.5460751825922837,0.214458402505244,1.1130360712214173,0.9696714980427765,0.8080503966523489,-0.6108298286725934,-0.5111840380396072,-0.34716160586671047,-0.3796561888975671,0.3848878018711643,0.6627543436905703,0.17298176733685097,0.30177451997753313
2018-11-15,26154.4453125,18.450000762939453,1.0,0.0,1.0,-0.009387392390993097,-0.296864055649441,0.9253840090867743,-0.5375787479506923,0.4592977790987241,1.2594341596406238,1.2187250379680021,0.6943194103408887,-0.5976990951087929,-0.5173639343935219,-0.26720458447739887,-0.36511112163410053,0.5457196156317118,0.6487730809992006,0.85393711401303,0.35955822655051944
2018-11-16,26245.24609375,18.350000381469727,1.0,1.0,1.0,0.068954504062578,-0.2231417588720105,0.9550592430113586,-0.5287497927854807,0.5551253468291285,1.187373445270713,1.2700755130208592,0.6228473165306552,-0.5804806239576793,-0.5212452639621982,-0.18043727124987452,-0.4295145554106276,0.19633075684902074,0.5173962186721315,0.6433384763215099,0.4613221083147003
2018-11-19,26300.392578125,19.26000022888184,0.0,1.0,1.0,0.13578053214569663,-0.15001708982174794,0.9473494930897416,-0.5200682933254155,0.61468659495293,1.1967502388891271,1.2999194714682833,0.3484341102593781,-0.5641439038167112,-0.5220934993781908,-0.11040068012121476,-0.49996473709013434,0.10376564672136371,0.2094653974099515,0.483091909234301,0.7924511758676395
2018-11-20,26113.046875,19.32999992370605,1.0,1.0,1.0,0.15448178533409007,-0.08755836603046487,0.809752512752038,-0.5145692381783916,0.28312690120616996,0.8650594320759424,1.1593255515851808,0.17043219438587434,-0.5545431638837545,-0.5183047446738702,-0.08746104044136062,-0.5401097294936368,-0.5225735400465764,-0.2914301847651952,-0.1258615570941943,0.3136281454180728
2018-11-21,26261.74609375,19.559999465942383,0.0,1.0,1.0,0.18839791364026115,-0.030411463689187068,0.7412268852650179,-0.5077241983025611,0.4622214530241727,1.028648502342471,1.1027403792864738,0.40361728948781395,-0.5438248195522567,-0.5122787025426968,-0.06951180347188783,-0.5705984391104487,0.34618599546615025,-0.12252413949605433,-0.04044037235820792,0.29660131316041066
2018-11-22,25999.146484375,19.15999984741211,1.0,1.0,1.0,0.16881691569585636,0.011160830807918201,0.5403052644177816,-0.5048329243477114,0.014369775084591765,0.08474750647880878,0.7063132957466303,0.046881137994357024,-0.5393060230007602,-0.5045049623900197,-0.08393077903856969,-0.5704968821045653,-0.7190440157180753,-0.2594146737669843,-0.5094621885215247,-0.25983054873307965
2018-11-26,26365.29296875,20.399999618530277,1.0,1.0,1.0,0.2069573927732979,0.052492869271096324,0.5372058199734696,-0.49761318170157076,0.45401038371003455,1.2351870630295958,0.8382631669114492,0.34350258679074774,-0.5319531480944761,-0.49150373803720665,-0.1087510081685835,-0.5640799780977724,0.9087719642825057,0.13256632786383596,0.30644007738926987,0.05360745479236328
2018-11-27,26442.79296875,18.31999969482422,1.0,1.0,1.0,0.2442482492944934,0.09345284126785926,0.5324059432611306,-0.4901065692894375,0.5394896966411208,1.1929929290600148,0.8968516756271124,0.6011743769520884,-0.5361303235926546,-0.46011046124731547,-0.2560821804449218,-0.6105469562833031,0.16039780491104225,0.7453162093646354,0.20053622315217684,0.07852273259087009
2018-11-28,26457.642578125,17.959999084472656,1.0,1.0,1.0,0.2705427299727401,0.13178726657403583,0.49853484345812055,-0.4831281573224152,0.5565505766238319,0.9888890688233265,1.2191766054323563,0.42058948492102244,-0.5321117352822196,-0.44428906026417286,-0.3052432651488059,-0.6709048594738949,-0.00037218494893361003,0.11187127117623424,0.6101969049353992,0.3082648481118398
2018-11-29,26939.287109375,18.700000762939453,0.0,0.0,1.0,0.3617278427075813,0.1817583697251029,0.6486548463028374,-0.47075828630556094,1.0521872634352023,1.2057375798368735,1.2086779147425042,0.6757478188238727,-0.5218610528533616,-0.42651727944540957,-0.33709997732469565,-0.6126697602217206,1.1834702094261684,0.8246955648684895,0.7667816847642833,0.6766274437460841
2018-11-30,26862.63671875,19.15999984741211,0.0,0.0,1.0,0.41444116046494844,0.2328944734696985,0.6636840406094738,-0.4605302797850186,0.9054283144975642,1.0341807804702507,1.1520616537737263,0.42741459196898896,-0.5116390641016927,-0.4143575440138971,-0.3459118568836354,-0.648097586567847,-0.2313788756941653,0.6637419701454502,0.5434593069945455,0.8911753759588897
2018-12-03,26857.23828125,18.21999931335449,0.0,0.0,1.0,0.4476777951868396,0.280839433407097,0.6225164046398445,-0.45134424763505476,0.894623066682329,0.9795456168426592,1.1487307290278295,0.3486530180197764,-0.5024037633221875,-0.4035154593703103,-0.35323777306812776,-0.6817005471375142,-0.0520085463990333,-0.19707615729712974,0.5140253064802716,0.46848067223866585
2018-12-04,26693.490234375,18.11000061035156,0.0,0.0,1.0,0.44023924983289664,0.31762068785540015,0.4784980239542909,-0.4450919999025407,0.5646443527536056,0.47628031747466026,0.8886804551778659,0.17324482407847777,-0.49506070149362413,-0.39793492109255396,-0.346682945333592,-0.7227091006226184,-0.4525995665214942,-0.35121137000853286,-0.41857484725378663,0.19879291377743705
2018-12-05,26519.291015625,18.38999938964844,0.0,1.0,1.0,0.39936500444460793,0.3383927595545662,0.2719701306950229,-0.44162553879190414,0.2343913265740446,0.04025594155879722,0.5343479399209814,0.18603996168256598,-0.4921167527906924,-0.39049017430258876,-0.36519435521995214,-0.7495706724325458,-0.4818346270050674,-0.6506921017400403,-0.5613408072452125,-0.013026145867068427
2018-12-06,26197.99609375,19.309999465942383,1.0,1.0,1.0,0.3095029684322215,0.3359869446275634,-0.0270382678044489,-0.44252909338090374,-0.3049947395659156,-1.1877078515402233,-0.23827423691519475,-0.1907805855271,-0.49511950236347657,-0.37932681701434795,-0.4223370986863381,-0.7384722510509084,-0.8639734923090395,-0.9373163199271187,-1.024180867317662,-0.9137975491867322
2018-12-07,26593.9921875,18.59000015258789,0.0,1.0,1.0,0.29569626291791706,0.3311394624077693,-0.0585372149975795,-0.4383674460193606,0.2227171468260836,0.003535870279699053,-0.4068068286067074,0.33945955199463956,-0.4926436810457404,-0.37089529186015224,-0.4465280485294225,-0.700760431542343,0.97769486307424,0.0796088491002781,-0.2088777399474872,-0.38186641600619137
2018-12-10,26102.34765625,20.440000534057617,1.0,1.0,1.0,0.2012881547157558,0.30727561708896045,-0.3038595071991932,-0.4407839530684535,-0.4758789757984283,-1.4754394793822219,-0.9471496692721663,-0.3488804506891259,-0.49494000144394357,-0.3640612375503361,-0.48319728038519144,-0.647450860782107,-1.302215332059483,-0.2257355512645803,-0.6765149904498657,-0.9318940039709847
2018-12-11,26163.095703125,17.950000762939453,1.0,1.0,1.0,0.13214633361185316,0.2735474640886728,-0.43111489030279676,-0.44220648687034625,-0.39457409598130494,-0.6550730852507212,-0.7572662806455989,-0.3615416990717514,-0.5026747640588498,-0.34763695609096146,-0.5799749853428313,-0.5659171815452836,0.11904543877262191,-0.8239983591614968,-0.11616993687827767,-0.6803991896407752
2018-12-12,26643.5390625,15.8100004196167,1.0,1.0,1.0,0.14994666277377042,0.2503332078387078,-0.29547942534399574,-0.4374525747635621,0.1852023458736285,0.43957668918162673,-0.6018184700391109,0.007296454904725711,-0.5033330064047288,-0.33525085362294593,-0.6321372632337774,-0.5261443808187471,1.1940480582493855,0.9152697319469542,0.007156724397104352,0.05690420820913954
2018-12-13,26816.037109375,15.550000190734863,1.0,1.0,1.0,0.18697149133384589,0.23959982689509973,-0.13446877767727045,-0.43098247181474225,0.3665127586185664,0.8325989766524706,0.22099331554022675,-0.23577827877827276,-0.4993465509667018,-0.32757594971686055,-0.6468419686815324,-0.5497917194434122,0.39868468202324464,1.1101079908805747,0.976711714006886,0.6124097757822086
2018-12-14,26825.6875,15.15999984741211,1.0,1.0,1.0,0.21288821548869927,0.23649960014127375,-0.035996589656065996,-0.42500722771216853,0.3768208838079932,0.8545865798000769,0.7591844194924744,-0.16873872847358437,-0.49392163796300936,-0.3242781970978659,-0.63836172919558,-0.6111849054470142,-0.014026808713783477,0.2683834853911296,0.9008572484528838,0.17610253019497285
2018-12-17,27015.486328125,14.539999961853027,1.0,0.0,1.0,0.25829021402597785,0.24363085977877785,0.09599561521936324,-0.41721457469720674,0.5806293806119127,1.255243346603918,1.0499681961129963,-0.01646351679177755,-0.4841992995525314,-0.32415167085411756,-0.6002218992649518,-0.6534459717305142,0.43911375968427463,0.29655238976307546,0.47052606499640903,0.9421990281265363
2018-12-18,27174.3828125,14.579999923706056,1.0,0.0,1.0,0.3135550333653593,0.2610352324905618,0.22852482883956754,-0.4081661571508208,0.7433892940231167,1.2636563219742207,1.2036394068607719,0.23754546670814783,-0.47120410473868346,-0.32606134149611754,-0.5411424098845903,-0.6494839786517108,0.35879449791448237,0.5563151234639027,0.4477876754856376,1.0476764565240868
2018-12-19,27298.083984375,14.65999984741211,0.0,0.0,1.0,0.3703525492974096,0.28698256205990447,0.3387340075118221,-0.3984241081555614,0.8668485853781126,1.2131497290509339,1.3314665599598245,0.47539029098795094,-0.45805789052079715,-0.32397176162771557,-0.4975813446357005,-0.6997463686686298,0.2692128952733082,0.4379369293722955,0.6092412976753994,0.6407958830131694
2018-12-20,27274.783203125,14.329999923706056,0.0,0.0,1.0,0.4044609210043029,0.3149610462654036,0.3649370994786369,-0.38990285115131923,0.8214754130642269,1.1699019033895401,1.3010424805466152,0.7212633764198177,-0.44679576747882893,-0.32221056087652206,-0.46030242793715936,-0.7359222009528866,-0.09623175720564313,0.12089801063499125,0.3040811396600148,0.42305774686205266
2018-12-21,26869.337890625,15.989999771118164,0.0,1.0,1.0,0.3599827260816508,0.3279279585171949,0.17127897347115498,-0.387291103518898,0.09719334743804008,0.4110407120892239,0.9970864651916684,0.0770152550462951,-0.44917673510234246,-0.3080902431795289,-0.5256841002045182,-0.6729830947448507,-1.0527527814285036,-0.8001797602261755,-0.5005356493492727,-0.03392900755461212
2018-12-24,26714.439453125,15.75,1.0,1.0,1.0,0.29405509333226837,0.32434484377589007,-0.04222612930821287,-0.38687574534391933,-0.14488063512656632,0.12431004069755243,0.6089169674776194,0.3514076832897121,-0.4493019248753177,-0.3032929192221367,-0.5451621075664859,-0.7010688728272241,-0.42997254070765756,-1.0327131930762892,-0.8990886051403986,-0.416282908541718
2018-12-26,26986.486328125,15.920000076293944,0.0,1.0,1.0,0.2795786516251777,0.31841374094307806,-0.07251655959035469,-0.3830793003339002,0.20490997243913298,0.6278928035563204,0.41569164488043026,0.5194828297160334,-0.4462986186462234,-0.29916730210832565,-0.5496741417809594,-0.6180934303045973,0.6478300040336181,0.15216552866653443,-0.47495503631541913,-0.2891219427796404
2018-12-27,26878.23828125,16.06999969482422,1.0,1.0,1.0,0.24544891828072538,0.30644371594437664,-0.15042221486467328,-0.38100550354921003,0.029816363391085593,0.4275161202388665,0.42156509987521673,0.04464759599643996,-0.4451636538019492,-0.2947329481333925,-0.5627255532667919,-0.6089679059699963,-0.3106147440827762,0.23532790964789435,-0.051918037591070686,-0.544216701157444
2018-12-28,27124.935546875,15.270000457763672,1.0,1.0,0.0,0.2524312106848349,0.29834582232601936,-0.10046943782809084,-0.37602730568243736,0.3377292418617837,0.8841745200574298,0.6924554948882089,0.10143498864126389,-0.44209009830544843,-0.2954661258874437,-0.5477757069266876,-0.6184999549230611,0.5804029234221957,0.18834818377467405,0.5240209150314222,-0.24653175368497457
2018-12-31,27159.8828125,16.0,1.0,1.0,0.0,0.2580640842274812,0.2930599666553399,-0.06419249089085029,-0.37108380431286964,0.38007671599825954,0.9488649914248982,0.8068815341645152,0.12110645354006266,-0.43762332406151394,-0.2961648451303005,-0.5275154397180734,-0.6734238512954205,0.048807861790777174,0.43877539111418573,0.1825635088995901,0.23809906942063286
2019-01-01,27392.08203125,15.329999923706056,0.0,1.0,0.0,0.2937633446726217,0.2963886881364743,0.04694063179022244,-0.36369150162950015,0.6536192252356766,1.2327366542631533,1.0939412855535589,0.15215704243689301,-0.4279781908164782,-0.2991036867749366,-0.4781965421024001,-0.6553452944021149,0.538177196212259,0.4093546736349304,0.6663958647346981,0.6640358589938116
2019-01-02,27174.3828125,16.389999389648438,0.0,1.0,1.0,0.28147791322571947,0.29645088333349534,0.004800517438018849,-0.35974051961337195,0.25845608827608213,0.5155806066957151,0.9625381821027253,-0.13991899387282417,-0.4232093636357006,-0.2976638361939003,-0.46527392603687995,-0.666054284416657,-0.5788205325591816,-0.02794454871653545,0.0056098828934623875,0.12437182608630121
2019-01-03,26959.537109375,16.790000915527344,1.0,1.0,1.0,0.23218881645899248,0.2860663136292866,-0.1299689071000432,-0.358867234095593,-0.09814963603695175,-0.17298084027533225,0.5626020504007117,-0.39976736549111314,-0.4222318240827925,-0.2928022125148316,-0.4806431412479314,-0.6872618605326201,-0.575998371965643,-0.80424484665291,-0.3505450918035787,0.007616487366351954
2019-01-04,27194.68359375,16.15999984741211,1.0,1.0,0.0,0.22561891483048968,0.2763678331405978,-0.12111795183957529,-0.3551204495281744,0.21110915941544414,0.5806428123103646,0.3301317043977769,-0.20145119440546846,-0.423146869955023,-0.2785243509034788,-0.5403916675998455,-0.6871465186567026,0.549784172955148,-0.017891067081183674,-0.34392882857694723,-0.005854210168685521
2019-01-07,27304.234375,16.299999237060547,1.0,0.0,0.0,0.23273520482303783,0.2701155419414561,-0.07666007882409401,-0.3503530393181883,0.3475005174579791,0.8048374853428594,0.43325128985722505,0.1992079436205385,-0.4182446324742099,-0.27415873054688455,-0.5384198301145513,-0.7067415350581809,0.23389264425649064,0.5463993869066404,0.11933774157955476,0.07557370850545397
2019-01-08,27509.1796875,15.699999809265137,1.0,0.0,0.0,0.2655761763985058,0.27206602544797637,0.029160549585692662,-0.34346274054683823,0.591326676318422,1.2405105634735953,0.9371585721552191,0.4834030557485912,-0.419785639544669,-0.2537445777282173,-0.6242637915821354,-0.6956085018059103,0.46807503661240624,0.4894686583045615,0.7144853542695627,0.04473231314743268
2019-01-09,27720.078125,15.270000457763672,0.0,0.0,0.0,0.31913881489164625,0.284965431645284,0.1704081055803185,-0.33457688007313663,0.8219472034521328,1.2526853858874931,1.1767406070665214,0.42964362672509504,-0.4185586450589982,-0.23421848396810752,-0.695429569876355,-0.6959335120184471,0.47886260332156216,0.6601511410650368,0.6740583090935481,0.5100592580433463
2019-01-10,27528.23046875,15.350000381469728,0.0,1.0,0.0,0.3246471595685534,0.29645105351073064,0.15216945441631927,-0.32894953322250864,0.46064011173226393,0.7857549554255614,1.1699377175940473,0.3667690923319938,-0.4145755230294144,-0.2265600894307917,-0.7095956268424661,-0.7300985195806045,-0.5087674716118494,-0.020462535836489562,0.2507237127253754,0.5396374449340576
2019-01-11,27453.58203125,15.350000381469728,0.0,1.0,0.0,0.31097390818735665,0.3027449724885477,0.08519342718169994,-0.32479673368553036,0.3238820258859319,0.6040710728256895,0.9430481212166559,0.11394062972608472,-0.4113770875000704,-0.22138420238778939,-0.7171742594241668,-0.7624843612144147,-0.22230537360295313,-0.5090003614146512,-0.14281016105386438,0.19995719694864506
2019-01-14,27247.93359375,16.15999984741211,1.0,1.0,0.0,0.26171554553253673,0.29735228811076964,-0.0655706441771497,-0.32362520740132156,-0.03948006845040721,0.10355146616148912,0.5333838325271248,-0.0719925814332181,-0.4120219407389396,-0.2150664141508371,-0.7440797018540887,-0.7800320664364472,-0.5476445570267756,-0.5360879173192026,-0.7279445786831232,-0.1438795400272309
2019-01-15,27400.431640625,15.579999923706056,1.0,1.0,0.0,0.24176556210082076,0.2888148003219572,-0.10614046172330042,-0.32064778533195204,0.17337239927099599,0.06106784952129421,0.2750341113444674,-0.13353232396647188,-0.4095759152464952,-0.21247967197360204,-0.7445477284596436,-0.8180716345457342,0.33960212454069166,-0.14457963919839534,-0.2443529694335201,-0.20040110650415965
2019-01-16,27483.37890625,16.079999923706055,1.0,0.0,0.0,0.2340085509934712,0.28034267852597006,-0.10529720188920698,-0.31691097050218575,0.2868310666500496,0.2675852606953554,0.15507749139423568,0.09832757559278711,-0.4059196779649194,-0.2121736715869105,-0.73152591350881,-0.8670001906804422,0.16632359599714056,0.3528766915089578,-0.022824864628439835,-0.33790242093891065
2019-01-17,27528.4296875,16.239999771118164,0.0,0.0,0.0,0.22990096473755028,0.272695419739686,-0.09465598289065155,-0.31296358630638216,0.3497632111275908,0.44528892422053,0.2769063141894989,0.30221223626237137,-0.4023896120657766,-0.21278689293288472,-0.7154642741285706,-0.8756712259045645,0.07253361447757135,0.1667970736705486,0.33069200035516894,-0.08215942071661214
2019-01-18,27456.380859375,16.6200008392334,1.0,0.0,0.0,0.2101846213732423,0.262403733192426,-0.1287706596301697,-0.31029806618685263,0.20095683732439001,0.16109095128286538,0.31256437991385333,0.06170793284710626,-0.4001724688315051,-0.21267855348386683,-0.7072861630860922,-0.9169415090936882,-0.21589110422542918,-0.09951049412479057,0.014047149284902402,-0.07933746745676598
2019-01-21,27533.279296875,18.149999618530277,0.0,0.0,0.0,0.202014168643579,0.25244072827390157,-0.1245304728948755,-0.30691950470883383,0.3203507821342407,0.46441830064179995,0.38273502401030857,0.03584261532798836,-0.3982731361578674,-0.205791240297303,-0.7264565770823815,-0.93487038418555,0.15102930941051862,-0.044818726414585154,0.005329028437224663,0.22804360416933844
2019-01-22,27481.9296875,17.989999771118164,0.0,0.0,0.0,0.18270525202691573,0.24038269560912953,-0.15155756562861078,-0.30450836726605773,0.20535355638741926,0.2618687897712383,0.3173460579197214,-0.1606739692425882,-0.40221461431712235,-0.19141152043014412,-0.7969638972338456,-0.9771979312401281,-0.16482787851365913,-0.009240493983523685,-0.12997288111974592,0.006119982365851985
2019-01-23,27250.43359375,18.09000015258789,1.0,0.0,0.0,0.12640641966706578,0.21881800760971923,-0.27419902265805596,-0.3052376320227546,-0.28076351930216475,-0.6569047730751952,0.025731972896346624,-0.49490250073552294,-0.4039934917463689,-0.18602343108373898,-0.8245039319183837,-0.9483538945018494,-0.6113288825130886,-0.5404125178795293,-0.3553821749316246,-0.33600767358337275
2019-01-24,27266.083984375,17.43000030517578,0.0,1.0,0.0,0.0808451851388294,0.1919211064786888,-0.34298771485674256,-0.3057006591607977,-0.25081220602813714,-1.27897543874243,-0.5957849311742567,-0.3394448109856533,-0.40879459975259397,-0.17581869831971333,-0.8821540671785065,-0.9742959199795612,0.0004903356686351974,-0.4252272790451243,-0.44119310556465186,-0.3677030629596321
2019-01-25,27114.986328125,17.690000534057617,0.0,0.0,0.0,0.017851019178066984,0.1570679454800854,-0.4456281565595945,-0.3080194500554146,-0.5547253728394447,-1.6172497413143363,-1.2656874927347401,-0.39833284052419277,-0.4086852019128366,-0.1760660820780007,-0.8807846415296389,-0.941679012158137,-0.4147641335515688,-0.2882710599887619,-0.5836629398582774,-0.4551971110532218
2019-01-28,26652.740234375,18.899999618530277,0.0,1.0,1.0,-0.10727971243223483,0.1026956874185653,-0.6974360132064091,-0.315929562662534,-1.2986726637560566,-1.7582441899747376,-1.6583131224241605,-0.5975947004846051,-0.3978184383473075,-0.19420884465666896,-0.7691974872259854,-0.863967908135151,-1.2029614773075596,-1.1267744589578628,-0.9209081215558659,-1.0508843966182826
2019-01-29,26573.091796875,18.43000030517578,1.0,1.0,1.0,-0.21917383075956623,0.03551029549431561,-0.8627329920831845,-0.3240878093949406,-1.4055927996100601,-1.6014683579908244,-1.7732812998519096,-0.7725637191640208,-0.38942971547843586,-0.2139279055104522,-0.6608963859043697,-0.8650770705965699,-0.24109752790404332,-1.0057724898281217,-1.0586191666594675,-1.0844391747320117
2019-01-30,26825.1875,17.850000381469727,1.0,1.0,1.0,-0.2669696492294061,-0.028356222221299368,-0.8199175586508438,-0.3282992961988238,-0.8696158534187999,-0.8755361518203592,-1.5088616662169898,-0.6417014095950165,-0.3872539984630868,-0.22087037274177826,-0.6256920510578406,-0.8539280835286224,0.6011074442545582,0.25121005520899936,-0.4795472935865146,-0.5510286733479431
2019-01-31,27295.1328125,17.1200008392334,0.0,1.0,1.0,-0.22955677632483243,-0.0715292647347133,-0.5529595318300261,-0.326200722160328,-0.0794861147882233,0.4287242341849518,-0.7292111411646395,-0.3174854138823266,-0.3874004805467577,-0.21623188908921145,-0.6441695495213421,-0.7965103007053246,1.1378533748970887,1.2119922041433897,0.8547749481189357,-0.050646611530343146
2019-02-01,27085.634765625,15.720000267028809,1.0,1.0,1.0,-0.2332391716755866,-0.10684724869791544,-0.45162464676908254,-0.32693618481118464,-0.4128355234719113,-0.1527051283742211,-0.2127295129119914,-0.42284094810836265,-0.38737999971066206,-0.2177107631184601,-0.6383821439246743,-0.7122434814654429,-0.5602373596705255,0.4028268059393154,0.6728573670086219,-0.11464745410567481
2019-02-04,27186.283203125,15.720000267028809,1.0,1.0,1.0,-0.22003900201278995,-0.13230720706518886,-0.3244503062717298,-0.326336076824972,-0.25684993260166455,0.12662901211596925,0.14454066420652442,-0.4039774023418956,-0.3879393518362993,-0.21870221511837962,-0.6367139978839285,-0.6893647681115398,0.21281213012461347,-0.2416944117487459,0.45151945405680965,0.5082211395796117
2019-02-05,27271.3828125,15.779999732971191,1.0,0.0,1.0,-0.19622063042504564,-0.14763290950691962,-0.1937124317124925,-0.32472310221776785,-0.12503945476960374,0.36280978979388,0.12104227684513431,-0.3004411304205339,-0.3906914626587972,-0.21900218397108218,-0.6461884722583868,-0.7351569820248595,0.17327929513826337,0.2693823107471501,-0.09831157900528488,0.6905259287558042
2019-02-06,27402.03125,15.630000114440918,0.0,0.0,1.0,-0.15715279242659114,-0.15162294959778813,-0.04747570615895447,-0.32162100567620033,0.07411753529197794,0.7254042810938452,0.43408678840832376,-0.02335821899093415,-0.3971448720627727,-0.2165037996267137,-0.6808007057467158,-0.789121476818519,0.2852947101232823,0.31988444887981204,0.38366257018405875,0.5515843405360373
2019-02-07,27386.83203125,15.4399995803833,0.0,0.0,1.0,-0.12964278636924065,-0.14899121157743944,0.03794913434477106,-0.31900545781812656,0.044714210430959536,0.6832212049218614,0.6325109588569162,-0.0471312313269596,-0.39946917752602484,-0.21596279738200147,-0.6918920753044165,-0.8062384696576993,-0.07597387973600919,0.14621764138292123,0.21904741675255815,0.01756190142483524
2019-02-08,27294.083984375,15.56999969482422,0.0,0.0,1.0,-0.12376293313454353,-0.1456410772178721,0.04721687054273511,-0.3178051989292141,-0.13915063071239442,0.4927044877186033,0.6788181978274288,-0.0015260752142405183,-0.40152533037844707,-0.21594413969920956,-0.6999338217094881,-0.8239202214809441,-0.268154330891581,-0.2393972183425201,-0.03258064554102377,0.14606362261798983
2019-02-11,27227.484375,15.84000015258789,0.0,0.0,1.0,-0.1307624171711954,-0.14444273551807038,0.01945747696743744,-0.31755665611361195,-0.2710669396154003,0.3026439630054606,0.5281048631822091,0.31190162042397773,-0.40165744255893365,-0.21607928061878628,-0.6999245171530197,-0.8723257202016869,-0.20386076453287208,-0.3285022298016404,-0.3114113394213938,-0.03725132163556523
2019-02-12,27010.435546875,15.75,0.0,0.0,1.0,-0.17156054620103256,-0.15212088045629737,-0.09505443245497991,-0.3200608980445739,-0.6748470484447571,-0.3167652880238011,0.17161137856781167,0.204918271582458,-0.40375550102745744,-0.21909743955667585,-0.6964089224933394,-0.874204115800683,-0.5804698248778613,-0.5461076215876028,-0.5989864801118197,-0.36886271198171955
2019-02-14,26970.28515625,15.770000457763672,0.0,1.0,1.0,-0.2104044692917118,-0.1664865162826209,-0.18132700651149,-0.3228314810336222,-0.745871506912693,-0.4313456043535488,-0.15781090823797214,-0.0265874025280281,-0.4076241922699399,-0.22190904764729424,-0.7005618961739823,-0.9017181639617815,-0.13914793435644965,-0.5010190459797003,-0.5254496499533081,-0.5555959521546683
2019-02-15,26793.939453125,16.459999084472656,0.0,1.0,1.0,-0.2688087083864338,-0.19034299390238235,-0.30376445953896675,-0.3275555227542844,-1.0475445856072025,-0.9345971576490975,-0.5988852642636309,-0.5246466902521875,-0.41191757349674535,-0.2272355034561045,-0.6966415052952871,-0.8723788948253363,-0.48269442894416464,-0.43289417305836314,-0.6843917208350793,-0.734532369091886
2019-02-18,26653.939453125,18.0,1.0,1.0,1.0,-0.33612572979262995,-0.22367894916054146,-0.4260553082684023,-0.33358997835281823,-1.2678806094839319,-1.3341261295086255,-0.96157267459335,-0.47386147596623346,-0.4140125294750314,-0.23576930329489618,-0.6717134329416039,-0.8999329772949624,-0.39320964689663734,-0.6099113225743196,-0.5776487974335407,-0.7895503666050748
2019-02-19,26684.5390625,18.46999931335449,1.0,1.0,1.0,-0.38268478250824867,-0.26020409864740596,-0.4671977935264109,-0.3386649725776555,-1.1923440855277014,-1.7147556345747563,-1.4191061683857389,-0.5266115648527281,-0.4200922948299539,-0.2407544847992139,-0.6760295586791865,-0.8778843344491893,0.03931384863835918,-0.24620277161831577,-0.47592117633607767,-0.6825658681437363
2019-02-20,26955.1875,17.059999465942383,1.0,0.0,1.0,-0.37449538461143655,-0.2876905519319152,-0.35059328511803534,-0.33985357284238205,-0.5754832271178958,-0.8024221202927962,-1.371985992284774,-0.3828492586406392,-0.42758673029970706,-0.23995661593154463,-0.7083706385293611,-0.878494208619937,0.6450813728015784,0.4772250713154018,0.16693886640043537,-0.14338548861085684
2019-02-21,27052.0859375,16.049999237060547,0.0,0.0,1.0,-0.3509771134116615,-0.3047009804884431,-0.2154463915691671,-0.33971059800537995,-0.37817093960773196,-0.47578549593465325,-1.0659890157180696,-0.40749722540042355,-0.4299739857998781,-0.2401109142590559,-0.7170987376684872,-0.9256896656570934,0.2046375913982608,0.5924141621786605,0.5077265482829821,0.007862709428781296
2019-02-22,26867.23828125,15.449999809265137,1.0,1.0,1.0,-0.36026437318629595,-0.32027540307967073,-0.1969210682363955,-0.34190546488586926,-0.7287932956545455,-1.0988916678790088,-0.8464345586482759,-0.5374357832526285,-0.4333764032961894,-0.24188321958919007,-0.7235157689033076,-0.9517335309592326,-0.5027753806068531,-0.2073534553400958,0.19872230777689368,-0.0009718910019212591
2019-02-25,27158.93359375,15.359999656677246,0.0,1.0,1.0,-0.3198011768825445,-0.32416902691724786,-0.04623187966385791,-0.340223597862859,-0.16325606663630043,-0.1156108774525003,-0.601587518253515,-0.2436675682069319,-0.4328210966843686,-0.24187661049897025,-0.7213690445771167,-0.9383894792642976,0.6929636016142722,0.13288702205677141,0.22601636002842407,0.47688925872358673
2019-02-26,26952.63671875,17.110000610351562,0.0,1.0,1.0,-0.31955914918686473,-0.32723268958798457,-0.0355248914333812,-0.3412958304664875,-0.5413085247690766,-0.8110205930697805,-0.7210982604343509,-0.35142264857732675,-0.434437700797152,-0.23617776354473557,-0.7498314710916509,-0.8980362949364954,-0.554819885409058,0.09662508476624641,-0.2068931466671162,0.2155005441406791
2019-02-27,26798.990234375,18.899999618530277,0.0,1.0,1.0,-0.34250755525309323,-0.33454171538085636,-0.09029257792146408,-0.3441978555427207,-0.798300575557612,-1.328950193335483,-0.8031137336270323,-0.3039401354734732,-0.4374885617757065,-0.22996793177901528,-0.7858597148040568,-0.8463291480173754,-0.4255947463276693,-0.6827289089554169,-0.16289828015699429,-0.25554265451310293
2019-02-28,26789.58984375,18.280000686645508,1.0,1.0,1.0,-0.3605566077882045,-0.34420985601577553,-0.1207265498436692,-0.3469416952797162,-0.8140139492301802,-1.2883479313768191,-1.2211924995295431,-0.28029558892121925,-0.4372263060602135,-0.2307179733649139,-0.7819258378102821,-0.8920528836115492,-0.062157723192497454,-0.3394672236034812,-0.5933360731873975,-0.3729190637981788
2019-03-01,27043.5859375,16.270000457763672,1.0,1.0,1.0,-0.33291541632566823,-0.3460928269486192,-0.020293272116098174,-0.34623053789305375,-0.3094582145139773,0.08811928777208106,-0.9006506606764194,0.05530007575424864,-0.440826816349996,-0.23031443656680614,-0.7976003045417822,-0.8958561915589083,0.6007230164435701,0.37561826899950695,0.0653519019570876,0.11256427273004005
2019-03-05,27553.73046875,15.65999984741211,1.0,1.0,1.0,-0.2292919926179898,-0.32566249475090214,0.26756148970542804,-0.33917268867884415,0.4647045165144812,1.2447136304120665,0.016856116891257652,0.5673972002011283,-0.43045282208601005,-0.23490763669218828,-0.7391736220651218,-0.7984716777189182,1.2273195280948241,1.2740597740430786,1.007553835577387,0.34765378330370433
2019-03-06,27625.330078125,15.609999656677246,1.0,1.0,1.0,-0.1366582502452443,-0.28970799636273803,0.46783238348934925,-0.33188674121257944,0.555727430913183,1.163090682744022,0.8907898150274325,0.5987788165949004,-0.4200777575221394,-0.23989019830348385,-0.679331147435428,-0.8381077719845812,0.13737119042144066,0.95122002520656,1.1212902411062866,0.652182755803789
2019-03-07,27764.27734375,15.289999961853027,0.0,1.0,1.0,-0.04304186851674921,-0.2411261437778613,0.6307326951761666,-0.3235476076927343,0.7297982688260123,1.1963131058428824,1.2858590270809402,0.488989917207735,-0.4074170932411103,-0.24654341267265997,-0.6042069279828491,-0.8551198738918503,0.30140450553676584,0.306090004045643,0.9506713021154729,0.9720255606434418
2019-03-08,27761.478515625,14.9399995803833,1.0,1.0,1.0,0.027865836430521512,-0.18724975365790839,0.6990353499734789,-0.316037869082676,0.7235028801807942,1.1886566359288355,1.2658748038526138,0.40951969593451293,-0.3982336347228137,-0.2513436252935225,-0.5499009788222398,-0.897812942406487,-0.04522398745777651,0.17886706446782075,0.22529008935503217,0.9794755456605019
2019-03-11,27966.326171875,14.899999618530272,1.0,1.0,1.0,0.11300508989045278,-0.1261249654853094,0.7925439570507687,-0.30666764394820245,0.9792164790618308,1.1753251233647435,1.270236361133594,0.717203221974216,-0.38300411419823277,-0.2595259939179253,-0.45913401523877695,-0.9050643025356218,0.45952732652022643,0.28903892296651407,0.4089270383831188,0.9173566020982743
2019-03-12,28443.369140625,15.100000381469728,1.0,1.0,1.0,0.2513613975495758,-0.047935598440064134,1.012687082352666,-0.2921916103121644,1.4563294942666687,1.2532989639781775,1.2905517226746792,0.8509881485923523,-0.35121877937589707,-0.27740748486105354,-0.2671635606938496,-0.8374174115068606,1.1071581507517356,1.0919595961343935,0.8682265037521836,0.8644916894257444
2019-03-13,28883.96484375,15.279999732971191,1.0,1.0,1.0,0.4240725339559166,0.05117822632910005,1.2826249198444986,-0.2735543138356722,1.784309964588525,1.271160016194534,1.3199640374717991,1.3614524906605265,-0.3078398638631226,-0.3006350763222417,-0.011119862439553008,-0.7588043263345188,1.002694737243496,1.4704107440655814,1.4655660415424498,1.2451901696505523
2019-03-14,28922.763671875,15.149999618530272,1.0,1.0,1.0,0.55820289351943,0.15886420452310057,1.3932107514430598,-0.25620415187232387,1.8102441854453981,1.1303227863687937,1.3039207808431827,1.5205207119727835,-0.27108569119026815,-0.31351490845967306,0.1776628407215847,-0.7829527677864698,0.05252017538537242,0.7355931822060665,1.2335619196526209,1.1356936852565016
2019-03-15,29381.107421875,15.869999885559082,1.0,0.0,1.0,0.7269125043195505,0.2807282095227623,1.5761156537501109,-0.23474329437407268,2.0850930852415273,1.1726743263482193,1.275178234601572,1.8869302642078405,-0.22484682353929275,-0.3296516102719499,0.41303218446062395,-0.7011568172843076,1.0264931205928982,0.7521746731417844,1.1875808614893089,1.607194866247384
2019-03-18,29595.755859375,16.899999618530273,1.0,1.0,1.0,0.8822604557199208,0.4111060203627442,1.6859487671184104,-0.21262739593460714,2.1937679616723953,1.1068039644357792,1.2165855815784812,1.8374087683763243,-0.18040334316610032,-0.33868495494558515,0.6115260733541733,-0.6694290530003709,0.4546068491330133,1.032328011216692,0.8751572373712413,1.6050301057133942
2019-03-19,29767.50390625,16.489999771118164,1.0,1.0,0.0,1.018586475370386,0.5442680008170098,1.7218661961293011,-0.19045825946069442,2.2755283319364232,1.2887763885449344,1.273074021360382,1.5434763520835064,-0.13948664767485688,-0.3398633417115219,0.7640739309634017,-0.6995255904231297,0.3535052916963327,0.5634246651001089,1.0467261825775518,1.2734610653085874
2019-03-20,29831.8515625,16.030000686645508,0.0,1.0,1.0,1.1214744547775748,0.672578603190964,1.659280559496168,-0.16959137907190527,2.305860832362714,1.279940366241562,1.3113141822146777,1.5336130808077029,-0.10397755562486152,-0.3349352788809388,0.8714385582172846,-0.7275779682169822,0.10785285725589824,0.3218242971751017,0.5230785586135056,0.8797760153594772
2019-03-22,29582.15625,16.270000457763672,0.0,1.0,0.0,1.147338199667855,0.7807023475699725,1.3988581932485897,-0.15385142280345449,1.720683119150138,0.8826613931759483,1.2314077366351273,1.2319477622069146,-0.0792031999118481,-0.3257350465289705,0.9228068075765707,-0.6792308298466981,-0.6076758219388383,-0.347877324541547,-0.08244878313865461,0.5893232549383919
2019-03-25,29280.859375,16.670000076293945,1.0,1.0,1.0,1.1044017744284298,0.8581118550995934,1.0026264349527363,-0.14339893643443163,1.0986353568538474,0.5546334734306191,0.9696870355453232,1.0068010793528555,-0.06432411822874871,-0.3115080415035236,0.9190838385935028,-0.6563075230666041,-0.7317540872405242,-0.9328723107697396,-0.701073415484543,-0.18421635615847798
2019-03-26,29881.802734375,16.489999771118164,1.0,1.0,0.0,1.1507060068698471,0.929841901861089,0.9293580435757403,-0.12638582363810089,1.5486216613445896,1.1715294161253864,0.9310387161430997,1.2951566038123175,-0.04141600517072291,-0.295175770406097,0.9352542401483841,-0.5613167325103153,1.3375528948937558,0.4224631278820861,-0.00011404259741809895,0.20423512996609677
2019-03-27,30019.451171875,17.049999237060547,1.0,0.0,0.0,1.1931481620066176,0.9962107920272986,0.8601959636365182,-0.1092622526042842,1.6356545861333718,1.0412358088112599,0.9875702257177952,1.0210781086733198,-0.017439909573157577,-0.2820192817468742,0.9673740134887048,-0.532984628592547,0.2728741762971987,1.1224364916626843,0.5018211901158607,0.1687615279775552
2019-03-28,30420.197265625,16.649999618530273,0.0,0.0,0.0,1.273679585576323,1.0663541190955064,0.9088884243214181,-0.08873062349534178,1.8660164191238882,1.2487713773804865,1.235029208341742,0.9744614309223947,0.009048113708115644,-0.263376603022096,0.9865109791369109,-0.4902622792468152,0.8597671693947406,0.7895399431759796,1.4090275882961218,0.49956569590042965
2019-04-01,30326.1484375,18.010000228881836,1.0,0.0,0.0,1.304902489127554,1.129078557990418,0.8131803942010459,-0.07133693248408982,1.6864501819623496,0.9666954582881172,1.1620062506199174,0.8767283365751689,0.02369067911547442,-0.23154912770848332,0.9138206627582195,-0.4797853943885201,-0.24811388263098416,0.4265422281671553,0.5051583877090069,0.6577547158848084
2019-04-02,30353.896484375,18.07999992370605,0.0,0.0,0.0,1.316395040010899,1.1816910411088948,0.6827302047089855,-0.05525088694258514,1.7037851457201292,0.9513125566637748,1.129948764111789,0.5538004603998387,0.030852161263631068,-0.19140126101108007,0.7845559539223608,-0.5099123918436619,0.02354626793886184,-0.1560935372198579,0.3630353260379333,0.9900485710399752
2019-04-03,30092.951171875,18.780000686645508,0.0,0.0,0.0,1.2666526075478612,1.2132507321929973,0.4111367789721668,-0.04397790241261672,1.1934121924672787,0.5432542676736961,0.8784331139817839,0.21207150850300924,0.02934291916297997,-0.1490676150756538,0.6188041220738499,-0.4570196061456172,-0.6231594650146325,-0.41740603200044984,-0.4822694571431209,0.12743455999582742
2019-04-04,29904.552734375,18.649999618530277,1.0,0.0,0.0,1.180971414236692,1.2203600822514384,0.09571296873596877,-0.036147407098485164,0.8525842132858413,0.003632658092168351,0.5351028630570769,-0.0434547725690589,0.027792053094765883,-0.1160265740509011,0.48935002028875957,-0.4471004677808983,-0.4637468183053872,-0.7569268210376584,-0.6051855527256531,-0.1966413237320409
2019-04-05,30084.30078125,18.38999938964844,0.0,0.0,0.0,1.126317714974477,1.214477569235524,-0.07188972231358914,-0.026802569302930415,1.0155918486874465,0.22151800356133816,0.27493234563166674,0.03738853514286647,0.02503668138358761,-0.08028041125541019,0.34674420977345255,-0.4714680414088481,0.3674827747532058,-0.06669820012309255,-0.40913325480698226,-0.41322149373515976
2019-04-08,29844.953125,20.149999618530277,1.0,1.0,0.0,1.0303322600767146,1.1894517806142597,-0.3188492606490269,-0.021357209571524066,0.5945792509190235,-0.4276991611312577,-0.0712109009769488,0.04621415554141568,0.015483188138291927,-0.04248058047289376,0.17427138904598485,-0.43659370410722564,-0.579392326805389,-0.14727404944849792,-0.3841849057680209,-0.5589672101109648
2019-04-09,30113.5,20.280000686645508,0.0,1.0,0.0,0.9833622291309637,1.159487761812464,-0.3825553405655281,-0.013053818837685407,0.854581175607874,0.16213823319865822,-0.014703932933739623,0.45589010811348435,0.0020078006369175306,0.00304743944171523,-0.03869800590474097,-0.42041434187653853,0.5683040939679475,-0.007352070910297236,0.20410958728927592,-0.3193013912141006
2019-04-10,29803.154296875,21.1299991607666,0.0,1.0,0.0,0.8838002519031722,1.1144396315506266,-0.5771492689594265,-0.009443431215010642,0.34864872778144146,-0.5195062688002411,-0.2788778261828978,-0.1950653295892715,-0.019731600011424925,0.050332522954967096,-0.28516408572690893,-0.42757099758302713,-0.740018871859059,-0.11926839571858379,-0.42719368661483587,-0.37071360430945766
2019-04-11,29785.75390625,20.959999084472656,1.0,0.0,0.0,0.7904864113639403,1.058646920356742,-0.7157606958274896,-0.006395677897556261,0.32124381011892006,-0.5577245540309769,-0.3252316576897955,-0.30303036511214787,-0.03575572707046886,0.08503212298141355,-0.4653128465277386,-0.48697215607508465,-0.0779505804579049,-0.5695454531486092,-0.14135951462088475,-0.2009828233034637
2019-04-12,29938.203125,21.0,1.0,0.0,0.0,0.7299864287758744,1.0012051210255626,-0.737034904769394,-0.001721331035625951,0.492276360368636,-0.22288450066922597,-0.46249160771972236,-0.4718998866962337,-0.04362382697210976,0.1073508308376301,-0.5721657971810641,-0.517517348720025,0.3073673580019798,0.16021946498300568,-0.29009989455716984,-0.22743055823373756
2019-04-15,30103.900390625,21.38999938964844,1.0,0.0,1.0,0.6979794372502168,0.948475915694671,-0.6762396645677564,0.004591273103409691,0.6710217170324725,0.0344336776698104,-0.26501295858065704,-0.29347049005315223,-0.053279016935598604,0.1332345379419702,-0.6974871321427112,-0.5608827328985313,0.3354235019474624,0.4482372895483505,0.3229288025612862,0.1750420162973068
2019-04-16,30530.994140625,21.690000534057617,0.0,0.0,0.0,0.7299905750618577,0.9130691950498496,-0.45276940226327794,0.015672839605890953,1.0739015712675837,0.9559782916992843,0.27461953240983117,-0.017673820511158653,-0.04482552746927239,0.1397620916744587,-0.6905969602129683,-0.5282573983217513,0.9157378102762513,0.8721185671898616,0.8893557114782045,0.3278952331815377
2019-04-18,30223.048828125,22.739999771118164,0.0,0.0,1.0,0.6955753866960515,0.8774582459923722,-0.45540406915855114,0.02182699669946371,0.5503094224895212,-0.0851685841715,0.32371502250442324,-0.049337798415738,-0.04275620883236465,0.14598181734378632,-0.7051172395260484,-0.4856773685757274,-0.724996012526771,0.13327272589203734,0.30088310950323527,0.3345045294816783
2019-04-22,29687.603515625,24.049999237060547,0.0,1.0,1.0,0.5735385938590625,0.8231347332791114,-0.6968071694834099,0.02066249722428555,-0.19908913578501675,-1.7893077187410469,-0.3264456846936101,-0.2919226853339446,-0.042317607693789894,0.14445523648736536,-0.6982231637145133,-0.41167478693453674,-1.249061787736795,-1.37504842286408,-0.6023126138533454,-0.18072501491554194
2019-04-23,29479.357421875,24.649999618530277,1.0,1.0,1.0,0.43597711100122016,0.7505546481748622,-0.9323277137316399,0.01699047169008002,-0.44869143959563873,-1.8756791316922903,-1.33592674190819,-0.5612351831862996,-0.039607534379847896,0.1369098372398026,-0.6622131575800113,-0.4004137144044131,-0.515157425290531,-1.2288436752079839,-1.417958215456098,-0.5425942095037394
2019-04-24,29860.453125,23.709999084472656,0.0,1.0,1.0,0.38100181905791286,0.6808525070060437,-0.8952005407074687,0.01845995847337261,-0.01921384760686268,-0.8112963199331495,-1.594790045185726,-0.12903735891070064,-0.0408989135789123,0.14197987399737716,-0.6845501037305701,-0.3813226829821076,0.8315561679050373,0.22082402976420473,-0.5306850538179035,-0.32432099526659924
2019-04-25,29561.005859375,23.229999542236328,1.0,1.0,1.0,0.2837555888705098,0.6045041142336248,-0.9809411036875885,0.01602432418350212,-0.3752876407066648,-1.605951257068451,-1.5294237783317781,-0.5243335261270552,-0.04642830849304373,0.15150684977770082,-0.7373993954216967,-0.34378719967946586,-0.72102131781306,0.0773886451946644,-0.22968895287627752,-1.0444120119112894
2019-04-26,30013.150390625,21.71999931335449,0.0,0.0,1.0,0.27333468113337206,0.5412193310422627,-0.8124128404142684,0.019505799655391887,0.0939203023996484,-0.40607760550373206,-1.0055133327793266,0.0077136307876624665,-0.04594610705593884,0.1527580339353867,-0.7400769162847189,-0.32662343231414087,0.9896895132337923,0.18756783651649622,0.6281109446868329,-0.29003733192265485
2019-04-30,29764.455078125,21.82999992370605,0.0,0.0,1.0,0.22024717899033772,0.4793530697665322,-0.7941130716273016,0.01952867758912352,-0.1960179776724116,-1.0660500968472373,-1.0963326211311712,-0.15490136213750696,-0.046248696067805614,0.149666426040077,-0.7303253146985571,-0.3177139580277414,-0.6019470785133038,0.2705326493207403,-0.18902128747218663,-0.0053396749164897625
2019-05-02,29708.25390625,22.979999542236328,1.0,0.0,1.0,0.1647719701306896,0.41811615703365346,-0.7859941044871489,0.018842718145320906,-0.2609175297385782,-1.2151933478635522,-0.9570280908442207,-0.3008499396319038,-0.05380469871270691,0.14805344065164536,-0.7513363929981107,-0.3643737623950962,-0.16640186264481005,-0.5349724301021939,0.12712549108082496,0.14809508732565335
2019-05-03,29953.802734375,24.030000686645508,0.0,0.0,1.0,0.15576841354504364,0.3672206060538544,-0.6525844426847264,0.021309553563687595,0.0037897592533086897,-0.5635708053432362,-1.0131741488259332,-0.2443872868579633,-0.059772458092468575,0.1493182081792987,-0.776857332867475,-0.3678742541941537,0.5191023208270615,0.24611720026238804,-0.1411208236153685,0.010631239080871685
2019-05-06,29618.10546875,26.43000030517578,0.0,0.0,1.0,0.0913751427416089,0.3128723396747571,-0.6971265063624826,0.01932048450511688,-0.39472699995518945,-1.4544237872695995,-1.1516287091704238,-0.7664033458041032,-0.06697199779693941,0.147013697616197,-0.7942762758553494,-0.36740058965046063,-0.8017263914460482,-0.19654429320516417,-0.25499996293632965,-0.024874900780156792
2019-05-07,29287.859375,26.479999542236328,0.0,0.0,1.0,-0.014818908008190553,0.246912825057807,-0.8469184522882304,0.013368424403981985,-0.7440445027886081,-1.8400940823299858,-1.3744047585866634,-0.7882468520522175,-0.06420611710486482,0.13336089506201712,-0.73656865787274,-0.3171938464083032,-0.7978205467822012,-1.1141084937522918,-0.614924197558901,-0.8112886829242132
2019-05-08,28994.0625,26.3700008392334,0.0,0.0,1.0,-0.1467896257252075,0.16620748345624153,-1.0371483115646156,0.004289103721466005,-1.0250807615852708,-1.8590253107665156,-1.8362320873112523,-0.6293938243370257,-0.05456645210142619,0.1111106570148001,-0.6240506026329382,-0.3469807119636099,-0.7212355396036032,-1.0580266032037227,-1.3219473920004587,-0.8637695567109187
2019-05-09,28884.263671875,25.489999771118164,1.0,0.0,1.0,-0.26835957773260416,0.07590728524507664,-1.1609276170267975,-0.005306100896392738,-1.1261318820624828,-1.767386248331617,-1.9478026725987065,-0.5628803912108584,-0.048862525481351886,0.08910666940825461,-0.525933281361902,-0.39902815089343674,-0.2953669872334672,-0.7079427751991643,-1.0333100336458572,-0.9205076717353063
2019-05-10,29040.162109375,26.34000015258789,0.0,1.0,1.0,-0.33838555703748974,-0.011157123204487703,-1.1191840219310834,-0.012027251182387866,-0.9155649825833974,-1.4964087998807305,-1.825279453719913,-0.7154979629150171,-0.04617209116550016,0.07553679047637131,-0.4681406039222917,-0.4285564875271573,0.32617530163410696,0.021839290875359803,-0.3926046576038677,-1.0053857768912327
2019-05-13,28659.615234375,27.3799991607666,1.0,1.0,1.0,-0.45204827620776844,-0.10487064192509711,-1.204961463406134,-0.022893186699010724,-1.2743168494909116,-1.8648319602322212,-1.8273495143822986,-0.7788106041212914,-0.04260921845961355,0.0523792548075339,-0.37277155507766974,-0.4230274358163223,-0.9317878208568631,-0.4215860514723676,-0.512624654765727,-1.062606210443982
2019-05-14,28828.86328125,27.1299991607666,0.0,1.0,1.0,-0.5116750838586702,-0.19246423926001288,-1.126010870455487,-0.03059619147012725,-1.0413376377921175,-1.4161320118436025,-1.7021279762569972,-0.9666776935712713,-0.04068116488042256,0.03734129791043881,-0.31194625299296386,-0.4035518499658835,0.3603951625850701,-0.39774341032109906,-0.13882404385993363,-0.5530500311998663
2019-05-15,28616.1171875,28.65999984741211,1.0,1.0,1.0,-0.5886842493073013,-0.27884168259067266,-1.110321767000699,-0.04024058930846238,-1.2416318929293562,-1.8129012544320737,-1.8149569982218996,-0.9482795516738676,-0.03722410191778807,0.018093440309681623,-0.23032437581716367,-0.3997941720229934,-0.5400603071303579,-0.1248078027731106,-0.632599721266917,-0.4733421162699555
2019-05-16,28854.96484375,28.3700008392334,1.0,1.0,1.0,-0.607032276552473,-0.3518278491348351,-0.9375664036504905,-0.045963266421241246,-0.9103681892265585,-1.2640390620370086,-1.6007753514495644,-0.7417193046134181,-0.04114743231862987,0.007718904148195761,-0.20652810833015248,-0.3980618047393061,0.5245614585726427,-0.010425161359882942,0.19755531359382195,-0.11261517851604513
2019-05-17,29449.80859375,28.07999992370605,1.0,1.0,1.0,-0.5229245266004244,-0.3924114719044828,-0.5195544909341807,-0.043661520205929186,-0.21149506891850917,-0.043012071021347305,-1.1112604270476412,-0.4924577581551061,-0.05027968530688245,0.008527594456607371,-0.24161210251881138,-0.3117561962355461,1.3436273919110113,1.3020316576101616,0.7580219524292766,0.33501214642213656
2019-05-20,30759.341796875,23.68000030517578,0.0,1.0,0.0,-0.24650297699648668,-0.3663609146787101,0.3400657051220416,-0.025113267129022485,0.811040929965474,1.238566140170859,-0.02341748880474851,0.667412079374075,-0.042223045378538916,0.003153668976464217,-0.19373982439218634,-0.029318202079107666,2.9082235747701977,2.962844965525346,2.7236288755914595,2.024422434319668
2019-05-21,30308.048828125,25.649999618530277,1.0,1.0,1.0,-0.10096531797653999,-0.3147106659396713,0.6703168140743097,-0.014005951616984891,0.34409982516514953,0.4918446087690553,0.6025520545830598,0.589919145381342,-0.040071217879506654,0.00203927437633777,-0.18212590169254853,0.01786894349476689,-1.0394528802344059,1.3024370566549102,1.8321020994985187,1.4085602814819014
2019-05-22,30526.4453125,27.6299991607666,0.0,1.0,1.0,0.04625508502521371,-0.24222443309515646,0.9391132897419701,-0.0012104166055036346,0.4906594793007003,0.7898646072546407,0.8994711743784157,0.9674479553093477,-0.022972417396305487,-0.004631810088450852,-0.09790733308977706,-0.014932283373255726,0.4478981628793418,-0.41179129731520214,1.3215143305782375,1.843211909117852
2019-05-23,30408.74609375,19.40999984741211,1.0,1.0,1.0,0.1399755321654837,-0.16439516266895887,1.0080416237263843,0.008886577478801122,0.36744821370759256,7.228585276986985e-05,0.45795022093153553,0.9659265597378004,-0.008907108489055236,-0.006920222972050253,-0.04045864863856556,0.25680152763457853,-0.30003818429274287,0.1033948772450338,-0.5072740583449217,1.48042988153329
2019-05-24,31212.1875,16.469999313354492,1.0,1.0,0.0,0.3363550115271552,-0.06055891146894143,1.3435470041956556,0.028124210763033976,0.8766634088459068,0.8280635464846594,0.5778117006066414,1.427190050956875,0.024396092687650354,-0.02368336949593861,0.13624193324056683,0.3450323598413961,1.7278536645337301,0.9952021163003296,1.0701589747817621,1.649469957452993
2019-05-27,31647.283203125,16.190000534057617,0.0,1.0,0.0,0.5526876960088692,0.06830694665664168,1.6664436859593335,0.051000465675709004,1.1055295953128577,1.2764539790956095,0.7512799843960937,2.0442957344234256,0.06993813197709921,-0.0434289052032881,0.36491062018207415,0.3344396550902196,0.8992146306653782,1.8307798691634072,1.3274205008044955,0.765607898472145
2019-05-28,31597.533203125,15.920000076293944,0.0,0.0,0.0,0.7055281879488048,0.20375541977926423,1.7513632992074675,0.07107248642999595,1.0495862588943436,1.2178312494617336,1.1854089845574651,1.8723082280037517,0.10413180886796333,-0.05801394980431425,0.5346622548795044,0.27220864390735183,-0.14495016261738236,0.525906372994943,1.4158245010391344,1.159143734177063
2019-05-29,31295.1875,16.40999984741211,1.0,0.0,0.0,0.7669440091531723,0.325115708419674,1.5696174158258724,0.0854312720300195,0.7100945119975794,0.9069706502634152,1.213539232901176,1.8216643357519584,0.12810308320788422,-0.06262520598176519,0.6324324301262292,0.20126724787996392,-0.6895870801647116,-0.581089038416104,0.03782360933336968,0.6587079088775318
2019-05-30,31536.732421875,15.609999656677246,0.0,0.0,0.0,0.8420263206018065,0.43809859668029794,1.4615440132956994,0.10145967558294623,0.8582365231886016,1.155318149074503,1.1703545154469694,1.807385841582202,0.15598407837497152,-0.0673459189706174,0.7431512937942032,0.1483532074423462,0.48234428707720545,-0.14402249154492844,-0.19980277569798302,1.0029165218280793
2019-05-31,31375.03515625,16.06999969482422,1.0,0.0,0.0,0.8632031015620341,0.532967956233461,1.2278688168747705,0.11392842627487225,0.6725174404317058,0.9250354251250651,1.0659733018659217,1.2298039304659159,0.17636572912427814,-0.06966654517496723,0.8194941445156417,0.3327063570879029,-0.38655169974426323,0.06711699385087865,-0.3375216150649723,0.07268538260156485
2019-06-03,31653.283203125,15.970000267028809,0.0,0.0,0.0,0.9114653184697274,0.6190803829368212,1.1148992217853404,0.12870829353650814,0.853809862453055,1.2048680675941374,1.1721732246759085,0.46900820288001366,0.2021629935194407,-0.06944547498259508,0.9039607645813379,0.2724311415892089,0.5596033328174649,0.12094712793335036,0.3745477528294966,-0.07672636683331337
2019-06-04,31588.68359375,15.630000114440918,0.0,0.0,0.0,0.9261901402066042,0.6910875165050598,0.9329326266973988,0.14126829615523884,0.7744184517303694,1.1399005697198499,1.1666768838480746,0.7454018006144051,0.2229395004036453,-0.060423169004715456,0.9390277407668995,0.17136439884389837,-0.1767611501831056,0.2671184054052743,-0.0011586144370713779,-0.09072158823367459
2019-06-06,30857.041015625,15.529999732971191,1.0,1.0,1.0,0.8090042090299756,0.7238853799920715,0.4271099327472074,0.1434326296552831,-0.028960569392019353,0.29892091308694957,0.9434681247911272,0.0869913662603492,0.22676869618583223,-0.0395288341591575,0.8749685675135581,0.24225606853297696,-1.6255452083722242,-1.255380841580504,-0.7074154951698295,-0.5024957024031679
2019-06-07,31066.189453125,14.859999656677246,0.0,0.0,0.0,0.7385547950449293,0.7352097812905904,0.15008961407972085,0.14802061275561493,0.13814498692340096,-0.06933046545127361,0.48921851408104094,0.3130757746440661,0.22963325587869063,-0.013362879512443684,0.7889776106003841,0.2252784110270171,0.4191177086894463,-0.8402030644970928,-0.7874957683863764,-0.5303121906871598
2019-06-10,31033.638671875,14.979999542236328,1.0,0.0,0.0,0.6673097096197269,0.7291869720343617,-0.07369962650410243,0.15176236025369585,0.10380473575095524,-0.2819566085461617,-0.01767115260927491,-0.25977675270728834,0.23081012743749404,0.01204944660836357,0.7007936088471084,0.2075764518442956,-0.10939848375442311,0.21617008498857176,-0.7490973858779477,-0.4083788300335107
2019-06-11,31265.0859375,14.489999771118164,0.0,0.0,0.0,0.6379942906298696,0.7181627550624416,-0.13822073386094405,0.15805790695745797,0.29740667371335683,0.21489179699495106,-0.0476273896345,-0.3929562665739157,0.22499311867253013,0.052955538487171654,0.5347535691624966,0.1670814164065193,0.46484538615169546,0.2480307814997476,0.4424768479826045,-0.4500675214107037
2019-06-12,30965.33984375,14.119999885559082,1.0,0.0,0.0,0.5578760121895281,0.6923826278989453,-0.32858067245015493,0.15998495044868455,-0.03548304575659667,-0.46158519525061015,-0.18746553391855775,-0.5591275195834038,0.21279361327975574,0.09426841856222831,0.3476607584186592,0.10785392704382525,-0.6908588626800422,-0.15710093946982,-0.19023719411916826,-0.6762444451213933
2019-06-13,30975.740234375,13.65999984741211,0.0,0.0,0.0,0.48790570034018516,0.6569460608891649,-0.45315443796266675,0.16185923772267344,-0.025771056807425294,-0.8346444310564171,-0.3844978029947466,-0.35379150714248964,0.18636295467441757,0.15344696847607148,0.05220857534328814,0.0662676167493086,-0.01565185345295656,-0.4918867316881085,-0.13679930099474108,0.03202699368624042
2019-06-14,30613.994140625,13.899999618530272,0.0,1.0,0.0,0.3678427917474026,0.6031799180633304,-0.6896167694223854,0.1590065226677957,-0.41852908155116625,-1.6701659677613976,-1.0565176912613108,-0.752968011599524,0.15247778293935704,0.212394597807576,-0.26515853667602557,0.06521011504593303,-0.8340095564233599,-0.5916267810812856,-0.8771786765761415,-0.519285457140683
2019-06-17,30272.8984375,14.649999618530272,1.0,1.0,1.0,0.21316685065295954,0.5274226591456216,-0.9733151285481576,0.1521366484790957,-0.750200808536745,-1.8901757655044726,-1.5658078007475609,-0.8759305042610079,0.13221818360010193,0.24458329853495167,-0.4436158471125872,0.03748220479800981,-0.7972507326202607,-1.136204727406735,-0.9378246684042268,-0.8219055657973239
2019-06-18,30350.646484375,14.600000381469728,1.0,1.0,1.0,0.09935916890826874,0.4427241719908972,-1.088662242756138,0.14689863120153915,-0.6617494385408443,-1.6720713760036687,-1.8643490828751152,-1.002178335779598,0.1352882700592563,0.2359102514162914,-0.4036166096524452,-0.02035687441281358,0.1353239156978384,-0.46082296110396426,-0.8517647536071382,-0.9668783028318592
2019-06-19,30361.74609375,14.729999542236328,1.0,1.0,1.0,0.00832984315655898,0.35569479890928235,-1.1187320450347247,0.14229903623646498,-0.648469484735073,-1.648768384585216,-1.8567208808517728,-0.953731329334341,0.13457866643885633,0.2373700443099563,-0.41100203914646455,-0.035215101741825065,-0.01363151246161597,0.08516265503430764,-0.3841290199932695,-0.6689326107936843
2019-06-20,30780.7421875,14.0,0.0,1.0,0.0,0.0006773329002457622,0.28445129133623115,-0.9150850758018008,0.14340584292515238,-0.17098305633908992,-0.7662158414185928,-1.4560310788085353,-0.1917270080248809,0.13340825558701205,0.2419928057009049,-0.4307544999446138,-0.004951080340470313,0.8898758383663288,0.6108956715408141,0.5775747670958454,-0.2705463455139157
2019-06-21,30627.994140625,14.609999656677246,0.0,1.0,0.0,-0.03196361770781022,0.22054651253683855,-0.820411149182618,0.1424866263027846,-0.34723011601932047,-1.0692225622753238,-1.2411165016439905,-0.43545683524919043,0.13138469312244222,0.2470393804746442,-0.45481246968378475,-0.07908686743613112,-0.3753325865443152,0.35888094460375164,0.2864879568034952,-0.06875173818078399
2019-06-24,30601.6953125,15.220000267028809,1.0,1.0,0.0,-0.0638173449236611,0.16267936913872816,-0.7425220939301495,0.14132427967886796,-0.3782794937047589,-1.1254716015456987,-1.0545620881701292,-0.4315458111695986,0.12986294957522726,0.24047153268901658,-0.4374985994219139,-0.15026957986282782,-0.09657644632894609,-0.3284283308646634,0.23920729725379664,0.23950941674021956
2019-06-25,30846.69140625,15.010000228881836,1.0,1.0,0.0,-0.051796429932584036,0.11893043921854596,-0.5603888188047671,0.14335314819032663,-0.09060919399471881,-0.3872496761891276,-0.9194612945627615,-0.42030719114695264,0.11888423844412874,0.24125329784613742,-0.47723107556785044,-0.15443694305128045,0.5016769650895105,0.2826268705519257,0.017924357968607467,0.4006861807856942
2019-06-26,31161.98828125,14.75,1.0,1.0,0.0,0.00557758121869559,0.09607716866258754,-0.29082249712672437,0.14915324983587236,0.245361279476765,0.6766926617592179,-0.29704548550120846,-0.006858844979599275,0.11048741165686549,0.2442137749923147,-0.5157644438450486,-0.16605576185956233,0.6503711291129102,0.8030615685651415,0.6026007922933343,0.6928136716427834
2019-06-27,31269.13671875,14.649999618530272,0.0,1.0,0.0,0.06492013357590984,0.09035715874514547,-0.06979333656414238,0.15574821668777528,0.35346587821008013,0.7650610127937701,0.3769261773337066,0.05853807275723263,0.11004874493492628,0.24432437042009228,-0.5176284185144086,-0.2081556191355278,0.19408443675988396,0.58874689661824,0.7682846697404861,0.3867007383730516
2019-06-28,31104.837890625,14.949999809265137,1.0,1.0,0.0,0.08220976827956467,0.08944130476742433,-0.00781689337730645,0.1596492418695012,0.11596527455500935,0.34112311483043245,0.6365898389937713,0.19601706780855177,0.10193008447669868,0.24704272257591822,-0.554447761280323,-0.27232655241322545,-0.39520336589985156,-0.13975569774441696,0.2570407442928445,0.37795860309969836
2019-07-01,31371.833984375,14.600000381469728,0.0,0.0,0.0,0.13454764516918066,0.09978836331731789,0.13748131657766935,0.1665358784252775,0.3989005543830409,1.0300492869798858,0.762560875127901,0.6206726915502682,0.10186186000271501,0.24707128920690163,-0.5547769317825387,-0.3028258079759898,0.5404874516630771,0.10160012745573051,0.19440433599955384,0.6582344128385633
2019-07-02,31282.9375,14.25,1.0,0.0,0.0,0.1574777933853932,0.11292024069183315,0.17340712078456283,0.1716488841780507,0.26461714612514314,0.8006709697249635,0.7752557642318274,0.5036823001360455,0.0923937887650184,0.2520234973256752,-0.6038614833503947,-0.33682293771932276,-0.23058682064254943,0.21629647942966995,-0.04766876244793291,0.3360754800605746
2019-07-03,31381.935546875,13.699999809265137,1.0,0.0,0.0,0.18681468562866088,0.12963625796948655,0.21964463802331785,0.1775197120060875,0.37403722375796883,1.0561142030919908,1.0301488716094815,0.5641049684838009,0.08660832032380304,0.25531085923715463,-0.634774272216902,-0.3977052434739806,0.17559923590706256,-0.03793888409396923,0.27770280912124606,0.12719992263385785
2019-07-04,31471.484375,13.529999732971191,1.0,0.0,0.0,0.2193427522883347,0.1498951474035962,0.2653497770067098,0.1839573764252509,0.47390982144330507,1.013236303045435,1.0241550714213388,0.3302676085146589,0.0960668370248653,0.2536310469144315,-0.5968495023725345,-0.45501986462122235,0.15459299134865448,0.2304346212565838,0.0577334421021094,0.10982568925589525
2019-07-05,31475.435546875,13.06999969482422,0.0,0.0,0.0,0.240466356701328,0.17057405061029732,0.27076820222881365,0.1898316109273515,0.47850113077408785,0.9147242741745091,1.064814880550595,0.4398092781356394,0.10335249021138776,0.251481173869504,-0.564768715707149,-0.47476710977470443,-0.02989352265582484,0.08725782376405061,0.1721335754628066,0.2705434954971737
2019-07-08,30603.494140625,13.850000381469728,0.0,0.0,0.0,0.11392536472085313,0.16032889682618642,-0.12817035955918363,0.18418283613318306,-0.7693620402775578,-1.0692991061786148,0.3071086493036626,-0.13868737158826708,0.10255243429088377,0.2465689425074892,-0.5507170834957187,-0.31243104722979326,-1.9411088766970699,-1.3729195764730664,-1.034442293271963,-0.8212330477481549
2019-07-09,30568.794921875,13.6899995803833,0.0,1.0,0.0,0.005512477557213587,0.12918215253593351,-0.39781319646378077,0.17863574118066103,-0.8085217551266661,-1.1482540230876173,-0.4634589771186196,-0.3286780598471099,0.09822047882825473,0.24179336710707328,-0.5491090681488823,-0.33698692024688104,-0.11523247378772163,-1.4323793735476098,-1.1882494682268219,-0.7704829847269417
2019-07-10,30521.744140625,13.640000343322754,1.0,1.0,0.0,-0.08941492893583944,0.08416896396606621,-0.5766985005384164,0.17302533702693798,-0.8641817631365767,-1.5037424861155004,-1.3256382654209928,-0.5703998160444161,0.0976264615819321,0.23648587852682526,-0.5329674676690732,-0.3765031122665459,-0.14272262602924218,-0.17935622165669649,-1.2525648419955155,-0.9105284619435746
2019-07-11,30716.193359375,12.470000267028809,0.0,0.0,0.0,-0.1345110496899303,0.03861172530456284,-0.5837170673830712,0.1703942096274695,-0.571575473358411,-1.0188659472907242,-1.3076589300210766,-0.5104274387672955,0.09622586172861015,0.23448177485765773,-0.5308646328806382,-0.42334792920204123,0.3917229121557875,0.17386424770971542,0.07720685656158659,-0.806203321597352
2019-07-12,30601.09375,12.0,0.0,0.0,0.0,-0.18899490042109857,-0.009368102359511575,-0.6149698933876366,0.16656643403878324,-0.7227027349695224,-1.3058771298122984,-1.3638512995864944,-0.47924365274808123,0.09625554294193775,0.23427831778879907,-0.5300667697636096,-0.4498180471069329,-0.292664909555137,0.06939216745690484,-0.023934011209924836,-0.921809406750729
2019-07-15,30445.595703125,12.020000457763672,1.0,0.0,0.0,-0.2566003720867379,-0.06206380154350238,-0.6758074155242497,0.1611480175903184,-0.9220648093462686,-1.665082861846327,-1.4213688692327116,-0.7585279082308436,0.09436828940772403,0.23856017891965273,-0.5511448547354766,-0.46272857486066304,-0.38343288700101164,-0.47069657171427726,-0.16114480117003466,-0.23651096070959118
2019-07-16,30570.4453125,11.5600004196167,1.0,0.0,0.0,-0.2893896749104001,-0.11116173926618862,-0.6293941721566161,0.1578154664509585,-0.7163751471199237,-1.3566926413629687,-1.5418035113155424,-0.6171250377939168,0.09254580122230796,0.2434038266567781,-0.5739111902970341,-0.5216909760040248,0.23877329564958702,-0.10041773162995517,-0.2483298576781641,-0.08076637371603462
2019-07-17,30735.142578125,11.800000190734863,0.0,0.0,0.0,-0.2882273097735771,-0.15019402089361047,-0.49954127584063657,0.15687116057016093,-0.4544747115515736,-0.949874980391813,-1.4148893503019493,-0.5717550687715282,0.09020850816633183,0.2508387264502153,-0.6072584903387755,-0.5685430595140695,0.32550963185898446,0.3935369953712996,0.10404488870046046,0.12523207579447626
2019-07-18,30430.24609375,11.75,0.0,0.0,0.0,-0.3347260868562599,-0.19126347133952973,-0.5258219543044019,0.15218310161047255,-0.8737313690265974,-1.702997833652699,-1.428405973290021,-0.8331312862506587,0.09170479777237349,0.2445894355896004,-0.5808254091070254,-0.5641881428640737,-0.7136263424224725,-0.27004614529920584,-0.08417353071852056,-0.36106554418939385
2019-07-19,29770.00390625,12.520000457763672,0.0,0.0,0.0,-0.47422058145980844,-0.253649518317125,-0.8008186135425006,0.1396398155077083,-1.5699169322629054,-1.832840806662313,-1.5981519846989356,-1.2751805293493261,0.10490592743271157,0.21931620292569232,-0.44934661075071164,-0.42581505405954995,-1.5240716790160536,-1.5587393851249356,-1.0890386767849296,-0.902822078371301
2019-07-22,29284.609375,13.010000228881836,0.0,1.0,0.0,-0.6573398502406804,-0.3423240515069305,-1.1399555800860146,0.12218790686947352,-1.9494640153340055,-1.8204291472976986,-1.9085030651337052,-1.0428804094701265,0.12678458624007508,0.17883191567491405,-0.23550245186134716,-0.3759410901944175,-1.1517992066488465,-1.8640357268880705,-1.931141177643769,-1.2408642953202522
2019-07-23,29127.76171875,13.43000030517578,0.0,0.0,0.0,-0.8206041813186737,-0.44782615422146976,-1.3570411451067828,0.10442592422449909,-2.0581634138052007,-1.8777396603532657,-1.9707982292662425,-1.1276280256161397,0.14366261375968992,0.13820670412683503,-0.03701832041441629,-0.4163088928375489,-0.402123383488134,-1.0823197918385319,-1.7535768025409364,-1.5228263344036872
2019-07-24,28951.9140625,12.760000228881836,1.0,0.0,0.0,-0.9694562071957022,-0.5637392789854576,-1.491349465790066,0.08614449750449724,-2.1768586376806858,-1.8456814102505132,-1.9753758826145646,-1.2175663167657442,0.15345710831748172,0.0984253979816347,0.13591445133483046,-0.425635950710121,-0.4485202648311601,-0.5923111543683155,-1.1404859497154747,-1.8633602380524432
2019-07-25,29042.712890625,12.640000343322754,1.0,0.0,0.0,-1.0631603270317633,-0.6763066065152084,-1.4481867094590526,0.07074583926067174,-2.014039493376031,-1.7155584070382686,-1.9379896420074059,-1.2814471055590102,0.15321188994143176,0.06892534985452099,0.2398731042771148,-0.45581661953239666,0.17368126678301676,-0.19112005457633613,-0.38492936437482705,-1.4729898851861496
2019-07-26,29324.958984375,12.130000114440918,0.0,0.0,0.0,-1.082319516824354,-0.7704164006347136,-1.2100736496161906,0.060362606906550216,-1.5301551582787745,-1.1967998571546938,-1.6952357598626282,-1.0136805782677654,0.14794252909256522,0.050647813555878295,0.2875412689773988,-0.46136083405151107,0.6166328632779128,0.5510239255247612,0.19578684120462425,-0.5311884412584422
2019-07-29,29295.560546875,13.0600004196167,0.0,0.0,0.0,-1.0921308272342725,-0.8477812553253601,-0.994054061534303,0.050598605721941796,-1.5570155067937992,-1.2449660955990813,-1.4810817714917477,-0.9313626397251106,0.1346201334248805,0.036830975278162745,0.2924268651596304,-0.43542333387901544,-0.1063284293484398,0.3559275540548533,0.3908446334023127,-0.0712343148517106
2019-07-30,28791.265625,13.609999656677246,1.0,0.0,0.0,-1.1695931199272667,-0.9260716299609247,-1.0059938143242244,0.035423639735740205,-1.9744285095213543,-1.8584737851660456,-1.532030860817621,-1.3593336274515446,0.12571738010292208,0.01284010358029982,0.34897301898252087,-0.31991341948138013,-1.214428961582873,-0.9198622593082061,-0.400412458077175,-0.4286075773666572
2019-07-31,28875.6640625,13.59000015258789,0.0,0.0,0.0,-1.2060963259033808,-0.996431528086502,-0.9036859931309124,0.022755112019993536,-1.8274697636401198,-1.4565123643069595,-1.6246179280688222,-1.4075395948340945,0.10831666260098918,-0.00245851898086086,0.3457075313721195,-0.31552233242655214,0.15985215067928027,-0.7344013055032981,-0.6607887385114806,-0.16095456498058744
2019-08-01,28366.919921875,14.5600004196167,0.0,0.0,0.0,-1.3038757932322997,-1.0734190108239456,-0.9891857409153552,0.004896297788643895,-2.1936950825435892,-1.5602718202515267,-1.737023882842379,-1.5605973961198802,0.09007387349012586,-0.02487276210739656,0.3655171109055806,-0.19771918203794298,-1.24230388617152,-0.7538231209524666,-1.308322787025813,-0.783916227968293
2019-08-02,28204.62109375,15.1899995803833,0.0,1.0,0.0,-1.39377241888079,-1.1540397918027414,-1.0360574296909433,-0.01330237911524147,-2.295944317399714,-1.6337413240274608,-1.6569071425239505,-1.2416486130037938,0.06681419439656695,-0.044262178405076374,0.3573049839139526,-0.15454134751945686,-0.42701167307187815,-1.1627196846880736,-0.8594754975556224,-1.2430669009650552
2019-08-05,27647.728515625,16.59000015258789,1.0,1.0,0.0,-1.5388584037204265,-1.2492506017323521,-1.224277402504106,-0.03677006725481338,-2.6015774948348294,-1.6926858858921547,-1.741102601440149,-1.3110648627487425,0.0702468007419686,-0.0873563514506836,0.5280686519986889,-0.052201576180520994,-1.3890558897506418,-1.264968941766593,-1.7423913107202262,-1.8074019366995735
2019-08-06,28021.7734375,16.1200008392334,0.0,0.0,0.0,-1.5783385228184459,-1.333777049975812,-1.0864428394012728,-0.05329959651691078,-1.9945327943715252,-1.327825238623103,-1.6582357902822065,-0.9354860078277539,0.06120350660158944,-0.11193999838643946,0.58872165387425,-0.008515691476244477,0.8717571426230274,-0.36005355197458827,-0.5373243450922041,-0.8895858409119745
2019-08-07,27701.728515625,16.739999771118164,1.0,1.0,1.0,-1.6443727232449126,-1.4153774131101933,-1.048694616862682,-0.07227904427695725,-2.1880128852857252,-1.6164311536730382,-1.6520647439806317,-1.0446730705280907,0.05279563945917504,-0.14083679962480944,0.6682967132109943,-0.0012280832798380048,-0.8163948897464531,0.03894721380850526,-0.759282389346048,-1.319085033415136
2019-08-08,28110.123046875,16.09000015258789,1.0,1.0,0.0,-1.6152841705250676,-1.474499760830387,-0.7587149695011233,-0.08431588180898565,-1.597464588841916,-0.8891617495635271,-1.3656097554859705,-0.8127203463249,0.02978549267753057,-0.15160277319082088,0.6298938790903199,0.05443477740748085,0.9528073354746069,0.09541882443750402,0.5756374508570687,-0.3533474095238625
2019-08-09,28431.5703125,15.850000381469728,0.0,0.0,0.0,-1.5257481064988085,-1.5028431738262031,-0.36164857048504284,-0.09116456178590168,-1.1839396629595476,-0.39099706952379787,-1.0316321059445737,-0.7782359539684321,0.0037561304399767034,-0.15337666125829935,0.546675051021,0.04479148056982494,0.7317039608051362,1.1740545738136476,0.49580368043083495,0.15642871115348067
2019-08-13,27728.77734375,17.780000686645508,1.0,0.0,1.0,-1.5518174677469014,-1.5310366949517595,-0.35971487701258514,-0.10619771763598534,-1.681171097508183,-1.4361056776450376,-0.9673463803198128,-1.2604927589229367,-0.017430383745251566,-0.16752999863158205,0.5266086006312232,0.11275534760975632,-1.7335997741718854,-0.6976958927734903,-0.027025742125618007,0.0048468737567735065
2019-08-14,28018.873046875,16.360000610351562,1.0,0.0,0.0,-1.5111766056501592,-1.5449879864025522,-0.1759817198530056,-0.1161515584560963,-1.3352352587060372,-1.0047104730883314,-1.0085393038069714,-0.7020152485499995,-0.050402258695663844,-0.16714938249195432,0.40972539426758336,0.0653376376636294,0.6664920340716278,-0.7431322132225342,-0.19023253075427846,-0.08545936505492009
2019-08-16,28216.671875,16.649999618530273,0.0,0.0,0.0,-1.433326246685611,-1.5396683764355454,0.07262426668554776,-0.12267034479328737,-1.1088218156555116,-0.7105680056168523,-1.122465799207633,-0.6180882405681891,-0.09777591670317501,-0.1512646278863562,0.1818449237888651,0.06626888466593568,0.43805258735785674,0.7699635891085028,-0.3576210615169901,0.4664339121005946
2019-08-19,28185.771484375,16.75,0.0,0.0,0.0,-1.363370324353003,-1.52060326939229,0.24994928055061247,-0.12895682759626745,-1.1335500746253575,-0.7565193250985135,-0.88019441991925,-0.27371888667838445,-0.14276792136999975,-0.13420866285701163,-0.043862479211130775,0.004751635146301059,-0.11260704360211042,0.2271273760427418,0.566384804220315,-0.0022943877518232505
2019-08-20,27982.123046875,16.6299991607666,0.0,1.0,1.0,-1.3277101855140754,-1.4978020596444088,0.29814720749526674,-0.1372052188204046,-1.2987057050423987,-1.033557037549952,-0.8904781711065133,-0.30520621916099533,-0.16890950714095335,-0.13076447198619623,-0.1515007072288176,-0.03634824649982831,-0.5295261003261111,-0.4470317466118146,-0.11537505248382256,-0.5571716579357602
2019-08-21,27718.728515625,17.020000457763672,0.0,1.0,1.0,-1.3287728946108708,-1.479786063568852,0.23641513072240522,-0.14797990147232845,-1.5022000810842948,-1.2620807094798285,-1.0870915123828178,-0.08611280296129242,-0.18172842997859098,-0.13828637745360423,-0.16982353652163648,-0.05740742760248378,-0.6789412819506462,-0.84162434989473,-0.7520891276116485,-0.09317540287097235
2019-08-22,27033.884765625,17.850000381469727,0.0,1.0,1.0,-1.425230953197949,-1.4857930934311405,-0.07349606302191306,-0.1663394662975064,-1.9495798611375557,-1.836906568146624,-1.4722477277159092,-0.8785809704875472,-0.1828116176030195,-0.16513854744080228,-0.07211095881977403,0.01638449151906118,-1.732776375041535,-1.6799873273572468,-1.6756256355215329,-1.1487318364792745
2019-08-23,26958.337890625,17.350000381469727,1.0,1.0,1.0,-1.4989928347144517,-1.5062138443655415,-0.25944156028413884,-0.18390040737088423,-1.9934881808843554,-1.3024328004143417,-1.5681014800496307,-0.7021872520608539,-0.1837190483666212,-0.19083399251666022,0.02254293224964081,0.05583249134022085,-0.22793016244968606,-1.3657459488518915,-1.5037085069466283,-1.4417304745480106
2019-08-26,27951.025390625,16.65999984741211,1.0,0.0,1.0,-1.3852320046385689,-1.4984676834235677,0.10392820446920362,-0.18730709033682136,-0.8379298827252171,0.29037105461140517,-1.0146550655421853,-0.25850525896155885,-0.1985623638730035,-0.18990107090499125,-0.035267562080597024,0.23939124647306215,2.410751951267481,1.5212517255648197,0.25749289573882306,-0.3315804758146523
2019-08-27,28125.82421875,16.010000228881836,0.0,0.0,1.0,-1.255165753715455,-1.4647361935847893,0.4391542629633842,-0.1881914535209713,-0.6707510627041463,0.5708422475008924,-0.15629670628281508,-0.3652357167264383,-0.22342836017863474,-0.1799222383440482,-0.16477056336013973,0.16669426807039225,0.38384241755699894,1.9475034310345185,1.4640178498657996,0.07025535532653526
2019-08-28,27803.978515625,16.84000015258789,0.0,0.0,1.0,-1.192332083966191,-1.424449338095115,0.5237223435855273,-0.19303839356255817,-0.9257170819216757,0.05442889822332831,0.32742218242165205,-0.08309559024547525,-0.25317856198519983,-0.1687439898079388,-0.31754488086478205,0.1487919280091027,-0.8178866037772179,-0.3020460509281746,1.1277281170151618,0.009126459611188022
2019-08-29,27304.8828125,16.43000030517578,1.0,0.0,1.0,-1.2109148426051906,-1.3961537573812755,0.3690278313325784,-0.2036992163550509,-1.280524937465459,-0.7463886399891361,-0.042180886062982675,-0.6738374876150055,-0.26658777640242354,-0.17458605029682395,-0.34525176506243477,0.15404894956874807,-1.265202025422899,-1.451015503282219,-0.9676563795262805,0.21483546284546856
2019-08-30,27427.53125,16.280000686645508,0.0,1.0,1.0,-1.1947686890940084,-1.3700992097410802,0.3401171838200374,-0.2118025739911052,-1.149836029151883,-0.5495946800945223,-0.44161474584696947,-0.7258978820228263,-0.2878182325943745,-0.171737250894571,-0.43559318114586776,0.12895583762087093,0.26514650407293283,-0.6964136718365785,-1.0353159798625369,0.43176419230031743
2019-09-03,26823.837890625,18.059999465942383,1.0,1.0,1.0,-1.2664403182699808,-1.3644281997135774,0.07715753458077326,-0.22672486236608033,-1.5459117263276378,-1.488582427012381,-0.9916956599525231,-1.1523358368826455,-0.287463222019055,-0.19273206267471915,-0.35404210959211574,0.17194131004840543,-1.5457846658801673,-0.891909241479129,-1.4502358412276932,-1.3089112840965473
2019-09-04,27123.53515625,17.239999771118164,0.0,1.0,1.0,-1.263261771882889,-1.3592185047663627,0.07120629814643091,-0.23645766703544693,-1.2253754317597048,-0.9739778636279148,-1.072830831245364,-0.7828101519544439,-0.2918688809125232,-0.20257340169339053,-0.33283114513614426,0.19746941452201675,0.7141246850956559,-0.5790843100682973,-0.32197076252693185,-1.1636038349245565
2019-09-05,26919.38671875,17.270000457763672,1.0,1.0,1.0,-1.281139983971631,-1.3588355024964838,0.008939117761237462,-0.24783044586231476,-1.3613201427683528,-1.3245173232596914,-1.3490894360539005,-0.7441354834454533,-0.28805928238497075,-0.2162919736690122,-0.26571847710884067,0.1584618391053208,-0.550090808131565,0.11466401874108782,-0.7866761521557257,-1.0457872647095092
2019-09-06,27247.583984375,16.270000457763672,1.0,1.0,1.0,-1.2311419006546525,-1.3479446848965964,0.14449612881359825,-0.2539934381228546,-1.0125188171547972,-0.7609759434986334,-1.0896989617168251,0.025706746264359797,-0.2924741829845126,-0.22202192787731845,-0.26018806800947164,0.11106848263879915,0.7823470755217486,0.16219787563610863,0.5404164033478567,-0.1449694910824729
2019-09-09,27504.330078125,15.850000381469728,1.0,0.0,1.0,-1.1398314193781367,-1.3199019278377564,0.36576625716908806,-0.25634122192044967,-0.7546976279238271,-0.13962390629391855,-0.7922531944488758,0.28443341512127607,-0.29356102759439623,-0.223523540714378,-0.25847249845349884,0.12121221439068441,0.5968021165281423,0.9612939467970362,0.47353964351090394,0.0009421602107650128
2019-09-11,27775.876953125,15.369999885559082,1.0,0.0,1.0,-1.0148540752526007,-1.271010464511098,0.634726856229395,-0.25505104937114026,-0.4941428145859822,0.3785633337518608,-0.18510783570609948,-0.2712120865331995,-0.2986203292730028,-0.22269965283664214,-0.2806892108428639,0.056551584073853495,0.6269999082548482,0.8530560212158081,1.1445104047824173,0.9568571913767961
2019-09-12,27818.17578125,14.899999618530272,1.0,0.0,1.0,-0.9011705714594671,-1.2078309018583397,0.81905175892673,-0.25335189622896165,-0.4534675567967691,0.459281305568935,0.2499117989738199,-0.3691022109345851,-0.3117930557781252,-0.21712141287047926,-0.351911024301116,-0.011719774003374343,0.0646665879687574,0.4822913220412033,0.7354148131007144,0.6711285625258463
2019-09-13,28098.423828125,14.119999885559082,0.0,1.0,1.0,-0.760008531776872,-1.1274037517738766,1.041555802505539,-0.24829080309405227,-0.18522107774104873,0.9940728104918934,0.6540727510606361,0.08196759639547019,-0.3059458319088181,-0.21829619694562793,-0.32529948984376045,0.0017132603272897039,0.6405058059712798,0.4917015377384506,0.7603269947769672,1.1949306978246865
2019-09-16,27854.67578125,14.949999809265137,0.0,1.0,1.0,-0.6817762544581809,-1.0465005378262442,1.0476973069319615,-0.24677654167792396,-0.42783725456956123,0.48912866238328484,0.6934891027407921,0.281964195202837,-0.30861728030378704,-0.2176968541897219,-0.33769478915103457,-0.06195036656544103,-0.6284903154732857,0.008745416614103612,0.044666579265494326,0.5742337890572248
2019-09-17,27131.435546875,16.020000457763672,1.0,1.0,1.0,-0.7295527209878175,-0.9918920741076837,0.7084795308789247,-0.25450032520137644,-1.0426476877655526,-0.9591224398870194,0.18783057897592992,-0.3661117759794962,-0.3190260211806902,-0.22131549639581516,-0.3630828044908454,0.03125274668366126,-1.8201848413572668,-1.7057374146459443,-1.0297452573183918,-0.48911790750693873
2019-09-18,27172.333984375,15.350000381469728,0.0,1.0,1.0,-0.7546903597924026,-0.9535268515459717,0.49893214620639653,-0.26097426426277637,-0.9986397147945623,-0.7691895249101074,-0.4407694457955403,0.132294941746394,-0.3306750610346045,-0.22267740152824952,-0.4020057482422801,-0.026787816263778595,0.06362222749709211,-1.2235089502468584,-1.358583135678479,-0.7369755182754614
2019-09-19,26757.33984375,15.550000190734863,1.0,1.0,1.0,-0.8338864482288318,-0.9396002027502343,0.1836601405557653,-0.272049663199825,-1.3120207172632965,-1.684580846679877,-1.2156931901580397,-0.4227974309232669,-0.33512086553329196,-0.2343972917840323,-0.3735437193976399,-0.018571069594076676,-1.0807719574879746,-0.7083240382455582,-1.6163948348339543,-1.2409103933262662
2019-09-20,28981.21484375,15.399999618530272,1.0,1.0,1.0,-0.5372977578046181,-0.865672116541488,0.957714047967405,-0.25410785187119095,0.4119374391574344,0.8195661623033137,-0.5815937275033993,1.464880038321635,-0.29662618390349776,-0.2577826274867325,-0.13700647444051212,0.6374880757614554,5.368983436750703,2.988179102762181,2.4816085266057937,0.8393799841005013
2019-09-23,30565.84375,16.790000915527344,0.0,0.0,0.0,-0.05074292558488706,-0.7035277262154096,2.095756365677446,-0.21795008378463113,1.0868924617709759,1.150372119861924,0.10272673532720158,2.411699476091566,-0.19297157589752012,-0.31898192270241826,0.4875380054881598,0.9848903712755823,3.567152749443421,6.226614263100025,4.4787073981906165,2.6852501724775717
2019-09-24,30182.748046875,16.729999542236328,0.0,0.0,0.0,0.26798096469657384,-0.5063395039780367,2.5478424521306553,-0.19005285572455355,0.8028035988822564,0.8486156957586104,1.0058069959083906,1.9004590164346067,-0.13471478393469077,-0.3368135289659316,0.7690801247494414,0.9947591328374551,-0.8926331974371658,1.8638414672175547,4.585951135056966,3.093325859851668
2019-09-25,29585.70703125,16.170000076293945,1.0,0.0,1.0,0.41775396569612155,-0.3168825164495087,2.448104967604986,-0.17231954081873996,0.3875788780525769,0.37795921873991584,0.8483748713233011,1.2253033195554413,-0.10558214824366002,-0.3454333633074636,0.9074680563775817,0.9842354734059124,-1.3915530707082213,-1.5911300072134225,0.732278462368593,2.453122520277737
2019-09-26,30002.25,16.34000015258789,0.0,0.0,1.0,0.5937105776401369,-0.12806753970621274,2.4398226500750133,-0.15103761299503862,0.5708923358106832,0.7061915442042043,0.6900252512721288,1.5051044859771878,-0.06913234532739984,-0.3584747186883555,1.0884831927327505,1.1003976989319868,0.908516608128572,-0.3361813522403315,-0.7832097585888325,3.328308612740036
2019-09-27,29876.302734375,16.110000610351562,0.0,0.0,1.0,0.7024022279137471,0.04599407610680185,2.249495598459037,-0.13336616272416715,0.4811319034242239,0.6069461674162611,0.6038704752910068,1.1858063967854329,-0.03804362664913862,-0.36329110998994596,1.21670381780784,0.9887114319491997,-0.323314004715879,0.40811275084552134,-0.4586837668119354,0.823986393712843
2019-09-30,29102.8125,15.869999885559082,0.0,0.0,1.0,0.6547707222716763,0.1751599490201682,1.6703140535501362,-0.1271033673646037,-0.03866123502951884,-0.0025575750540610676,0.4682168852366818,0.7989335943093703,-0.025573384561767522,-0.35230317685697177,1.2163363024983853,1.0447560696454719,-1.81496916944674,-1.4894722267310383,-0.7000413938411921,-1.5438743243168846
2019-10-01,28725.166015625,16.760000228881836,0.0,0.0,1.0,0.54779409594113,0.25584607737993026,1.0448967748984137,-0.12618545475045312,-0.2693185675876169,-0.30013980082490266,0.10946147164169695,1.090846914729981,-0.019411196436087876,-0.3414046493043655,1.1944294240388624,1.2517305247710302,-0.9230129614134436,-1.907311651730996,-1.7440584542590316,-1.557239879914941
2019-10-03,28413.76953125,17.700000762939453,0.0,0.0,1.0,0.40601600311587305,0.2903810638540115,0.4495198431388577,-0.1292703786217518,-0.4542958360319616,-0.5455175886544088,-0.30138989804350735,0.8173424974511073,-0.021113290411310458,-0.31837487295309136,1.0973642369481529,1.1673779825982769,-0.7766189231068658,-1.1838425427159915,-2.0024534462054957,-1.2867000381529383
2019-10-04,27731.52734375,17.579999923706055,1.0,1.0,1.0,0.1799525121008452,0.27015221885600615,-0.2569658605954786,-0.14063983129328136,-0.8304064011993911,-1.0831186443269345,-0.6866080821301973,0.6229201567793544,-0.023582118250437118,-0.30766700258247903,1.0465801857170567,1.2537305260448812,-1.6844655643534625,-1.7143835987305887,-1.9280631702147621,-2.4274807044589344
2019-10-07,27767.228515625,17.829999923706055,1.0,1.0,1.0,0.003944827270046508,0.21670894418928674,-0.6854515798716494,-0.15047758194727293,-0.8063752316392985,-1.0549864237747624,-0.9557096198640951,-1.0175876021772177,-0.028454503945028707,-0.29123980601282684,0.9650996754138197,1.1958162349462207,0.0487405036133608,-1.1393155509584219,-1.3741397103484743,-2.263795587600724
2019-10-09,28785.515625,17.15999984741211,0.0,0.0,1.0,0.024518646219187677,0.17830972849493304,-0.4913743521756653,-0.14657473378658992,-0.1773732671825011,-0.25258482063771726,-0.8512795860939433,-1.3603044402141684,-0.026633730477899888,-0.27258931726126995,0.8985494869082348,1.3038788031668553,2.4009031174620143,1.7071594709807756,0.43712628031590695,-0.40902556736679235
2019-10-10,28013.123046875,17.229999542236328,1.0,1.0,1.0,-0.08425232518171441,0.12456392952153922,-0.6893543217352558,-0.15275544346158934,-0.6120962898827371,-0.8612236192954501,-0.772174386923647,-1.646037878028662,-0.028007029477860632,-0.26435299038936066,0.8616798420019057,1.3189402722397465,-1.8805611144771537,0.3629212165177526,0.32534697671866425,-0.8302981976473492
2019-10-11,28042.173828125,17.139999389648438,1.0,1.0,1.0,-0.1664047836849533,0.06417590809798729,-0.7750429062611905,-0.15798223735445988,-0.5943635609252806,-0.8834511340145548,-0.7110223477587746,-1.2330378339618397,-0.028324599744215553,-0.2604617683016606,0.8454396897726631,1.331589270637534,0.031804768440860075,-1.2877448066058537,0.31569318966284343,-0.47463276836342716
2019-10-14,28181.62109375,17.43000030517578,1.0,1.0,1.0,-0.2093111100089651,0.006782374818523151,-0.736412244254309,-0.16095786867402362,-0.505034530566513,-1.3192168371423818,-1.0912748482149892,-1.4113739060426327,-0.028440711789759134,-0.2554828319709426,0.8256949424298922,1.2363068981244296,0.29756752360860705,0.22986333252698563,-0.8832600133237478,0.3973612818546576
2019-10-15,28554.767578125,16.850000381469727,0.0,1.0,1.0,-0.18402953057142116,-0.033780431673670105,-0.5192859486859259,-0.15895826228836002,-0.26772692043018814,-0.914683815194726,-1.1103333171630658,-1.0667172871005586,-0.026858107008535827,-0.251038852352852,0.8139771391172878,1.1484313303323423,0.8524967728492601,0.8016793602093634,0.6746504397364359,0.7509732820053842
2019-10-16,28538.46875,16.360000610351562,1.0,1.0,1.0,-0.1671882975928625,-0.06266544795595007,-0.36863557210083125,-0.15735403171835455,-0.2787767295970081,-0.9316382528687501,-1.1275119431095602,-0.5462145892546486,-0.025872899039988462,-0.24293020633293316,0.7860096674157764,1.0491267769770405,-0.07706607083982908,0.5406539174571873,0.6125913741984035,-0.33920750354580737
2019-10-17,28989.111328125,15.880000114440918,1.0,1.0,1.0,-0.0833229552403657,-0.0680194673397107,-0.06507184296521723,-0.1502363255783619,0.010892977906246944,-0.46286887598559573,-0.8222253508717532,0.05260495550423236,-0.028351572898004322,-0.21550982167201888,0.6716498588917836,0.9890980570184827,1.02272893759757,0.6592629446041198,1.0259512785926908,0.9380928941330043
2019-10-18,29119.912109375,15.93000030517578,1.0,1.0,1.0,0.0015277343399913207,-0.05434009471344009,0.18047013222533023,-0.14215184212035706,0.09273391546500837,0.057496639440976084,-0.47564467164059654,0.38079218468989773,-0.03212739550799582,-0.1855312887526951,0.5437367833736657,0.8805861678638329,0.26651203218126307,0.8986505163275508,0.6919255131474225,1.0413521882222982
2019-10-22,29410.80859375,16.809999465942383,1.0,1.0,1.0,0.11149644331929039,-0.020116613424156465,0.4455012426541414,-0.1311796547568933,0.2743033975645353,0.8210572598442988,0.1491882988073797,1.1288513100086985,-0.046838583635339555,-0.1346819488892445,0.2995711637116652,0.8351934244569822,0.6348281121283822,0.6283811485707815,1.0977227683983326,1.1897297447567783
2019-10-23,29459.2578125,16.540000915527344,0.0,1.0,1.0,0.20155758951082434,0.02632779480786339,0.6031584032168688,-0.12064325008026335,0.3048922343272219,0.9797260109041509,0.6634709233649719,1.1368393355964737,-0.041588334176880626,-0.1337836667740074,0.3146348045633247,0.7509949006635803,0.0730830750504435,0.4936097881686261,0.5564011876048924,0.8468272416316348
2019-10-24,29107.611328125,16.239999771118164,1.0,1.0,1.0,0.21173554432647923,0.06563795810058103,0.5111224385834394,-0.11553182150346353,-0.007095911760416281,0.43300120420291904,0.7973376622908867,0.0945277869284203,-0.07411265926967497,-0.11925845066782541,0.1453997459307945,0.7536936612050171,-0.8517154344841523,-0.5421373876718537,-0.08101606846400296,0.5060208039360801
2019-10-25,29395.607421875,15.31999969482422,1.0,1.0,1.0,0.2603458580153135,0.1073767186417179,0.5424527745006995,-0.10728600967445359,0.19433184770318626,0.8771059363944316,0.8173189201902044,0.8941084334669427,-0.09308801163183161,-0.10993382887656347,0.04308791840564592,0.7049151790265964,0.6284289315962318,-0.15520092432859012,-0.08466375931178881,0.33254879616669847
2019-10-29,29872.703125,16.420000076293945,1.0,1.0,1.0,0.36841186680995985,0.1636449154249614,0.7298910656582478,-0.09382663929445777,0.5026974942413704,1.167493159907678,0.8842575895788268,1.2278046753865197,-0.08630576945973274,-0.11319111299179324,0.07940577300893743,0.6848205092415337,1.0520241295807808,1.1712270040756931,0.47335680397546853,0.6781342858675744
2019-10-30,29987.15234375,16.65999984741211,1.0,1.0,1.0,0.46448984607633287,0.22899883813868419,0.8471022852786968,-0.08021005979951748,0.5734553577971225,1.1166689662087426,1.127983984400468,1.2024514888773306,-0.08673455513157816,-0.11294446117146027,0.0769583198896192,0.6018568768954944,0.22059163573635499,0.8870669279367401,1.084598300664395,0.4958912421005525
2019-10-31,30065.900390625,16.280000686645508,1.0,1.0,1.0,0.5444358203970366,0.2982062537284868,0.8968146146247566,-0.06690014048749619,0.6238262361391719,0.9081812425288907,1.1390622782049165,0.9688915884492665,-0.08149393749093004,-0.11589122267778067,0.10660824951002593,0.5339498149689182,0.1392298506709478,0.2510787669046691,0.8057427501343306,0.5249924690843554
2019-11-01,30330.19921875,15.729999542236328,1.0,1.0,1.0,0.6401694197949938,0.3738386474984812,0.9797006200245829,-0.05153460965435801,0.792641031439585,1.2314652824666608,1.161868231135393,1.1755341032165763,-0.05548668859404279,-0.1266860128495306,0.2390760046803265,0.4563564535324927,0.5543799697560472,0.4836453305127197,0.5220732961903083,1.1436031441448462
2019-11-04,30332.74609375,15.93000030517578,0.0,1.0,1.0,0.7057952474064008,0.44823731598671473,0.9637848367334878,-0.03760043898397998,0.7942921000604405,0.9854310158703063,1.1150821249631147,0.8312161841045984,-0.03020075456060388,-0.13164509076507738,0.34650681430450136,0.38421571632964335,-0.03270911490979661,0.36384709222835376,0.3776856163575752,0.8527359298548823
2019-11-05,30219.498046875,15.920000076293944,1.0,1.0,1.0,0.7287759752367053,0.5126211888356754,0.8345880702768979,-0.02641728288562577,0.6532862382202559,0.8114603093376699,1.0806012767199291,0.651255855488486,-0.011106087340918102,-0.12748090810595336,0.3975206381718455,0.3116861768656784,-0.29173544651674604,-0.22568266277724416,0.13202475988310808,0.26154985814029924
2019-11-06,30609.244140625,15.779999732971191,1.0,1.0,1.0,0.7976126052512379,0.5787007559957593,0.8564635263308245,-0.011398625971231275,0.924767959682238,1.2131717928463466,1.0740796787718478,0.7138513656004316,0.007423784708884875,-0.10839875769601576,0.39044619235920675,0.3416490544600263,0.8295253763591592,0.3750780356087082,0.2888644327807137,0.5294498251111357
2019-11-07,30632.794921875,15.210000038146973,1.0,1.0,1.0,0.8436920449806817,0.6413192626468353,0.8118138058192137,0.0024858038998320496,0.9407028905627226,1.071276769251229,1.1046835439020308,0.6947386633403316,0.02078351106617197,-0.08407193652154768,0.3461196654061515,0.2713938800043627,0.01369420282979143,0.5878857245926559,0.31531546921810266,0.4742205059475914
2019-11-08,30749.04296875,15.859999656677246,1.0,1.0,1.0,0.8860731656978107,0.7003859999559165,0.7659938878983837,0.01650957901401661,1.022304293593586,0.8114163026009442,1.1046678555752059,1.0416241633505308,0.043493680875583515,-0.08157992730732334,0.41510098752013547,0.2799068434968962,0.21813959144299078,0.16190351807139727,0.6059568255813822,0.32629179016941945
2019-11-11,31115.189453125,16.25,0.0,1.0,1.0,0.9645856018405314,0.7642601923063418,0.828012891440644,0.0338015846138416,1.2651443397027138,1.2067966367620167,1.102395123269824,1.085751737435828,0.0635963493741737,-0.06114417753819552,0.4084173208413876,0.28031778407370794,0.7633223270550508,0.6842058847704396,0.568219453455605,0.6765052580452673
2019-11-13,30541.1953125,16.459999084472656,1.0,1.0,1.0,0.921864208838568,0.8063155797702691,0.5465374484242699,0.04222948349770349,0.49394540559830796,0.3823859631146949,0.8568067220955102,0.3289539461201158,0.0637236999918359,-0.0278775500775475,0.28672237410390006,0.320045128927174,-1.2994787389798688,-0.37319260404013754,-0.18032153508611057,0.23314931181403842
2019-11-14,30749.591796875,15.649999618530272,1.0,1.0,1.0,0.9083509109071863,0.8370991728012873,0.40112465665601077,0.05247504708751343,0.652098397906047,0.6816996214078899,0.810562945787184,0.39280651263378724,0.06464645301242235,0.005478743545773245,0.16844009294227538,0.2789800682909496,0.4221768194884788,-0.6108852682193451,-0.0640152790571022,0.05393660335144504
2019-11-15,31008.0390625,15.029999732971191,0.0,1.0,1.0,0.9257890534959794,0.8654176397715605,0.3693230775297061,0.06499448961633346,0.8397016863989939,1.0528997248169845,0.7556989583256449,0.5166403284091434,0.07295248244884413,0.029580456187519914,0.10970532083461625,0.2302308807053335,0.5284764063497938,0.6627399704442702,-0.19788325032176038,0.2804146684018855
2019-11-18,30991.740234375,15.760000228881836,1.0,1.0,1.0,0.9238376384127909,0.8876593057397002,0.2909287629420928,0.07611666717300399,0.8173543008313183,0.9518454946830623,0.9587103131667345,0.31707960502504395,0.07440323116271395,0.06085158618860122,0.0024178072369701134,0.15078516047479487,-0.07400580753549559,0.317025406069562,0.5006665677017121,0.15188550748371155
2019-11-19,31235.88671875,15.40999984741211,1.0,1.0,1.0,0.9478966303112908,0.91054584122726,0.29924795982802227,0.08924942241979002,0.9978807339390625,1.2044903927039388,1.145084334314343,0.4839264449823312,0.08528992716721867,0.07949452304616418,-0.026967679098405875,0.0836363834287906,0.49306441708804816,0.2923521511539361,0.5410742479798347,0.03298573182057009
2019-11-20,31353.484375,15.15999984741211,0.0,1.0,1.0,0.9720511356281593,0.9339684921801158,0.30616416531622903,0.10261008059702198,1.0825529958551945,1.0755382782060832,1.153154940108763,0.6463188213925877,0.09659655913057603,0.09752181894911663,-0.05252938667916847,0.003968948116767497,0.21611110943520667,0.49449071487155366,0.3630183189440469,0.6997684098775362
2019-11-21,31349.583984375,14.979999542236328,0.0,1.0,1.0,0.97679496131146,0.9537108639077917,0.25868639415872346,0.11464925266820329,1.0762370813171933,1.062046513702187,1.1924414160315127,0.3668521450314342,0.10793039729000425,0.11158065552186279,-0.0638119540254938,-0.08380856720585338,-0.04682213659992854,0.11832549957678509,0.37851368232419075,0.4934326520380585
2019-11-22,31111.23828125,14.869999885559082,1.0,1.0,1.0,0.92920841219428,0.9594308586887467,0.07778946677186392,0.12254494170191477,0.690696075865414,0.5263886222988396,0.9506992877525455,0.18732920390628435,0.11118049178277314,0.13026060645054913,-0.11858937310647567,-0.12962038878985657,-0.5552923224365868,-0.4191487828386452,-0.21907553472646546,0.0166293690586453
2019-11-25,31555.533203125,15.0,1.0,1.0,1.0,0.9490979601904915,0.9682174008341118,0.11734973519253125,0.1352751060507067,1.0533617218985958,1.2614238021165165,1.0169671609945128,0.40962297506165307,0.11213702822953207,0.16197709715219052,-0.22634704309941883,-0.11123510428957345,0.9219833631158235,0.2558651194152769,0.18328907219737017,0.45481409774175197
2019-11-26,31717.98046875,14.84000015258789,1.0,0.0,1.0,0.9770633590078225,0.9811668096653378,0.1710531690293627,0.14883544233147764,1.1724026889565886,1.1000667302722866,1.030521303561922,0.26598906781023807,0.11785420357086364,0.1870368175023669,-0.29410311855074067,-0.14142219934977596,0.3093745514892141,0.8583205770789717,0.38632997604824654,0.3739998717531101
2019-11-27,31875.578125,14.619999885559082,1.0,1.0,1.0,1.0102705180137777,0.9985561737681824,0.2283312089381907,0.16308590885750737,1.2853788325268212,1.2507517577173983,1.2887555298172202,0.7755165373210309,0.13302788926184972,0.19793655055388806,-0.28062834391050095,-0.2253319162579891,0.29729438741647984,0.4230693906379931,0.8723254441938628,0.40971639727775155
2019-11-28,32122.576171875,13.989999771118164,0.0,0.0,1.0,1.0613412762384447,1.0232791622837856,0.32293928629325924,0.1790848755762252,1.4538275317248157,1.274115372343364,1.2932800530255981,0.7956150495961711,0.15310927900654434,0.20547522460165593,-0.23920369881712458,-0.2784241500871812,0.48439690433299953,0.5450159747659794,0.6228903621867812,0.6434258372812752
2019-11-29,31945.728515625,13.899999618530272,0.0,0.0,1.0,1.0588108189271674,1.042521864315233,0.2522403605725811,0.1913364959761362,1.1448130990963863,0.9554937420987285,1.2417400285365787,0.4936852603027513,0.1640284617891095,0.2191798782909685,-0.24984554917178178,-0.3063857628884727,-0.41229898411735205,0.05060776705752567,0.21151863455820452,0.7063356549793229
2019-12-02,31871.078125,14.199999809265137,0.0,0.0,1.0,1.030472514619839,1.0519169080642066,0.12519976452928314,0.20148266130915587,1.0150003177034965,0.8209981561028784,1.0885336002038795,0.4545691255633127,0.1733153447290556,0.2300615209607222,-0.25619259002919587,-0.34696145843156323,-0.1968485377527012,-0.4240490597151219,-0.07015502921474914,0.21410635432991793
2019-12-03,31612.982421875,14.5600004196167,1.0,0.0,1.0,0.9532325042525499,1.043081508555315,-0.10998369850117537,0.20741729873493464,0.5814176523625791,0.3559941213727152,0.7612249351708991,0.11302891910593252,0.17481541153544322,0.24560327420802486,-0.3043564582769954,-0.34554888711614484,-0.5891024548565348,-0.5472366352921659,-0.6820761600440713,-0.1811779668802873
2019-12-04,31978.9296875,13.31999969482422,0.0,0.0,0.0,0.937227833621589,1.0326250572998377,-0.13089622147832145,0.21738805578855516,0.9126379980862768,0.8862735385514707,0.7365480502905943,0.2780430901198553,0.1786730094235468,0.26508398523576243,-0.35786185655261493,-0.30215901493394254,0.7411161974697194,0.10628900662957398,-0.02460103796730646,0.01408112343155126
2019-12-05,31712.580078125,14.3100004196167,0.0,0.0,0.0,0.8694085059251102,1.0099027866842951,-0.28913252068413303,0.22306020807236146,0.4957815684663938,0.17623723060752883,0.5066918765377251,0.1026881166418309,0.18057029082814632,0.277846020463039,-0.3948479367629387,-0.28442479290446715,-0.6048631711377527,0.09530774919200523,-0.25717944960640576,-0.46513807362393556
2019-12-06,31341.185546875,13.640000343322754,0.0,1.0,1.0,0.7451577013957679,0.9654215183516085,-0.5698364159655619,0.22352233972127303,-0.018923085817399595,-0.9236929907366126,0.05048559672272574,0.014942808060685918,0.17719227597231355,0.2908465813218872,-0.4500771724074882,-0.22759083863267923,-0.8362642068886175,-1.0037298826104344,-0.39806774870647665,-0.6516612724551161
2019-12-09,31316.287109375,14.600000381469728,0.0,1.0,1.0,0.632895206657981,0.9060709342391489,-0.7616593534836434,0.22362739252816508,-0.05186473562278404,-1.151312006595125,-0.6759101859338172,-0.29877465211825244,0.17432295476462972,0.3014286932512356,-0.4953396046860481,-0.24012619761611068,-0.09222322791718136,-0.6465487057632021,-0.8730917896452619,-0.6056314416551654
2019-12-10,31159.98828125,14.289999961853027,1.0,1.0,1.0,0.5105286848030737,0.8326859110256848,-0.9427118897701837,0.2217571805803953,-0.2619995319040215,-1.6138284785865693,-1.314065567892583,-0.5085195166676566,0.17420554525013818,0.30215022630263644,-0.4981618992471525,-0.29045023944523474,-0.3772739155179308,-0.3267478502089196,-0.7433602965881784,-0.5124376261273104
2019-12-11,31256.38671875,13.380000114440918,1.0,1.0,1.0,0.4215947543216752,0.7551508967968741,-0.9962492198684763,0.22127717226626337,-0.1403839730436021,-1.2061119700448688,-1.414747453863129,-0.5469244260744249,0.1657910678380786,0.32050893427098714,-0.5879648688920661,-0.32076633220795486,0.17080948754948183,-0.1434801667165296,-0.16930343418419638,-0.7633436583576942
2019-12-12,31665.08203125,13.350000381469728,1.0,1.0,1.0,0.4092456911731683,0.6905086328218247,-0.8299251426215717,0.22598170474746226,0.3295232278281606,-0.05229879263004613,-1.0229511115649657,-0.4383256625702381,0.1621282310335746,0.3365752875069669,-0.6539989709145415,-0.3149026813027038,0.8414535585776826,0.7056665281718818,0.3629153791110175,-0.12703763970313997
2019-12-13,32013.876953125,13.300000190734863,0.0,1.0,0.0,0.44756880215925865,0.6469076874538794,-0.5584797308589717,0.23462384071856723,0.6677411558405746,0.932405863298075,-0.11522289764735376,-0.09522219073553043,0.16763046851198052,0.3442640963434306,-0.6612690022791129,-0.3139931628571424,0.7035632199974153,1.0768619600573623,0.979019223556916,0.5504083437984989
2019-12-16,31973.828125,13.420000076293944,1.0,1.0,0.0,0.46367490767655534,0.6154365362112811,-0.4019982373541508,0.24193935285114176,0.6043898803043013,0.7500173138226902,0.5821338663505616,-0.07237007049314031,0.1698672935651711,0.35505052951235405,-0.689725106058338,-0.35832063539681364,-0.1231764409968413,0.4047573317960253,0.811439988130275,0.5367904996744367
2019-12-17,32139.876953125,12.520000457763672,1.0,1.0,0.0,0.49477740627677086,0.59684390315917,-0.23585776211185128,0.25064600316422747,0.7641508801702996,1.1387320161385637,1.006734324753051,0.2092949503823227,0.17775473554891247,0.3588836242563668,-0.676154153552747,-0.41451377590038324,0.3124263948540981,0.13223328570766363,0.5098814473691788,0.8402236616789945
2019-12-18,32243.875,12.34000015258789,0.0,0.0,0.0,0.5274638247626399,0.5888893948458807,-0.09861968288156449,0.2598310923544463,0.8625760742655826,1.2107762077952462,1.1059728792967054,0.033671393353638626,0.18777118644485277,0.3603083893945346,-0.6475423547187237,-0.45552052074663507,0.18040563713393892,0.34375368198280465,0.2116687125712395,0.8444454808774063
2019-12-19,32241.07421875,12.119999885559082,1.0,1.0,0.0,0.5441325808274942,0.5860545043597011,-0.03257359541451267,0.2681061948701044,0.8573299796344568,1.121774815443353,1.2385037965832992,0.20925505241829526,0.19600872079969778,0.3636082846626502,-0.6311382379963599,-0.5035248444398586,-0.04427946669017261,0.09521936252601479,0.25664193525969237,0.4547678650968516
2019-12-20,32384.572265625,12.329999923706056,0.0,0.0,0.0,0.5711934664952315,0.5895152848803297,0.0486442712351558,0.2773974985047008,1.0014440712754848,1.2033047429554304,1.2615238639105975,0.5576115661531963,0.20285843118017896,0.3734630011653361,-0.6411007297552465,-0.5479196123125039,0.2623799940679538,0.15233488321103883,0.22811425156725054,0.2606696179974164
2019-12-23,32339.07421875,11.960000038146973,0.0,0.0,0.0,0.5762054785866113,0.5933449343675978,0.05340289831578378,0.2852318357876499,0.907025978180006,0.9802383601611766,1.1793375131765202,0.5443838353299171,0.211415097912992,0.3749863818946893,-0.6178267488103102,-0.570506688813376,-0.13361686047863924,0.09008917670334125,0.049113677230603496,0.2560763628569175
2019-12-24,32280.375,11.630000114440918,0.0,1.0,0.0,0.5617983572067662,0.5933587177835026,0.00417597692776453,0.29158197740931024,0.7812619613248486,0.8525565521505564,1.0833616600223712,0.6134435469438386,0.21784145469580876,0.3757820345529471,-0.5992315978158003,-0.6400318544122291,-0.16144307373296274,-0.2052089640952593,-0.01767247061376356,0.047597826500701594
2019-12-26,31997.328125,11.119999885559082,1.0,1.0,0.0,0.496869038353531,0.5796244394620996,-0.17318212257656923,0.2937683878195015,0.21456390961162788,0.2368765223076384,0.7388316424282796,0.35676303849863494,0.21887751988980353,0.37632570050053726,-0.5976113680815133,-0.6424042978131888,-0.6348850975098307,-0.5544669202625587,-0.5291357190934588,-0.31108875351915344
2019-12-27,32411.97265625,10.529999732971191,0.0,0.0,0.0,0.5034098208316289,0.5700216771100909,-0.11988313146023526,0.3009601982724426,0.7166036718408495,1.1388061315789042,0.7953607833507028,0.3542889780120495,0.22455555618386155,0.3742553030311506,-0.5720345879064626,-0.6158343244687373,0.8336409035672669,0.13885647518147723,0.022225080250922465,0.07515169023493656
2019-12-30,32354.5234375,11.010000228881836,0.0,0.0,0.0,0.49122767363739034,0.559760550148242,-0.12837642296657925,0.30674472326171265,0.6069451494235675,0.812245458906566,0.7809899471438713,0.08302665232112982,0.23053862246010026,0.3734616767043281,-0.5497054254687074,-0.6159555992684668,-0.15854936906868594,0.4707427402082139,0.02387456333192003,-0.11003588430482014
2019-12-31,32161.27734375,11.670000076293944,1.0,0.0,0.0,0.4430443350929583,0.5413514077859014,-0.23349062406459223,0.30954851633246655,0.24670556313858558,0.42057653532977796,0.8464786894698455,-0.01708393043968463,0.23329181643453084,0.37446087830767777,-0.5439571915815388,-0.6516443200216643,-0.44413585451351184,-0.41954646225248593,0.13260633990911086,-0.2466484953266243
2020-01-02,32443.47265625,11.489999771118164,0.0,0.0,0.0,0.4423768204897442,0.5264827834370357,-0.1878158549131878,0.3156335299911844,0.5905396930747581,0.8957660411543793,0.7598353104365791,0.05799876594907112,0.24070448235406233,0.37780816625250163,-0.5306800242369419,-0.6553800559049069,0.5532876651771107,0.07642501437113726,-0.02720192564671992,0.06779678594684618
2020-01-03,32068.876953125,12.699999809265137,0.0,1.0,0.0,0.3750981509749063,0.5003452297541074,-0.33319168521764114,0.31642895220377654,-0.04060917048631318,-0.7793433462690873,0.19243660732113219,-0.2536344057172538,0.2414260407064015,0.37825570248565954,-0.5297919592119434,-0.6169806299305758,-0.8249462526265438,-0.18890410785676057,-0.40706459727022715,-0.01582048434290026
2020-01-06,31236.787109375,14.779999732971191,1.0,1.0,0.0,0.18406284586002147,0.43899369456220994,-0.7874728017668453,0.3066861444331886,-1.0475952990446293,-1.7898353423343494,-0.595571469048311,-0.7925710954073973,0.2455980059664465,0.36753351333961876,-0.4806038480835143,-0.45660598233563776,-1.8189464405934381,-1.8417549651917307,-1.1907405643851932,-1.1828244036216684
2020-01-07,31399.03515625,14.609999656677246,0.0,1.0,0.0,0.055460580223340626,0.3626878257833431,-0.9803925191071688,0.29991128673020656,-0.8298261847566133,-1.4212937266568761,-1.421599336938467,-0.7775481574088591,0.24495028946886852,0.3689840799176579,-0.4875357551016997,-0.3822173327078256,0.3124843631764931,-1.0492517447397964,-1.328004390028185,-0.975593447456285
2020-01-08,31373.28515625,15.640000343322754,1.0,1.0,0.0,-0.05248602454678128,0.278791219815728,-1.0783175028145011,0.29345787994687156,-0.857704762110398,-1.0345339099870574,-1.5125743390432955,-0.7656505473441069,0.24425394460333094,0.3704741219455075,-0.4947566642429456,-0.3426510412107734,-0.09396234221219615,0.15262855828895605,-0.9113255189606772,-0.8215348592696066
2020-01-09,32092.02734375,14.0,1.0,0.0,0.0,-0.025306429128110076,0.21742775838177977,-0.7876266573186154,0.2966563556597857,0.0010094091729620973,0.3398691374721634,-0.7533383127959183,-0.2621707214185047,0.23959882138451014,0.38779940984657424,-0.5673175469610794,-0.2318006551634167,1.4957151307041294,0.9770429715948883,0.9781133890944052,-0.40691456473827886
2020-01-10,32097.02734375,14.079999923706056,1.0,0.0,0.0,-0.005419365689045207,0.1725470095833422,-0.574989949427112,0.29961308330289266,0.006191913977182478,0.34943030607588604,-0.12207820561198932,-0.07463429638189953,0.23454893959300976,0.40431599131011725,-0.6383071278116782,-0.2505830681727851,-0.027844734922969735,1.0231103237280985,0.7841174031812309,-0.056230317800709355
2020-01-13,32177.27734375,14.279999732971191,0.0,0.0,0.0,0.020425438060665022,0.14211366325258365,-0.3886099423103005,0.3032972599064685,0.09345934701304846,0.5028870621656385,0.42600975712387323,-0.2916353165333875,0.2351314726667072,0.4105523348447077,-0.6568771483955596,-0.311633716171177,0.13072949527010116,0.07205845566460127,0.9121972963859104,0.8015282263184664
2020-01-14,32071.27734375,13.90999984741211,0.0,0.0,0.0,0.021195179289418383,0.11792993765872709,-0.3079861512844033,0.30529774685496874,-0.05473867346239797,0.3001902877667133,0.4118643146636266,-0.32334557768830935,0.23543070343463302,0.41100655733180785,-0.6573843383101932,-0.3807427487130325,-0.2618791397939315,-0.09100469472005554,-0.08967481870719833,0.5488374108651379
2020-01-15,31824.53125,14.119999885559082,1.0,0.0,0.0,-0.01994314171226037,0.08987412145935508,-0.3579384023016657,0.3040051917473735,-0.38596764115732834,-0.1716459131640391,0.22610152840904266,-0.35930182322122145,0.23546458295465414,0.4089757491824894,-0.6506061589426206,-0.38663357855729413,-0.5614924559121472,-0.5733093891406061,-0.3938671911541926,0.3431478691918827
2020-01-16,31853.529296875,14.18000030517578,0.0,0.0,0.0,-0.04984826255799752,0.061098661154807075,-0.3672222354159116,0.3032003508237295,-0.34738466216842,-0.11619487009393224,0.005399872086749614,-0.5209114171798327,0.23432484789739058,0.40634063019746586,-0.6456977556815894,-0.4235797017681819,0.023288989059087165,-0.37461888675183225,-0.45511093153905624,-0.30464496670885544
2020-01-17,31590.283203125,14.130000114440918,0.0,0.0,0.0,-0.11681882420523836,0.023900864043198022,-0.4758753443434154,0.2991621753333559,-0.6926550689310025,-0.6195829274169703,-0.3224977153796003,-0.4526108909809321,0.23306746924819388,0.3989202702128972,-0.6254306696306314,-0.4242783616362648,-0.6004484555994422,-0.4017614260673468,-0.6481037981097683,-0.5565615671910455
2020-01-20,31080.2890625,15.40999984741211,0.0,0.0,0.0,-0.25107978517556295,-0.03427993987643497,-0.7465684995289708,0.2890960578540123,-1.249725885438549,-1.5621579746719365,-0.818212901236851,-0.24489158561641913,0.23885620899947152,0.37735219150037086,-0.5352398771868552,-0.2853867621097327,-1.1407288550701118,-1.2127892613649143,-0.9782828423318771,-1.115938765952515
2020-01-21,30947.19140625,15.859999656677246,0.0,0.0,0.0,-0.376939409782135,-0.10746861632050876,-0.9401789007184692,0.27831508384372255,-1.3768284666972408,-1.7597245031302127,-1.404128421177741,-0.44143150113561014,0.24113315385023812,0.3557600873857406,-0.4561602205936792,-0.3247141106891372,-0.32905831950997527,-1.023698556524037,-1.179129504845985,-1.1454941983853562
2020-01-22,30701.091796875,16.360000610351562,1.0,1.0,1.0,-0.5126494094183177,-0.19474888001973617,-1.1219686818765926,0.2654664784953008,-1.6010383449736882,-1.7757872029572426,-1.8163132796944381,-0.5888375699185184,0.245457829045644,0.32934534633351625,-0.3538864323601591,-0.2944355542736262,-0.579142782162126,-0.6324142309950274,-1.166984745120482,-1.1532594468909805
2020-01-23,31003.689453125,15.859999656677246,1.0,0.0,0.0,-0.5677749999692518,-0.27624298174332285,-1.0473237820330712,0.2576463319680841,-1.1269641016880423,-1.2037104521003852,-1.6885273473099758,-0.8504776782237197,0.24166682070855716,0.31624697155405085,-0.32243095664217797,-0.2870887171540133,0.6258848130452761,0.03294108596572453,-0.15997135076889882,-0.8881478418458335
2020-01-24,31241.38671875,15.5600004196167,0.0,0.0,0.0,-0.5693979483389475,-0.34178183549939495,-0.8414916792458365,0.25355970324180893,-0.7887294450724355,-0.7543312959909783,-1.3301063782777611,-0.698466272121743,0.2388325288383687,0.3091078667500636,-0.3077538984754014,-0.27110671908672695,0.4788805026241157,0.7701173575172522,0.30057371937856875,-0.41329783277422255
2020-01-27,30837.041015625,17.18000030517578,0.0,0.0,0.0,-0.630598799514308,-0.40716892025869933,-0.8395337697350457,0.2447781423602982,-1.2000186136287285,-1.5187680696703232,-1.2384794942304336,-1.0126199416927544,0.23041731004211,0.2968594966349034,-0.29416922925030187,-0.27524761357718813,-0.9207033933565536,-0.3074658526208844,0.10587574060507049,-0.31649778706560894
2020-01-28,30761.04296875,17.299999237060547,1.0,0.0,0.0,-0.6858644854037175,-0.47117813651347157,-0.8217584539123399,0.23587734146413908,-1.2719036499950298,-1.6624463660144218,-1.4020180676238156,-0.9959038624597338,0.2214019833424848,0.2849908257948621,-0.2837782555072888,-0.29143702364718627,-0.20551945754674117,-0.7843205855398246,-0.36804521433717513,-0.2621469524317535
2020-01-29,30876.640625,16.5,0.0,1.0,0.0,-0.7055568070146634,-0.5265543037160743,-0.7103870328293617,0.22927772995089915,-1.0956810907074246,-1.4439029297773214,-1.6478491826977812,-0.7639836229524491,0.21309830165362018,0.27650564461910276,-0.28245292197727806,-0.3276897129922136,0.2156454350449673,0.007428901024847302,-0.5180957000203464,0.08751955959435323
2020-01-30,30647.044921875,16.799999237060547,1.0,1.0,0.0,-0.7517329096080536,-0.5806305535844516,-0.6936173330479501,0.22041977780964792,-1.3284447772177357,-1.7117365946172232,-1.71664213376713,-0.9335113927844712,0.19690489387247131,0.26943156150094755,-0.3120445728247026,-0.34130471868160317,-0.5439006276710789,-0.2283377148354967,-0.30330882334074727,-0.42712671474469655
2020-01-31,30833.2421875,17.3700008392334,0.0,1.0,0.0,-0.7523905103608589,-0.6240307652113997,-0.5558901472878526,0.2147466348522575,-1.0376825935921505,-1.3302410002046128,-1.5982114856527911,-0.6420294278544083,0.18625356724998188,0.26405652261022133,-0.3291472800983642,-0.35459302030222195,0.3718460410960579,-0.11950515695272389,0.02580376141017973,-0.4742164501217851
2020-02-03,30022.900390625,15.779999732971191,1.0,1.0,0.0,-0.8749423299401556,-0.6846947173033393,-0.7786025745166365,0.1994247698710168,-1.7520622451441388,-1.3776591722735263,-1.5745956987265948,-0.8527440548068576,0.1979749727884605,0.23557420870939938,-0.1931094099936486,-0.11614379052850489,-1.8422073091098565,-1.0240985553360453,-1.1472230946413635,-0.879631443781533
2020-02-04,30686.341796875,14.380000114440918,1.0,1.0,0.0,-0.8585765386094529,-0.7297612993653111,-0.5773873080566323,0.19390406519706008,-0.894457581673065,-0.4600061179149238,-1.128355911903904,-0.3165237134668267,0.19674805014006433,0.22733209546162322,-0.1689439433505254,-0.035093209277505276,1.4419614307231359,-0.27849712633292567,-0.015232706346144001,-0.15482339635562198
2020-02-05,31001.58984375,14.170000076293944,1.0,1.0,0.0,-0.7886120670428656,-0.7510033361029191,-0.2700366312104929,0.19287298667542585,-0.554093908596821,0.028517659288721686,-0.6439607598794987,0.06516000524671438,0.1946910558261936,0.22451558345333805,-0.1661028655502976,-0.0555515902432426,0.6538452334422385,1.4606240568903843,0.14551379359002645,0.03796229391863155
2020-02-06,31303.6875,13.779999732971191,0.0,0.0,0.0,-0.6795308723216091,-0.7449048659054313,0.08267202271814897,0.19573860136311297,-0.2531200885986706,0.4567799231412481,0.01001365882580528,0.06282052192683397,0.18078739254481316,0.22852008314970557,-0.2260214043395438,-0.03898771137543354,0.6183953264391692,0.8868055040643712,1.5481180284016196,0.5493135739412999
2020-02-07,31201.5859375,13.75,0.0,0.0,0.0,-0.6049543362953034,-0.7242385032508276,0.270606421715369,0.1970475025854802,-0.35817174958816644,0.861711449116951,0.48120372436287945,-0.1666118256814738,0.16444851571874844,0.23363995853778477,-0.2980463102826653,-0.11258472065249685,-0.25966368159808717,0.2503194212892023,0.5781497148990342,0.2714813196824388
2020-02-10,31057.7890625,14.210000038146973,1.0,0.0,0.0,-0.5648537511911369,-0.6992162623884522,0.3267998179456381,0.196423683043103,-0.5075560722834261,0.6081299607345395,0.6878345244041135,0.010069355984399949,0.1421607767108169,0.24198687538974697,-0.4012891731722351,-0.17057698134137758,-0.3512539887849471,-0.4252824082620418,0.005218350389163348,0.9274251746929417
2020-02-11,31300.236328125,13.880000114440918,1.0,0.0,0.0,-0.49115155760410983,-0.6635959783756122,0.4635208210620694,0.19890774205843878,-0.2457734026397273,0.9801819270234544,0.8744264489295032,0.22734371595930564,0.12282844100414511,0.2519000127459841,-0.5002628830183794,-0.17751363111414567,0.4882618759541472,0.09583369744430953,-0.06896092833871295,0.5078457325004525
2020-02-12,31492.53515625,13.619999885559082,0.0,0.0,0.0,-0.3998922767597611,-0.6157804871351541,0.6208461821406013,0.20357313813637323,-0.047308551548953276,1.176867012611589,0.9867788715055971,0.27801688948120334,0.1138727137517475,0.2568289477494083,-0.5473428927671505,-0.23194973685696665,0.37643363045369166,0.6028490474069861,0.2936302396728687,0.3857986946701245
2020-02-13,31229.88671875,13.369999885559082,0.0,0.0,0.0,-0.36784986191993413,-0.5707448292876633,0.5849846929404552,0.20449173946513083,-0.350373277876375,0.6612076633735354,1.005700982256678,0.2585508313569246,0.09786904501947098,0.26523088839119213,-0.6302191291743781,-0.2281803866849314,-0.6056221370550852,-0.15931313731552366,0.14863411684897282,-0.15270691959662183
2020-02-14,30834.443359375,13.619999885559082,0.0,0.0,0.0,-0.4035639970124148,-0.5422768579370998,0.3712517721531747,0.20035065575493602,-0.7599627804792247,0.025068385416516462,0.6652046285040703,-0.1391027511611971,0.08576058847036509,0.2677922853293054,-0.680142444366194,-0.16710380790350873,-0.9014734043925996,-1.0496931099337867,-0.6435492943691055,-0.4350706515887895
2020-02-17,30680.341796875,14.420000076293944,0.0,0.0,0.0,-0.4537978188040091,-0.5301368016343063,0.16061204438105944,0.19466632907527953,-0.9077684523315961,-0.22283072422015915,0.16621476501083512,0.3188961704113056,0.08424653047574288,0.26403036568654376,-0.6725154438976971,-0.19836097594317614,-0.37773221288721087,-0.8909111180457946,-1.0734424393807949,-0.44671972748855554
2020-02-18,30562.14453125,14.510000228881836,1.0,0.0,0.0,-0.5091581135175143,-0.5321443333897816,-0.021900180144062413,0.18803718598777056,-1.0209282659708137,-0.4129715406698766,-0.21672829497163945,-0.2247198568901633,0.08442651763594487,0.25869591895723976,-0.6537457163304845,-0.20556531629926514,-0.29982693777296354,-0.4717147681805662,-0.899131628158542,-0.7934388417088217
2020-02-19,30837.83984375,14.020000457763672,1.0,0.0,0.0,-0.5056250147341572,-0.5330024143921362,-0.007071587943747665,0.18550590909625753,-0.6674678237742622,0.030532220038293208,-0.21478044721828035,-0.2505891947675581,0.08448813606742575,0.2604591359987976,-0.6595393268558067,-0.22896958006569113,0.5698307484116959,0.18849842458652327,-0.06045194635826068,-0.7083539169348871
2020-02-20,30942.490234375,13.699999809265137,0.0,0.0,0.0,-0.4830348128841706,-0.5289066140918058,0.056836400673297024,0.18453155225937268,-0.5381213450971117,0.19888053681196477,-0.06444109963006989,-0.38167780444086363,0.08396332514820537,0.26019005872290685,-0.66041309364018,-0.2512421666738851,0.19105626349496022,0.530520621339098,0.26377152400620524,-0.357855820088692
2020-02-24,30454.74609375,17.0,0.0,0.0,0.0,-0.5394357004694584,-0.5375698404461017,-0.10776256332821374,0.17751722673896972,-1.0400271533006282,-1.332122674594827,-0.3921169161853091,-0.6414342698445402,0.08050707982472223,0.25329110792027965,-0.6486986464291793,-0.23227897825158134,-1.1144994269501431,-0.6430341166228593,-0.20061190255606326,-0.45157646750875685
2020-02-25,30432.345703125,16.899999618530273,0.0,0.0,0.0,-0.5835052172079589,-0.5538297809292242,-0.20576465308536138,0.1708892756907872,-1.0614235883016852,-1.5183347177123108,-0.9442853461970399,-0.561859097877621,0.0815959182002046,0.24674355829748257,-0.622636053780855,-0.2849808585381325,-0.08823086047658485,-0.8376270369320606,-0.5757232618868201,-0.32421055300138674
2020-02-26,30306.498046875,18.26000022888184,0.0,0.0,0.0,-0.6337673964806035,-0.577478057270904,-0.3010785403380985,0.16331018325353958,-1.1851636529728615,-1.5630775519287607,-1.5724204092511722,-0.8051274470631,0.08395749642730523,0.23819869890316986,-0.5853637083325082,-0.3030279658911561,-0.31905633674789763,-0.28340315556901186,-0.866500034614993,-0.33267051343154186
2020-02-27,30186.6484375,17.770000457763672,0.0,0.0,0.0,-0.6873602279018184,-0.6077420894714474,-0.38642569023695433,0.15494595216105872,-1.3026979033614432,-1.4259061809588065,-1.6058540698244936,-1.0087418511687039,0.0864166160351149,0.2264050387827783,-0.5365570193711959,-0.3170525594518647,-0.3067653016556593,-0.4356667275248347,-0.4060716467184262,-0.7183283234579886
2020-02-28,29146.8125,23.239999771118164,0.0,0.0,0.0,-0.888412283754232,-0.6745153178565724,-0.8574158394997206,0.13430369511474063,-2.0860967253994773,-1.820473366763671,-1.7135659845321842,-1.5374700759499356,0.11381252282163526,0.17770289951056717,-0.27539328721732076,-0.10697989653985891,-2.4125627439010566,-1.894314443398301,-1.7309981893868445,-1.8637886577344465
2020-03-02,28868.064453125,25.200000762939453,1.0,0.0,0.0,-1.0823670774157934,-0.7689934381152582,-1.214825273902658,0.11212246380884569,-2.2420391284803167,-1.62523545445259,-1.7357251711045634,-1.476097403189338,0.13678208067031392,0.12741587538315616,-0.02225250785688067,0.11330234887807167,-0.6892408590513891,-2.160803763071012,-1.9420125039873501,-1.6766964526324344
2020-03-03,29176.7109375,24.540000915527344,0.0,0.0,0.0,-1.1756771548445404,-0.8643293446695635,-1.2258912226944856,0.09593456919342704,-1.7957167747047846,-1.2966371232133542,-1.689640971794283,-1.1667864552779132,0.14738960826125835,0.10501281339645377,0.09230157805562257,0.1125186864187037,0.6818880277980868,-0.004749434983341174,-1.378455704275561,-1.3378831943600606
2020-03-04,28653.365234375,24.229999542236328,1.0,0.0,0.0,-1.320618763497733,-0.9712816911362222,-1.3757501442812576,0.07470796971482854,-2.1064244832655397,-1.4497019005211598,-1.5574615744435985,-1.4485139634742912,0.16379491413063424,0.060684699809599466,0.3046239236421781,0.2958126360479784,-1.2642772080748241,-0.4054052219354583,-0.7239046068922931,-1.7537324457903163
2020-03-05,28815.015625,23.25,0.0,0.0,0.0,-1.3960548617867943,-1.07281312106922,-1.3058171259145543,0.05753549998213452,-1.883227040457793,-1.258171988208285,-1.4266040727881417,-1.514301288958582,0.16692618367370327,0.028186035731097802,0.4315888661933002,0.30088492951916085,0.34262626559003256,-0.6417853891215416,-0.1357148773214381,-1.4680330867133882
2020-03-06,27801.126953125,25.63999938964844,0.0,0.0,0.0,-1.6020417332067542,-1.1976449504825095,-1.6064060124411588,0.02925013815488317,-2.3951894437360175,-1.4072668212154014,-1.466043372039488,-2.2670598849085573,0.17925748664877628,-0.03152260797416129,0.6890935416097375,0.6222628283849734,-2.4644364302498527,-1.4779946799689698,-1.9291974759307322,-1.4908548782030242
2020-03-09,26462.29296875,30.799999237060547,1.0,0.0,0.0,-1.9593421590062687,-1.3731496388706341,-2.2601157597460766,-0.013175520674382475,-2.8387160703557397,-1.5988400986190634,-1.5192108861050235,-2.8866630828417983,0.21559901843865834,-0.13287084875058994,1.1837083415241154,0.988262715887776,-3.3811876989228855,-4.072556948856782,-3.135888705259631,-2.6751749796827027
2020-03-11,26487.4921875,31.559999465942383,0.0,0.0,0.0,-2.2154518579941915,-1.5677708987447025,-2.5067307992017946,-0.0512437923203856,-2.80897494331077,-1.582843970131984,-1.634955895671799,-2.8559130066616456,0.2330635290341397,-0.21221838773798885,1.540712673571237,0.9314545499657262,0.026068926803228178,-2.337300759516474,-3.3163342016304753,-2.963702127670373
2020-03-12,23970.87109375,41.15999984741211,1.0,0.0,0.0,-2.7912536467982276,-1.8453630901698042,-3.5771047191895287,-0.11732983585806012,-3.313952793487121,-1.7523847808842412,-1.757989861543617,-4.520050982775718,0.2958520856100729,-0.37584228449918083,2.380100061303898,1.5977601798508927,-6.799953721810305,-4.719321293751086,-5.787686066977375,-5.399119080710516
2020-03-13,25166.15625,51.470001220703125,0.0,0.0,0.0,-3.024069273766872,-2.1167230805686694,-3.4967056526983797,-0.1620927741321287,-2.3113418680548428,-0.6043145992092039,-1.4034432118402598,-3.6246138521632547,0.2926786769711937,-0.4570765030492499,2.696020824083767,2.627224048310356,3.2573208478994737,-2.467950952578794,-2.003572343743709,-4.1168012680497865
2020-03-16,23100.8828125,58.880001068115234,0.0,0.0,0.0,-3.5010424209588926,-2.4347845857256307,-4.099182718901276,-0.22856077210210768,-2.74060771380485,-1.3219989854753473,-1.3104524182841253,-4.4860756948492755,0.32275287459037444,-0.5971742330346783,3.3691721838551367,2.9341537463862615,-5.8379386563679185,-1.79766827608506,-5.346201401477752,-5.600971177946217
2020-03-17,22154.892578125,62.93000030517578,0.0,0.0,0.0,-3.986899855527639,-2.792088074616734,-4.60542743825547,-0.30059311313263853,-2.8914505940757977,-1.6538207718097555,-1.2753145166220496,-5.012324844029552,0.35493525570459616,-0.7468348972622264,4.109871207008926,3.0057054511198724,-2.870293383082893,-6.067075081450652,-3.106198016599474,-5.376203586321008
2020-03-18,20579.9609375,63.959999084472656,0.0,0.0,0.0,-4.57362399106351,-3.2021382710743214,-5.28589105471683,-0.3855680010735411,-3.1005773377770716,-1.838839572875025,-1.715420570864064,-6.313417116458987,0.3974054371091059,-0.9262444069938509,5.040084252803776,3.321012571117904,-5.0327326733371365,-5.506048917908763,-7.831733138651711,-7.601819759606876
2020-03-19,20083.265625,72.19999694824219,1.0,0.0,1.0,-5.062206789471807,-3.6336096628033316,-5.5622370993480565,-0.4686953567613843,-3.1584068955833953,-1.5261016729862924,-1.7881828319578184,-6.406686601222352,0.41995069222731757,-1.0898746355984017,5.871078481661584,3.6388160643201033,-1.6930661990809226,-4.685817493184494,-5.469053534332949,-5.35504821880896
2020-03-20,20317.36328125,67.0999984741211,0.0,0.0,0.0,-5.3527835073723065,-4.040300830233486,-5.242557600454788,-0.5409623400171412,-3.000918383694053,-1.4570927232883035,-1.7180496171258723,-6.318851561245013,0.4051784131339933,-1.2150332491219018,6.435769362898656,3.7237231087447693,0.7465057538854045,-0.6591410509472616,-3.4073887564917484,-6.459679537264486
2020-03-23,16917.453125,71.98999786376953,1.0,1.0,1.0,-6.059494524921076,-4.515261964184718,-6.123280406822841,-0.6490963158018772,-3.3559977850617564,-1.9079114918297715,-1.742673638801052,-8.342423409426893,0.4292033651738356,-1.4276059404906858,7.587212877965455,4.363308758374235,-12.441522451179917,-8.148113192479896,-7.630581793474128,-9.36492154062241
2020-03-24,17107.1015625,83.61000061035156,1.0,1.0,1.0,-6.516632253619268,-4.992005296885425,-6.146271821117132,-0.7445472288946101,-3.24620347233522,-1.6943052296493262,-1.802637920781207,-7.547195557253025,0.42046599332891677,-1.5968615480651545,8.472997496466844,4.4161688225126206,0.7166315738374005,-8.16892798642641,-6.256994586794904,-7.78685645179524
2020-03-25,18480.8359375,77.62999725341797,1.0,0.0,1.0,-6.585808119746271,-5.388044247001108,-5.105137718692471,-0.8136346096584796,-2.495847722736941,-1.3458879234055905,-1.7629935986871592,-6.473417865683208,0.3630756371979387,-1.6965751352546543,8.874061871111133,4.579248715095286,5.192997166538454,4.117899354068508,-3.7223847333640263,-3.288053866881142
2020-03-26,19613.671875,71.52999877929688,1.0,0.0,1.0,-6.3883257630847545,-5.66306909704663,-3.543984502204662,-0.8618982633177283,-1.9553795688395093,-0.9805323566857539,-1.4323845136861069,-3.948445271777873,0.27756441719873215,-1.7500567435747925,8.944854805911005,4.712704506080412,3.990947416010398,6.399274423146356,5.644528676851173,-0.7873761113879553
2020-03-27,19968.767578125,70.38999938964844,0.0,0.0,0.0,-6.107143387885229,-5.823563671855411,-2.0664764476274584,-0.9011004999900162,-1.793989395405531,-0.7908824762953027,-1.110315838063896,-4.467066128533142,0.17544854872137308,-1.7798250928548753,8.82950751766696,4.787807044519991,1.1768271659594638,3.6010134873843818,5.906851522899821,-0.5980565115845866
2020-03-30,18782.181640625,71.88999938964844,1.0,1.0,1.0,-6.007346138832776,-5.930832610276492,-1.3798343670922566,-0.9514890050143721,-2.0344070792077718,-1.1227590453716265,-1.0307707723959432,-4.056958334030884,0.09037224651196606,-1.8293751668657017,8.879774958454785,4.682744455662784,-4.187499225425158,-2.0973079852234906,0.5597370502424571,3.033295147948232
2020-03-31,19143.77734375,64.41000366210938,0.0,1.0,1.0,-5.806011602779239,-5.974025958338323,-0.5532214853726664,-0.9925319969909067,-1.864711464592908,-0.9027610818912032,-1.0030454451540285,-2.9875983266468067,-0.006887818817498754,-1.857624873969091,8.762997618603093,4.400053705670852,1.253124729013576,-2.044147762882956,-1.0008894562345527,3.269324930769547
2020-04-01,18208.138671875,60.04999923706055,0.0,1.0,1.0,-5.732527236906767,-5.993024258814544,-0.2410911109828093,-1.041430603387723,-2.0558961623957717,-1.2236373345922154,-1.1573218163914336,-2.5546621920716794,-0.1256886949958671,-1.879976749436227,8.536365317654687,4.2662827633635,-3.432207670003303,-1.5178994082706774,-3.6281530728457274,-0.5253278149673499
2020-04-03,17249.099609375,55.29999923706055,1.0,1.0,1.0,-5.763747684479283,-6.014832156513938,-0.27733657113538024,-1.0977309007131824,-2.235197982399598,-1.4745789332250359,-1.28274500826681,-3.096735061751809,-0.24437662698888207,-1.9082698546793033,8.336874711200242,4.16321125647341,-3.703100232920363,-4.97114234814342,-3.3520336911910333,-3.9103186169425252
2020-04-07,19062.279296875,51.79999923706055,0.0,1.0,0.0,-5.438326167478076,-5.963387901025684,0.6676593797269837,-1.1258708277768072,-1.429446914056437,-0.6246588617362752,-1.1836020395953144,-1.4342304570994795,-0.4049589373428098,-1.8706758641330032,7.552260388467663,4.295268881663566,6.731173102183724,2.1101792557690895,-0.2294109093956205,-1.4666880647298417
2020-04-08,18946.228515625,52.2400016784668,1.0,1.0,0.0,-5.142226475432104,-5.859549248674255,1.343577980464103,-1.152789953318973,-1.4568425795847848,-0.4983768059288138,-0.9250478941739271,2.372732999228649,-0.5577055456653777,-1.8292768949952662,6.734964208545694,4.387843602521516,-0.45198628967135807,4.3753884336159485,1.4693888351624647,0.17674819991859825
2020-04-09,19913.3671875,49.75,0.0,1.0,0.0,-4.7012092924961255,-5.6831165632534555,2.2800837939053733,-1.1649848092320643,-1.062569493075793,0.38629079397154975,-0.2616510001742794,3.297129807321267,-0.6859232673323012,-1.782711139166118,5.945330324565852,4.233725758508097,3.3335586609451595,2.0081052348648987,5.480458083350215,1.0920336315969557
2020-04-13,19487.7734375,51.459999084472656,0.0,0.0,0.0,-4.37188571290706,-5.472253788546523,2.7242522387547603,-1.1813695524545027,-1.179249255230632,0.1254404329442949,0.005758123102757199,1.0016817922972785,-0.8431331396525227,-1.7118496139802089,4.854355013011718,3.963795001266388,-1.501600279608325,1.2767881279579567,0.7875740545687143,1.941402982671935
2020-04-15,19056.830078125,49.7400016784668,1.0,1.0,0.0,-4.134670177117986,-5.253345886529155,2.828039122848905,-1.2016124106593573,-1.2973368658996405,-0.13868875334020017,0.13398630232922298,-0.7347673647415689,-0.9287640599058686,-1.6879716676041945,4.336332819514757,3.9497419625249024,-1.552920592896985,-2.1278595855269042,0.16001432849003988,2.8873729891203475
2020-04-16,19399.775390625,46.09999847412109,1.0,1.0,0.0,-3.849961620361974,-5.017947779637838,3.040772485032188,-1.215615274830356,-1.1452859467976981,0.07150561294978823,0.021765920475005637,-0.7369383298357491,-1.0874699382615647,-1.5990618291440066,3.0641607876504513,3.7593396564178896,1.1696040851789313,-0.2667016105548644,-1.0734931903834446,0.4405646476451625
2020-04-17,20681.208984375,42.59000015258789,0.0,0.0,0.0,-3.382902117229003,-4.730754464350228,3.7089612013854847,-1.2121721290872833,-0.6184941729433302,0.805418120936767,0.26417681018454275,1.97853256465442,-1.1626773253136289,-1.5527474559487713,2.4226090746634323,3.777671101407597,4.293792340358932,3.8069876011532284,2.230023644771136,2.5284665874122427
2020-04-20,20522.412109375,43.459999084472656,0.0,0.0,0.0,-3.0060147809661437,-4.4212141082275735,3.9972511994798157,-1.2110535714861483,-0.6728119509027948,0.6226343257037394,0.535587193505074,1.3689618586312866,-1.2116340668633172,-1.523365676183139,2.005244940994753,3.557811041302205,-0.5604439809262969,2.601578985563025,2.795759809883766,0.8153028890520315
2020-04-21,19409.123046875,45.20000076293945,1.0,1.0,0.0,-2.854986425450681,-4.141609659520439,3.6110603496274,-1.2240397425497591,-1.0366842302520356,-0.22194772951667852,0.43097157582862894,1.2420718341639592,-1.2311382705796632,-1.518616143023735,1.879677075891111,3.532916928018214,-3.815910112756403,-3.0488450681832373,-0.04610633530841525,-0.20287607936332736
2020-04-22,19701.62109375,42.81999969482422,1.0,1.0,0.0,-2.6603630243235004,-3.8767250211900817,3.4211661199262853,-1.2321113430866737,-0.910056805757921,0.16596387200251275,0.20300722324767673,2.8391444082501502,-1.2373067661807398,-1.5172657210260039,1.8407144416811785,3.353530945026715,0.9746671210044429,-1.9792585148331487,-1.9380896329276205,0.9091343413065794
2020-04-23,20267.712890625,39.22999954223633,0.0,1.0,0.0,-2.3905435535462725,-3.6076974916076403,3.474611858893909,-1.2322963326831415,-0.6672286109452802,0.6321518450951877,0.20640020272957743,1.1850381094950355,-1.238369464211248,-1.516817911133892,1.832703029063404,3.192274101660843,1.8802309431407829,1.9895199479832153,-0.54684468551614,1.2217741230697807
2020-04-24,19586.421875,39.119998931884766,1.0,1.0,0.0,-2.262110305084329,-3.36528660764897,3.13124144252444,-1.2410300755153436,-0.9067411457808863,0.07109499987366831,0.31086943754248725,0.568062245597613,-1.2538212266173159,-1.4649869009594054,1.4469549347893977,3.0366636673158367,-2.3542074373802073,-0.3298688317339718,0.2863619171666345,-1.703008660450839
2020-04-27,20080.916015625,38.040000915527344,1.0,0.0,0.0,-2.060008126462124,-3.128573590615099,3.057735600877781,-1.2427143960457407,-0.6881777720741379,0.47832086394157,0.4222241741169907,0.036371968489483784,-1.267114215275076,-1.4113392776619287,1.067045232406943,2.857793963545643,1.6503025687769548,-0.49007111099824324,0.6714907984185695,-0.7303922850786608
2020-04-28,20670.859375,35.349998474121094,1.0,0.0,0.0,-1.7873996578673106,-2.8814929371864135,3.191484221044832,-1.23682051483992,-0.4367460582717929,0.8691356940219686,0.5067085133527915,1.1320819281974066,-1.2480203868392115,-1.4020380559230576,1.1104167189038825,2.701327289705668,1.9226856319295693,2.4898482650628617,0.6956910188940235,1.7942988395877455
2020-04-29,21089.953125,33.84000015258789,1.0,0.0,0.0,-1.489671167855659,-2.620800355766845,3.367086114983199,-1.2262183827596718,-0.2635032053907224,1.0405644716885396,0.8523227318173826,2.0954352535363725,-1.2197630734017622,-1.411859503257759,1.308906632941864,2.64143943582528,1.321038722148199,2.2604341318346535,2.790672042182811,1.946684779659222
2020-04-30,21534.25,33.9900016784668,0.0,0.0,0.0,-1.171669760960508,-2.3449265278088585,3.56293314313946,-1.2110395072868936,-0.08310294855177336,0.9013162050145025,1.0031198517570201,2.1653820509892467,-1.184487021038487,-1.4278291288276483,1.5760476207302696,2.562493117996671,1.373602549922671,1.8778612480557721,2.6329462019311314,1.7237939776635873
2020-05-04,19743.521484375,43.66999816894531,0.0,0.0,1.0,-1.1947923380418248,-2.1291224324809916,2.7879981871739687,-1.219822381145619,-0.8006761506227092,-0.8966305247869206,0.3736271968079562,-1.0899013936381998,-1.1835371528517622,-1.4159740661315434,1.5122930280664757,2.7937648417859564,-5.9185374448190755,-3.166303510053918,-1.836744488738265,0.15566952082305827
2020-05-05,19271.525390625,43.61000061035156,1.0,0.0,1.0,-1.2764069356155339,-1.9737566752244975,2.0083080037606367,-1.2337035436641595,-0.9621819310418626,-1.370529178788458,-0.4859235903814242,-1.4170131948224214,-1.1835627724398319,-1.4142398998827328,1.5021826506250648,2.744183958910778,-1.6772077902942981,-5.291951427402314,-3.5458190034953474,-1.3082662998107824
2020-05-06,19694.322265625,41.25,0.0,0.0,1.0,-1.2614414118701227,-1.846295921457664,1.6483170115644408,-1.2409465557058792,-0.7698084904308973,-0.9460280597502112,-1.1444986800193395,0.1679569625673937,-1.190433524477856,-1.3871912255972618,1.3133814351727267,2.654534157877412,1.431431003251168,-0.17087099894610538,-3.512855357777287,-1.5243934250093385
2020-05-07,19491.57421875,39.93000030517578,0.0,0.0,1.0,-1.2698841395199494,-1.7461146137537027,1.2963960788766964,-1.2500490568747487,-0.8458769883031005,-1.3446851235732136,-1.3042293827294513,-0.363300707443439,-1.2298879847005344,-1.315957778127473,0.7158327456808171,2.438986000921396,-0.739257880970299,0.48264431305126043,-0.5605381715012746,-2.430819453169696
2020-05-08,19352.67578125,38.40999984741211,0.0,0.0,1.0,-1.2864750898043105,-1.669481812548961,0.9926064655719101,-1.26003112503086,-0.899946120561966,-1.4950913519397608,-1.3486355856842975,-1.0858671163735927,-1.2318130142087373,-1.3100633414700054,0.6734397797429668,2.3167583819935067,-0.5227625948644485,-0.8789373943303347,0.09752408388865666,-3.265123952594364
2020-05-11,18950.279296875,38.040000915527344,0.0,0.0,1.0,-1.3509229946920638,-1.6218189630210746,0.6188770140815588,-1.2741221459642917,-1.0583443553439236,-1.8881067168039622,-1.6844850252548702,-0.8204261802292404,-1.2318613259154971,-1.309958676599548,0.6726164004345087,2.2476976709618546,-1.4615093754952315,-1.3821651318597354,-1.5515233354976088,-1.304257617057301
2020-05-12,18862.630859375,38.209999084472656,1.0,0.0,1.0,-1.402365907360297,-1.5945789643994948,0.35541020018345837,-1.2879732329507805,-1.0934033090370825,-1.4283768469840312,-1.714320982362871,-1.4110748095820216,-1.2290519057452727,-1.3269400914453164,0.7811556281424132,2.1456965105519172,-0.35237936395735386,-1.2634508495740004,-1.3309930318718393,-0.7214002912427127
2020-05-13,19634.720703125,38.84000015258789,0.0,0.0,1.0,-1.3070989092356775,-1.552619282028241,0.5453027963203043,-1.29079711728603,-0.6614049228496837,-0.7409010471266225,-1.445453420928879,-1.1901690334251547,-1.2288840812731927,-1.3251516330768152,0.7720299599911989,2.217071605686058,2.678648694656078,1.621198603490466,0.4938904203289804,-0.17268775317401186
2020-05-14,19068.279296875,38.18000030517578,0.0,0.0,1.0,-1.309611191388255,-1.5195833772960476,0.43018080511130785,-1.3004743432307238,-0.9106874905442631,-1.2452656129687365,-1.2162816603338709,-2.1484050928081673,-1.2289773163323279,-1.3249011050079182,0.7701649540920547,2.0883641205844707,-2.0210319965493175,0.4585671719361951,0.1749487162011903,-0.7366033655302475
2020-05-15,18833.73046875,38.02000045776367,0.0,0.0,1.0,-1.3362264848338805,-1.4987890161368618,0.27225767786666466,-1.3121790829381244,-1.0112434628177807,-1.4541100169278478,-1.225455491668755,-2.767468623376166,-1.2252210426233998,-1.3363947854361136,0.8532218923060663,1.9163651336384182,-0.8766550082358874,-2.0185858034453825,-0.12390134119931079,-0.892298081603078
2020-05-18,17572.994140625,40.91999816894531,0.0,0.0,1.0,-1.5436747135245068,-1.5260695767946968,-0.34793714888104355,-1.338621247442292,-1.4939767090584637,-1.8976965027354458,-1.6378511048747995,-2.4433435928724596,-1.213568754954095,-1.3901228064870979,1.2152132061544259,2.0222472699951415,-4.73104361107545,-3.906782676410536,-4.347608841354452,-2.3307273478580095
2020-05-19,17486.046875,39.45000076293945,1.0,1.0,1.0,-1.7048474527503696,-1.5820137189539178,-0.7177142445335789,-1.3636383622639188,-1.5242840957479755,-1.8726632809697334,-1.861517306850965,-2.081126192023656,-1.2072354937925134,-1.4373277804734799,1.518634203307223,1.9598516904664196,-0.3743335556376478,-3.556790893742413,-3.408950086254398,-2.3403860789048485
2020-05-20,17839.9921875,35.810001373291016,0.0,1.0,1.0,-1.7582175220653273,-1.6380672858656873,-0.7191258883362807,-1.3818224808828663,-1.2954549051900928,-1.6192354387540593,-1.9203842389950645,-2.1127021830643584,-1.199579944852665,-1.466305817427947,1.7258919000223887,1.8449377556947417,1.3188459892572963,0.6584613818941055,-2.1574603283683524,-2.938630313968239
2020-05-21,17734.892578125,32.9900016784668,0.0,1.0,1.0,-1.7990989179545849,-1.6915645849901122,-0.686148527218009,-1.399596273102521,-1.3382696654121535,-1.5816495236983252,-1.80771402829361,-2.0282559919699192,-1.1957958625641898,-1.4965489364896136,1.9232731160248584,1.7223729181242926,-0.4385808139449818,0.6136971928470003,0.2893494124832168,-2.242432039392331
2020-05-22,17278.69921875,32.380001068115234,1.0,1.0,1.0,-1.8852418401778066,-1.7525985734611618,-0.7833762619062037,-1.4214133766809243,-1.5233657450749372,-1.7583716739050927,-1.7669692646872208,-2.3853317171560606,-1.1977249772672787,-1.5344800581408449,2.140861667528828,1.7001983990699299,-1.803370716045328,-1.5617030113705055,-0.5252370404178661,-2.650139957267884
2020-05-26,17440.146484375,31.46999931335449,1.0,1.0,1.0,-1.9082082569453689,-1.8062876726954717,-0.6886228616823107,-1.4391226660672332,-1.405598282072266,-1.576930406704482,-1.7518875926861799,-1.8095976086829662,-1.1966115507688464,-1.5643298133068533,2.3274270179655834,1.5461191324816013,0.5915017042469144,-0.8439944305952554,-0.9398412351719452,-0.3084899236908222
2020-05-27,18710.333984375,31.270000457763672,1.0,1.0,1.0,-1.7061110257579495,-1.806455689570271,0.001830646024786847,-1.4391743580413794,-0.5900623726225486,-0.19751870002951075,-1.2584473072695415,-0.3090885002947348,-1.2105904858297492,-1.5680283506619812,2.2811436770600975,1.712731929704978,4.722998243472442,3.70324418459167,2.0023862255546248,1.9340775832833594
2020-05-28,19169.578125,30.020000457763672,1.0,1.0,1.0,-1.4582045075574148,-1.7541091780002647,0.6792990149703706,-1.4334467137867335,-0.34029168179909036,0.30121612754516763,-0.5242077576477394,-0.6362766482242582,-1.2362389283132629,-1.5612694521981971,2.1124251158206753,1.6605356404827456,1.6039228681140876,4.4086472409811535,3.9446276672825875,2.0594969537911743
2020-05-29,19297.025390625,30.21999931335449,1.0,1.0,1.0,-1.229693592992724,-1.6638570237369215,1.168304147260174,-1.4266620715777683,-0.2713419793166731,0.4396226621606001,0.19468998297267534,0.11142906626342453,-1.27617657384278,-1.5434644626927279,1.8027493121754898,1.5769726316892896,0.41040075494291595,1.403850859832547,3.8413956562490306,2.4330057924232533
2020-06-01,19959.66796875,30.739999771118164,1.0,1.0,1.0,-0.9343622055127191,-1.5291346996997872,1.7419955480131653,-1.4121916949501985,0.07398964334108382,1.0568073124673711,0.6418550738933512,1.1126777797144227,-1.3289109230997593,-1.5093581482935183,1.3255545920227854,1.5894665815402553,2.2482999750985253,1.8528197247247076,2.4307565628190995,4.215535437149366
2020-06-02,20529.9609375,30.1200008392334,1.0,1.0,1.0,-0.6046457373409014,-1.3515570409891235,2.2948546241906818,-1.3919287379369905,0.34307149425919803,1.2557079390554224,0.9821297819235217,3.38568914074791,-1.3082059306747285,-1.5205010405097186,1.499837771410255,1.5515411614841323,1.8696308831929356,2.8695363138084105,2.582216689614353,4.777847462221065
2020-06-03,20940.455078125,30.040000915527344,0.0,1.0,1.0,-0.2770128875232715,-1.1401362091083225,2.731451505215964,-1.3684341426513484,0.5248738875316892,0.8428430968249634,1.1258771813486874,3.9992711176517997,-1.2692234327173557,-1.5389643670555266,1.8107441888202473,1.6142825399367775,1.3024666323672558,2.2105282304044414,3.0907162576996807,3.2729870077806207
2020-06-04,20390.212890625,29.690000534057617,1.0,1.0,1.0,-0.10664974008426757,-0.9349342733546071,2.6512240797657554,-1.354095726193226,0.16151174214402372,0.4434718836378233,0.907224143729316,2.8552164261447968,-1.254868956368638,-1.5446759361915572,1.9179367138599925,1.5933267785409386,-1.8418652307705234,-0.37545159301913833,0.759221136972517,1.7570149794684689
2020-06-05,21034.255859375,28.68000030517578,1.0,0.0,1.0,0.12738524598516343,-0.7212283535233767,2.7609304866049325,-1.3330248489091268,0.4568168079276395,0.9109246301147281,0.7843094802731276,3.7580190362713597,-1.2213097206835486,-1.559154809627308,2.1738724778027643,1.568656299284589,2.0677789467787715,0.15777871166582183,0.8721704239032722,2.4861773385732007
2020-06-08,21187.103515625,29.649999618530277,0.0,0.0,1.0,0.33097484781063125,-0.5071644256082692,2.7655490018965296,-1.312038856230651,0.5242950835295881,0.9034986239126991,0.8059330725567931,4.5994638622673705,-1.1851172531096172,-1.5724883480002758,2.4336075055105395,1.5721485264818684,0.4519808042212714,1.7560127882723053,0.3873725101846114,1.695887994358368
2020-06-09,20724.66015625,30.209999084472656,1.0,0.0,1.0,0.411106489831251,-0.3189497006679758,2.4320790480285024,-1.2988661688274052,0.20571457052055353,0.5812609834050563,0.8550546523625426,3.8060557517184677,-1.1610084529823015,-1.5739870323988985,2.560034144257758,1.5883061443140227,-1.533054097956815,-0.7528626935503877,0.56340247795908,0.19887915209942308
2020-06-10,21099.853515625,29.440000534057617,0.0,0.0,1.0,0.526038686498723,-0.14404718489967336,2.2603437035077953,-1.282230441975755,0.38908870728731293,0.8427014828913857,0.8307332163665746,2.5359349253508334,-1.1303240897172084,-1.5761766456290587,2.7209858240640155,1.4954101555739832,1.1767750692491252,-0.24786328416298975,0.055508276025986,0.14358123812044
2020-06-11,20524.912109375,29.65999984741211,1.0,1.0,1.0,0.5166992058966785,-0.006102306993811809,1.7835683922895935,-1.2744082297671493,0.0014584481112353274,0.4420734742406856,0.6662359349975612,1.341463229425472,-1.1181487182772598,-1.577012394079387,2.784132502442473,1.4710957308374284,-1.9095133329313438,-0.5101607394460542,-1.2906016685055295,0.11381950359085101
2020-06-12,20654.310546875,30.81999969482422,0.0,1.0,1.0,0.521466587629436,0.10526283302786213,1.440674107514142,-1.265703968752408,0.0714522439306125,0.4953902200873495,0.6356231538674357,1.3337979848230836,-1.1008518789400419,-1.573904288193694,2.8471381561053333,1.5793035628489924,0.3872550878393489,-1.0602577028873423,-0.19597803556597992,-0.6255257753274942
2020-06-15,19912.66796875,32.58000183105469,1.0,1.0,1.0,0.39951036185145994,0.1685372473367537,0.8202754011963161,-1.2671539006997712,-0.4018025463083139,-0.1260833647611427,0.29025300275276006,-0.18925658042466545,-1.094703739345245,-1.5659139915802058,2.827524605152826,1.5875021374519938,-2.5150879412271534,-1.4821909800741215,-2.3004310740318634,-1.9308855638864675
2020-06-16,20296.462890625,32.970001220703125,0.0,1.0,1.0,0.357603764131111,0.21028530162038728,0.542572669256629,-1.2636400090345485,-0.176278223343409,-0.27291535750935436,0.03536069981762543,-0.378221431587965,-1.0930752229058003,-1.5312175465377824,2.625830290417661,1.6604240195946824,1.2545764137354702,-0.8778860366433141,-0.4968218224272868,-0.7044694989047174
2020-06-17,20201.515625,33.349998474121094,1.0,1.0,1.0,0.3031970001611058,0.2321660273046209,0.28627242054188107,-1.2616546152808128,-0.23790986661423985,-0.3740085021068586,-0.2745784665418534,-0.8792792389236387,-1.098544423957888,-1.4892050591893957,2.350079264820761,1.5833563224875005,-0.35597493980761824,0.6264729837410543,-0.920481282575829,-1.378801777455847
2020-06-18,20956.056640625,31.459999084472656,1.0,1.0,1.0,0.3739306054500215,0.2646446596277857,0.4229916625790713,-1.2503709094152622,0.1930977614239234,0.1232293034788175,-0.18569892418166845,0.4415253081126595,-1.0927705335858828,-1.4535968427457664,2.1687786078772358,1.6163885438047476,2.445213543831463,1.4560477700013572,1.9070129939769165,0.5370572210265339
2020-06-19,21337.8515625,29.96999931335449,1.0,1.0,1.0,0.4829671081460466,0.31371020393166604,0.6369726034387009,-1.2353612548137818,0.3894287859333393,0.6670723332999398,0.14940508947769826,0.16249495839821332,-1.0881582464075628,-1.4102663720421604,1.940506741191326,1.5243405388148672,1.1844327895452658,2.529324741238267,1.8670293969048648,0.887774985061859
2020-06-22,21708.09765625,30.459999084472656,1.0,0.0,1.0,0.618944418812024,0.381748550709654,0.8817329379044245,-1.2171257156176798,0.5715922148953747,0.8641635437699103,0.5908113187623686,0.37530325198069775,-1.0981281767935187,-1.3406399748838387,1.4994009566894015,1.4841444993873765,1.126723395675676,1.6106685401214167,2.7122040440631814,2.4899872978044413
2020-06-23,22264.642578125,29.34000015258789,0.0,0.0,1.0,0.803935601519895,0.47534120123684437,1.21139851794877,-1.1936290472172348,0.8261852885976295,1.2687462827772202,0.9991861743387785,1.4169845303809643,-1.1069252337359903,-1.2669596548675086,1.0514028363838401,1.427101736394499,1.676119552060082,1.9532506170698867,2.2738014859898414,2.675444902302497
2020-06-24,21426.55078125,29.57999992370605,1.0,1.0,1.0,0.8047116018113529,0.5503795981505816,0.9720377104777453,-1.1829080992022114,0.20520889986879928,0.17507954274009044,0.8237915809626335,0.18449487713508558,-1.1140884620262594,-1.223165515350548,0.7807393129329095,1.514905417005118,-2.6370745622291047,-0.6691704443361962,0.0954479731048113,1.6718767425239605
2020-06-25,21505.900390625,29.729999542236328,1.0,1.0,1.0,0.806208726474309,0.61072725162915,0.7825184614554066,-1.1722104730572205,0.2462317395457782,0.26254979734614176,0.609317303192378,0.8615001031543504,-1.1164548005135384,-1.1894654284410215,0.5900877334946953,1.4864660357433916,0.21196168538894108,-1.6893204284015595,-0.42598877989020134,0.6893591725460293
2020-06-26,21591.80078125,28.739999771118164,0.0,1.0,1.0,0.8092895276842582,0.6596575690320899,0.6352280967139771,-1.1614515798777223,0.2928179543235262,0.3572412406677938,0.2843673053699184,0.8111004706679943,-1.121052238039425,-1.1539872850240245,0.3814718545093042,1.3662002788045644,0.23159106123347487,0.30941840753948374,-1.249405673486811,0.27015713049449264
2020-06-29,21358.751953125,28.90999984741211,1.0,1.0,1.0,0.7631464302230846,0.6890334939168343,0.3829649078909621,-1.1546476369209502,0.11185388348259151,0.10034217724079499,0.25772356163368026,1.3816702159674783,-1.1211086611428753,-1.1352292996636473,0.28361451036603663,1.2848752368401686,-0.7733905117993084,-0.37712438346827176,-0.18705976532663787,-0.565796634413859
2020-06-30,21369.90234375,29.1200008392334,1.0,1.0,1.0,0.71757416956522,0.7028867489008402,0.18271331712619115,-1.148351486497469,0.11884955881307568,0.11263369971466586,0.2042787277069676,0.9682105915271421,-1.1167757127866496,-1.1285348526709156,0.26994484217766307,1.1711846004609185,-0.0030475280513097007,-0.5406084985140083,-0.3096203238410019,-1.3045449994498453
2020-07-01,21977.34375,28.1200008392334,0.0,1.0,0.0,0.7672489969802758,0.7244853365513638,0.2826326736151603,-1.135017163421946,0.48516559637824586,0.782240707001153,0.35579031489464685,1.7019143541628292,-1.1006448214150004,-1.131546746998046,0.3634039516482329,1.1681073985149844,1.8599390148235706,1.2941602349497312,0.6185782005593669,0.6739129318311267
2020-07-02,21952.943359375,26.51000022888184,0.0,1.0,0.0,0.7910800173142672,0.7468091486183048,0.2919884960334528,-1.1232595798730498,0.46326508449875015,0.7553431784907189,0.5892970582444219,0.8567928116200114,-1.0887543262828543,-1.1230959749841611,0.3768438162017945,1.0675176641984252,-0.11363364862739496,1.217109507216363,0.9946558966740312,0.5306674957355353
2020-07-03,21852.146484375,25.770000457763672,1.0,1.0,0.0,0.782312293903972,0.7628121025198427,0.2104457001926259,-1.1138891591745217,0.36820334606544475,0.6442307434177599,0.7788105005332128,0.3650851041235238,-1.0788753552688057,-1.1224964039434806,0.4210135728133676,0.9464665238795107,-0.3500875618923438,-0.3227234768775279,0.7968345117489535,0.2747583983620462
2020-07-06,22198.69140625,25.200000762939453,1.0,0.0,0.0,0.8188340755563777,0.783345996462569,0.26889749725522977,-1.1010537961916402,0.5883847682423824,0.9679866229505948,0.8450286037744408,0.3335958526044558,-1.062713771220623,-1.1258785463161576,0.5154089905612456,0.8894902209791247,1.027257083198552,0.4721905746644173,0.32218525848269597,1.0669520296964643
2020-07-07,22627.736328125,25.100000381469727,0.0,0.0,0.0,0.9034670896393944,0.8176896186241741,0.44705113071799196,-1.0840461524592002,0.8389980248555517,1.2779310862650128,1.0313303044214395,0.20177425767707421,-1.0367278913563291,-1.1276202928015577,0.6471558944481929,0.8628039516194062,1.258136562984849,1.5927185264057608,1.1041281371086058,1.6218090753696996
2020-07-08,22584.388671875,26.100000381469727,1.0,0.0,0.0,0.9501388777913675,0.855044767323294,0.485901598042491,-1.0692033261740757,0.7924150012907478,0.5976789616088545,1.014734673351283,0.9922958625653472,-1.0150446795244377,-1.1304560719055272,0.763329627756838,0.8220903269046088,-0.16826721637298286,0.7597386115209469,1.2077702217410464,0.7295011835589231
2020-07-09,22906.93359375,24.90999984741211,0.0,0.0,0.0,1.0243889428337771,0.9006473600371596,0.592298486867502,-1.0517185086798644,0.9806148492676843,1.0717959097164786,1.0517425075926166,1.2250542977637175,-0.9901922499335596,-1.1246112496861123,0.8485818903622641,0.7339922546659324,0.9220444445943078,0.5255668893144294,1.1477964208802234,1.185147025555996
2020-07-10,22398.189453125,24.940000534057617,0.0,0.0,0.0,0.9879633457474358,0.9294182653160881,0.37515979837801855,-1.0422957248641094,0.43545528278657075,0.29793910543746494,0.7023770325547835,0.6425892281605285,-0.9805276286079496,-1.111411528084578,0.8253712282375919,0.7042962105628991,-1.5595457985411474,-0.4438045532993616,-0.4583520711734194,0.6530467328058874
2020-07-13,22088.994140625,25.25,0.0,1.0,1.0,0.8967921327905585,0.9331343691664885,0.05193809267651339,-1.037658088319954,0.1354465816862157,-0.17238158687625965,0.4278517562334267,0.5764295839785444,-0.9924507954597012,-1.069855053223319,0.5587786881347496,0.7033323271124899,-0.9798663145658866,-1.768958264396278,-0.9209835890172766,-0.22998578140085266
2020-07-14,21391.951171875,26.63999938964844,0.0,1.0,1.0,0.7024448414873842,0.8949646243464044,-0.4884140426476944,-1.0422265635912655,-0.45652814238629913,-1.2326619934070475,-0.39368356832053475,-0.11830095316260841,-1.0053758494314975,-1.0416963485321358,0.35709693625419775,0.7598184915382239,-2.2100937986415725,-2.2222266905975254,-2.7063796950397965,-1.7558312672769332
2020-07-15,21340.501953125,26.290000915527344,1.0,1.0,1.0,0.5315522173588856,0.828251469915916,-0.8566408500773861,-1.0470068547167068,-0.49691697822093583,-1.439757864652062,-1.0131695838229025,-0.7470602066360901,-1.0254954260722167,-1.0054320808860642,0.08255063071540687,0.7636585577917492,-0.20148442661009144,-1.6798901784834086,-1.9322511933934843,-1.7704451553434446
2020-07-16,21596.8984375,25.36000061035156,1.0,1.0,1.0,0.42965721901295245,0.7533101389074822,-0.9627891776114623,-1.0481080190965122,-0.28045997220728197,-1.0307637326767116,-1.3191813594277702,-0.47973622346572675,-1.0312265453181433,-0.9908733875692005,-0.016222559815175827,0.7487384515617808,0.770481923710985,0.39682186526406715,-0.9345094955128899,-1.8371249788282278
2020-07-17,21966.544921875,24.15999984741211,1.0,1.0,0.0,0.4008875215641683,0.6872666318362425,-0.8480020044536308,-1.0444564744973486,0.013588258987107664,-0.44232850187216216,-1.0374288133760865,-0.030230936389198035,-1.0313699890226669,-0.9823207854150802,-0.0589338673531853,0.6960791647184708,1.1110175913568234,1.3113058448904484,0.9586059683959783,-0.6622125109866034
2020-07-20,22321.58984375,24.709999084472656,1.0,0.0,0.0,0.4274289103415988,0.6400505434513445,-0.6051172065391373,-1.0366884560171397,0.274118005058896,0.1244120086930138,-0.4798049128421158,-0.023920501887231584,-1.0258254556991873,-0.979919972402686,-0.04464230218606353,0.6590296944857831,1.047546277029788,1.5043500527980842,1.6705842980233896,0.22974621964508693
2020-07-21,22781.734375,24.43000030517578,1.0,0.0,0.0,0.513620194116807,0.620524059882878,-0.24790498418334309,-1.0238745143658543,0.5800777705391958,0.8589177867145675,0.19386333609075337,0.002677044218295333,-1.01448191326704,-0.9848723088353828,0.032832724438152876,0.620542409176496,1.3435857743082058,1.6663916150726346,1.997267638202428,1.793185025391732
2020-07-22,22882.333984375,24.88999938964844,1.0,0.0,0.0,0.5887152768113292,0.6208002340035719,0.0075609716723481525,-1.0110160354866502,0.6440667936345358,0.8422164294464064,0.6518014201948568,0.13649598500385254,-0.9993458336380112,-0.9812452140685081,0.08565016099272998,0.5887387727617663,0.26002113831501283,1.1176845555411834,1.5121786556899088,1.9962240711076633
2020-07-23,23083.6328125,24.63999938964844,0.0,0.0,0.0,0.670182681928381,0.6382675321882151,0.22933660452765817,-0.9968510959353214,0.7731022928213975,1.1442986569401112,1.0153892763410917,0.02170321142999993,-0.980782805649423,-0.9795722338481907,0.16354217881609398,0.509439331700659,0.5548148647982202,0.568109506917984,1.2313095891303292,1.9013415016176978
2020-07-24,22661.787109375,24.540000915527344,0.0,0.0,1.0,0.6571878830688613,0.6494904181986813,0.14878000703083566,-0.9893393734637415,0.31359754521590677,0.5112493200631127,0.8914460590661996,0.1066633557247998,-0.9742907328841023,-0.9720612646265059,0.15677083955790463,0.5196763182032763,-1.2875614221220824,-0.5101665180294923,-0.2685092547612801,0.8460883671293659
2020-07-27,21848.49609375,25.020000457763672,1.0,0.0,1.0,0.5084402904920983,0.6269793925716185,-0.28640733582517097,-0.992769157174415,-0.4177338428439843,-0.7092285331316296,0.3383585675865019,-0.3680419388757133,-0.9780114187138649,-0.9616245747574065,0.08868668724990812,0.5892507639998219,-2.513740005829839,-2.648177912587672,-1.8496215688449942,-0.720697005242937
2020-07-28,22104.94140625,23.63999938964844,0.0,0.0,1.0,0.42416649216476543,0.591130109755902,-0.45847871511350297,-0.992647819941436,-0.2144187177427666,-0.3243898733545625,-0.18522639648200392,0.5584203952653002,-0.9822517320849957,-0.947366040840614,-0.0001858967572553933,0.5802406057324431,0.7519337802550873,-1.2271624295121986,-1.7372589217491647,-0.9809938800768775
2020-07-29,22076.34375,24.11000061035156,0.0,0.0,1.0,0.3462981438724735,0.5459662320992121,-0.5786424785744164,-0.9928976179281257,-0.23935589423403725,-0.3673053924440965,-0.49842965782156845,0.5825399605589754,-0.9821578889645228,-0.946141033715931,-0.005687322698638805,0.517346785925844,-0.12607477410172738,0.43644004365468314,-1.0751828645856403,-1.150856502696908
2020-07-30,21646.59765625,24.729999542236328,0.0,0.0,1.0,0.2109094894882293,0.48117383507277506,-0.8318619474727379,-0.998527138250015,-0.6046397838528734,-1.012210573790236,-0.6064422402033551,-0.09170295465246228,-0.9806739196560104,-0.9517873628230777,0.028556682186418058,0.5287450487419252,-1.369825519124097,-1.0418928361005306,-0.42312337308720627,-1.9976006735095697
2020-07-31,21639.798828125,24.190000534057617,0.0,1.0,1.0,0.09887081549329006,0.40562173005771024,-0.9706685222865565,-1.0037060004285685,-0.6102987163021953,-1.0224133413049654,-0.8552864197874753,-0.4515796690708279,-0.979475377317553,-0.9558788869158366,0.05397011448984522,0.4670962134108376,-0.05967186494544096,-0.9956267002830226,-0.8857586228869928,-1.4573915343756418
2020-08-03,21071.85546875,25.190000534057617,1.0,1.0,1.0,-0.08232036371576527,0.3068225201185045,-1.2705698776270589,-1.0155328057699418,-1.0574721584185114,-1.8747064057420868,-1.3926723182298797,-1.3129944483488456,-0.9718392256488294,-0.9789252967883978,0.20165130158646338,0.4629071278371031,-1.8396951658784821,-1.3230077317691276,-1.8625645417465004,-1.160845985470539
2020-08-04,21490.25,23.81999969482422,1.0,1.0,1.0,-0.15967456595058524,0.21140754364828926,-1.2269112712134507,-1.0209724675936582,-0.6530016068680656,-1.2468361237914105,-1.4763159279081486,-1.3276982277840934,-0.9774516723533305,-0.9882583481669062,0.22154765403986054,0.43198600101995605,1.2932182007741528,-0.38038343530313745,-0.34456389220875705,-0.9227082888624151
2020-08-05,21509.69921875,23.56999969482422,1.0,1.0,1.0,-0.21787135203287114,0.12275551057570137,-1.1396653153123626,-1.0256495171038722,-0.634597411198053,-1.2218673583455566,-1.5474209458826298,-1.3967822500431943,-0.9838237185410023,-0.9959577020712854,0.2299820338048297,0.3941130097269449,0.022872152241125376,0.91735778724712,-0.29751176506251087,-0.8571791943391851
2020-08-06,21642.34765625,23.149999618530277,1.0,1.0,1.0,-0.2424974489346467,0.04662062729951298,-0.9781867053439417,-1.0282132472978764,-0.5041672019492416,-1.0224775530845536,-1.2436028088217301,-1.448133957118746,-0.9997284559728288,-0.9962255346113831,0.1575149364982912,0.37941384800577127,0.3779971079521128,0.27967874695250095,0.966627568060534,-0.08822587014716762
2020-08-07,21753.748046875,22.57999992370605,1.0,0.0,1.0,-0.2439006466202561,-0.014584331263158272,-0.7855818768577162,-1.0291320939491175,-0.3929577949457791,-0.8550266383859285,-1.1039233934071022,-0.9794635156333864,-1.0056271557412897,-0.9986695930016619,0.14209500870235214,0.29959842782453616,0.3093309936600808,0.4792685515500983,0.40578757571970775,0.07411667558113116
2020-08-10,21899.99609375,22.51000022888184,1.0,0.0,1.0,-0.22158345661539608,-0.05882382864425472,-0.5667174281905029,-1.0281245475094336,-0.24566728186412892,-0.6351946513999659,-0.8947755708089034,-0.09053126713962666,-1.0070831176165815,-0.9996729015928687,0.14025611026888246,0.22007782302195206,0.4154114700643613,0.5053369570010752,0.6295446755271205,1.066249239407989
2020-08-11,22226.94140625,21.36000061035156,1.0,0.0,1.0,-0.15236591568690083,-0.07956232018728586,-0.26354060141144536,-1.023102034824498,0.06786656652946138,-0.06724332961134684,-0.5542361941761478,-0.02428012939621158,-1.0047561923795174,-0.9909466805916244,0.10810620180457771,0.16407790607718,0.9652505398052071,0.9623480005365808,0.9642936262616946,0.9219600997534607
2020-08-12,22263.7421875,20.850000381469727,0.0,1.0,1.0,-0.09306709711423762,-0.08359976518048,-0.048087257339354414,-1.0180951334851507,0.10241963927091634,0.27476476089231355,-0.15146748114117903,0.03793850202266137,-1.0034691918119731,-0.9799534062934536,0.06011641230889799,0.0997644666997587,0.07364811940935045,0.72422485503348,0.8299485708184458,0.9442989504687522
2020-08-13,22196.091796875,20.56999969482422,0.0,0.0,1.0,-0.058730066201578,-0.0795606942872849,0.05610455788499824,-1.0144156978381726,0.01791154255517264,0.391153619730095,0.21442393257714476,0.39195257600458533,-1.0018385407866013,-0.9736504671749795,0.036851234272817494,0.02923183944016107,-0.24450867447028557,-0.11867321713407639,0.4537778002969146,0.6704279733415084
2020-08-14,21679.1484375,21.670000076293945,1.0,1.0,1.0,-0.11537971376102596,-0.08832196576593934,-0.10902740322013266,-1.0175865923854568,-0.5717098659428129,-0.4337510599213216,0.08376454983744573,-0.10181938105916101,-1.0020124262037544,-0.9773097126819288,0.05395045500492664,0.13658571966301622,-1.6344411448368505,-1.3087820676671666,-1.0281106254910388,-0.1847331993166964
2020-08-17,21700.59765625,21.309999465942383,1.0,1.0,1.0,-0.15754354414582541,-0.10425691534928645,-0.2015720789289653,-1.0201858002272821,-0.546658359163058,-0.38385202046743283,-0.15103121297413524,0.4852582747436463,-1.0057818508573884,-0.9816672156847922,0.05773854860746549,0.12526412674009413,0.028580913824663705,-1.1185072718345916,-1.0538000450222424,-0.3549190279651955
2020-08-18,22170.341796875,20.43000030517578,1.0,1.0,1.0,-0.11699697370555064,-0.10842131077343792,-0.04972499272315397,-1.0166310270855,-0.03245582354024968,0.7089514834494632,-0.03773681486021484,0.5231510755663449,-1.0175101301707008,-0.977572856894584,-0.01714423805529589,0.14241285975715723,1.4120533626379077,1.0041335949740908,-0.10951879663707273,-0.1583484431969284
2020-08-19,22285.640625,19.959999084472656,0.0,1.0,1.0,-0.06815278155245723,-0.1014126859696767,0.0944135535832389,-1.0119650670923113,0.08276171120768208,0.9771804031436375,0.4652578529362114,0.6159176547133834,-1.0318859264029476,-0.9705132039101286,-0.11919595873126108,0.05333605545256436,0.3129192912977971,1.2022459692277456,1.0005247166738642,-0.05308126095732381
2020-08-20,21999.193359375,20.6200008392334,1.0,1.0,1.0,-0.07688493872712586,-0.09765435263354433,0.05248287793246937,-1.0113451956639097,-0.2635353615526257,0.3107951340353881,0.7128983825164863,0.20555030480749004,-1.0610068702235071,-0.9545515241351499,-0.3348543674288216,0.0158091271096377,-0.9145841407219895,-0.4188355179583471,0.4628973563998797,-0.34788048672068844
2020-08-21,22299.33984375,19.940000534057617,1.0,1.0,0.0,-0.03788000018142479,-0.08639047969176816,0.14930876260238918,-1.00701039786886,0.049727894577416915,1.0028374335070351,0.817668224063666,0.38557419770627205,-1.0716660295067433,-0.9482480836532188,-0.41629679317570123,-0.03543597029569347,0.8794124914325581,-0.02413215826904819,0.15927891318071988,0.7580876362433482
2020-08-24,22832.734375,19.229999542236328,1.0,1.0,0.0,0.07496051123681947,-0.053491447823853636,0.42841506448939004,-0.9963816775654695,0.526247935035886,1.1971672004952267,0.8960931433103406,0.7524595502552762,-1.0493240024818862,-0.9584594136652482,-0.2603646369448365,-0.006943476437674262,1.5625807585100238,1.7018290853940448,0.8716167936128714,1.432969779092171
2020-08-25,23091.8828125,19.31999969482422,1.0,1.0,0.0,0.20100199347963443,-0.0004896904086521086,0.6877520725745939,-0.983506753090739,0.7277650532639651,1.1759747943216385,1.2045282212726434,0.6754239915504506,-1.0231466707344428,-0.9726456698557177,-0.06768892577066049,-0.05575224663885216,0.7259837204466323,1.5949277997885998,1.8067809669445227,1.131133926976719
2020-08-26,23413.927734375,19.299999237060547,1.0,1.0,0.0,0.3458944084693916,0.07258492262375738,0.9467037409564728,-0.9678087050533603,0.9592839300592715,1.2729040281105868,1.3008065030967921,0.9425191740662067,-0.9891840670247618,-0.9902875575870073,0.17724863006907243,-0.09688546770605252,0.8996360813856044,1.1330220058851628,1.8183089123760336,1.3892595623290893
2020-08-27,23600.076171875,18.899999618530277,1.0,0.0,0.0,0.4824180705106536,0.1599461850206675,1.1310099382945737,-0.9512651284676039,1.0853682901272352,1.187875747335224,1.297494115842056,1.1853960205311518,-0.9539523919094736,-1.001025143762619,0.39241809018956736,-0.15652464177104713,0.4979386886161408,0.974131942946127,1.2114366550606779,2.010697978499279
2020-08-28,24523.515625,18.350000381469727,0.0,0.0,0.0,0.7274034328422058,0.28169772173682944,1.5746647466042767,-0.9246860495240773,1.5957341818689346,1.2456890916765524,1.3223471443247599,2.609094026348737,-0.8904259262076174,-1.0289213216322215,0.8180076088956127,0.005170302075067421,2.561196409450027,2.1318218210549302,2.2575531844781938,2.7505976195146347
2020-08-31,23754.07421875,22.84000015258789,1.0,0.0,0.0,0.7869100025968764,0.39169627953471076,1.4230443913650983,-0.9103130621961212,0.6786945155510029,0.07069044776040942,0.8937600468657615,1.84275546175576,-0.8705750448418069,-1.0138335765538398,0.8316956942790869,0.4060126527974572,-2.1974741363712784,0.253796634664224,0.4921239175397773,1.0963641373677229
2020-09-01,23811.72265625,21.799999237060547,1.0,0.0,0.0,0.8311927670336052,0.48906962894928846,1.2601717619359973,-0.8965840747459802,0.714557249021999,0.1200178841026142,0.5130705341351496,1.4112900634759853,-0.8493451822135342,-1.005009431307059,0.8821390455389915,0.4415972256550884,0.12577413934952097,-1.443080489442692,0.2799809386992949,0.8323023581878918
2020-09-02,23874.2734375,21.11000061035156,0.0,0.0,0.0,0.8638185190551515,0.5738750637353853,1.0980382557129884,-0.88337611309081,0.7553578639740193,0.17354005771338268,0.1308512263347003,1.3536722585981644,-0.8306178176779488,-0.9929920542647496,0.9054250268831227,0.3896723731140185,0.13928596507030183,0.18505390406368083,-1.1005677921458508,0.4977868642052492
2020-09-03,23530.576171875,20.5,0.0,0.0,0.0,0.8227069637888824,0.6330162420506293,0.7669542207533351,-0.8757476101796927,0.36105532447895083,-0.12054779143442812,0.06267511919422751,1.318594217551243,-0.8217730332456156,-0.9770056723814067,0.8659499692765227,0.38841523873523043,-1.0205114874536094,-0.6136190331491895,-0.42967003249248875,-0.17025421297315418
2020-09-04,23011.232421875,22.149999618530277,0.0,0.0,0.0,0.6965207800893586,0.653616020000041,0.26974743977343457,-0.8753757209777385,-0.16448506224288847,-0.6842630731032187,-0.22404967465645298,0.5289727180712422,-0.821497961765316,-0.9604868729963064,0.7867808987859809,0.4034665742420554,-1.549976578390077,-1.7906103918141953,-1.3848893024522189,-1.9789618508965416
2020-09-07,22944.783203125,22.01000022888184,0.0,0.0,1.0,0.5767265702492691,0.64473583570846,-0.11056144859397175,-0.8758747645263981,-0.2278059959719651,-0.9046614226678731,-0.6084266693149214,-0.03709777441717865,-0.8217917642696559,-0.9462158638141517,0.7164094031818743,0.33902283295111163,-0.23425779092004897,-1.2427892078774783,-1.5978184631667829,-1.1152462131901297
2020-09-08,22744.13671875,22.71999931335449,0.0,0.0,1.0,0.44208735282398465,0.6091290465034156,-0.4553504046103545,-0.8788491554301772,-0.421027386053773,-1.101158367453718,-0.9580126724869096,-0.45544580712596516,-0.8218161112225649,-0.9392780047765975,0.682833032477742,0.2881626528704119,-0.633270213268398,-0.6040753061465898,-1.3770813789992609,-1.44918723736093
2020-09-09,22266.740234375,22.229999542236328,1.0,1.0,1.0,0.25359440422940543,0.5407403306949409,-0.8782565794275125,-0.8875429269161742,-0.8419655818080783,-1.747145036725496,-1.336928285466182,-1.1665006234525903,-0.8218281123193437,-0.939225384374764,0.6825269310908609,0.31339402575880004,-1.4751408630865197,-1.46865888358259,-1.3344231741824941,-2.159453174501603
2020-09-10,22465.9375,21.26000022888184,1.0,0.0,1.0,0.13203372995192564,0.4602953971805578,-1.0337888937557111,-0.8929040669428253,-0.6375106692837039,-1.5400799614155094,-1.5634539142268915,-1.1468184595282171,-0.822658215829454,-0.9347507120569536,0.6573457331000097,0.27357015440641763,0.5648060676553015,-0.6339008791932189,-0.8789370523151938,-1.461993841376837
2020-09-11,22479.6875,20.709999084472656,0.0,0.0,1.0,0.03497682005681024,0.3753928489618384,-1.0912947507550457,-0.8975817333769541,-0.6230635346780482,-1.5257868697077537,-1.7148332533509842,-1.8861230689216113,-0.8292835063364442,-0.9171224939585407,0.5437064483645079,0.23941420515243625,0.0030435778287166973,0.3960221012254244,-0.5162224859046384,-0.7787437259693436
2020-09-14,22100.9921875,21.190000534057617,1.0,0.0,1.0,-0.10382606708424323,0.2780867345973133,-1.251308064684725,-0.9065755214989951,-0.9643628536946377,-1.8663656202273595,-1.7573351886772752,-1.5980268568416693,-0.834435227254136,-0.9063833647294508,0.46976372448597453,0.28769469438520934,-1.189078018647148,-0.8259942287225615,-0.353159603976374,-1.1988162074343172
2020-09-15,22465.388671875,20.600000381469727,1.0,0.0,1.0,-0.1562627057630752,0.18914119385534828,-1.1434517372404371,-0.9101309342884198,-0.5678726990761752,-1.4937526822081961,-1.7408195924028997,-1.3245834237597711,-0.8361769650760276,-0.9006184657237555,0.4346321891045428,0.2492260550905377,1.0691914146922403,-0.08315718666203424,-0.06564750693553026,-0.44981942260633323
2020-09-16,22573.2890625,19.65999984741211,0.0,0.0,1.0,-0.18099091207079426,0.1127498882468711,-0.9814947045655198,-0.911991025638942,-0.4555757220531794,-1.3834193412234304,-1.6900658105434943,-1.2816801738152663,-0.8374032281810341,-0.8954915438441007,0.40484824660412844,0.21083199670790073,0.2861226041178231,0.9446868225556645,0.09571452500053987,0.3250471896598512
2020-09-17,22320.08984375,20.100000381469727,0.0,0.0,1.0,-0.2408224562260507,0.03897071941443899,-0.9477966005638808,-0.9168576247922943,-0.7032398135127,-1.6423277249429171,-1.610196681771206,-1.2177748434140414,-0.8406593097471566,-0.887797423669985,0.3539767550188953,0.13421350895706946,-0.8023836478977081,-0.3593305335912896,0.3161398607110143,-0.2764469552776472
2020-09-18,22030.794921875,20.049999237060547,0.0,0.0,1.0,-0.33318192287276344,-0.03960478508924677,-1.0096721576782317,-0.9248982554037969,-0.9676798027385269,-1.6071015724669755,-1.6506053684390596,-1.0326351420840765,-0.837945111614057,-0.8942251422870383,0.3964440170257601,0.17659782975925853,-0.9219769318133156,-1.2010722271503065,-0.8188752427773835,-0.6834090719226924
2020-09-21,21366.552734375,22.190000534057617,0.0,1.0,1.0,-0.5092572007576287,-0.13973969656880186,-1.2878012147586422,-0.9405251155519123,-1.4812238314460293,-1.8319807729083835,-1.8105167562158553,-1.581104283986026,-0.8243036998899234,-0.9280874059795838,0.6181089501449216,0.25801764534679683,-2.111870972788115,-2.1134557235132614,-2.1857907688467915,-1.089391177106139
2020-09-22,21138.853515625,21.40999984741211,1.0,1.0,1.0,-0.6798927389660054,-0.25597056015517405,-1.4954484838737512,-0.9575267324747355,-1.6332576040952074,-1.749744261602762,-1.8488105689115422,-1.6187398264978679,-0.8127707750002767,-0.9662513586860988,0.8528966697333787,0.24062043893446408,-0.7640393046741057,-2.0034128985713693,-2.1639335467949703,-1.8959197308792382
2020-09-23,21178.25390625,20.989999771118164,0.0,1.0,1.0,-0.8020902694770997,-0.3748240320834506,-1.5292816772469033,-0.9724137377959682,-1.5818328521490528,-1.4859846996667057,-1.8056326096743338,-1.1641541808079001,-0.8114378503430603,-0.9975254944307724,1.01149368288483,0.23322106329455147,0.08772451973821363,-0.47084775807005297,-1.5883787979780843,-1.9832048272807141
2020-09-24,20456.611328125,23.51000022888184,1.0,1.0,1.0,-1.0052749289022043,-0.512920276815367,-1.7775247880838185,-0.9949566741501878,-2.0287347602320707,-1.8781659527143615,-1.8220975477537227,-2.0138743939798154,-0.8056481181377757,-1.0455934358343861,1.2745695537843313,0.2952941954825208,-2.386460865276587,-1.6012677536671973,-1.744901814119151,-2.6801184747015383
2020-09-25,20982.10546875,20.68000030517578,1.0,1.0,1.0,-1.0724088020449813,-0.6376092739295808,-1.6045633915978739,-1.008745241193303,-1.3933459681868299,-1.2295928906265086,-1.6366644683327627,-1.535752781703524,-0.8419599304190909,-1.0549491714928707,1.162765498993943,0.31088566489782216,1.6794586097198254,-0.49222921110697615,-0.3520476925443677,-1.5356187546816367
2020-09-28,21665.248046875,19.56999969482422,0.0,1.0,1.0,-1.0072590783089848,-0.7235685076398183,-1.104926616404943,-1.0126309590302112,-0.7123626388841364,-0.18521793832881386,-1.1729433294062126,-0.5530170398552007,-0.8666500220091518,-1.057045169393057,1.0643174412262468,0.35326506618211617,2.131595179760348,2.6557201372989496,0.8130090304460035,0.33129116715458373
2020-09-29,21411.052734375,19.770000457763672,1.0,1.0,1.0,-0.9874147733151205,-0.788134926069522,-0.8289466903833275,-1.0193427924785288,-0.9002332199743014,-0.5392917045731878,-0.6956369362224963,-1.1232470465375994,-0.8962405245950833,-1.0581840402755265,0.9382088851120489,0.33386999918430443,-0.8377439009226468,0.9018627428367325,1.6958159255311545,0.29886488234995906
2020-09-30,21451.55078125,19.530000686645508,1.0,1.0,1.0,-0.9566978826749126,-0.8332854047001309,-0.5784696232406004,-1.0249061920672211,-0.8605954412783352,-0.48288116009246523,-0.42943547380435065,-1.1811091513636296,-0.9340305066210545,-1.0510424367206794,0.7319858667239152,0.2828070983609935,0.08958831285063144,-0.5209027390545694,0.7895506151665146,0.2996848568068635
2020-10-01,22245.7421875,18.350000381469727,1.0,1.0,1.0,-0.7986449934025035,-0.8359465550713765,-0.030332245529622742,-1.019953793421689,-0.16135840574598387,0.6233640320955424,-0.14117737605360745,-0.20971084213803534,-0.9626753177847994,-1.0382570122399308,0.5372733207399037,0.36186707844122334,2.423785313001515,1.7515632643403825,0.9561062029454345,2.4159492486670318
2020-10-05,22370.689453125,19.700000762939453,1.0,1.0,1.0,-0.6484438478275895,-0.8062784289512811,0.38673447605009065,-1.0139019982390616,-0.06410956567865174,0.7843699748593982,0.3307057622490502,0.1833375795894653,-0.9759583934196133,-1.032926209623511,0.44957765231809066,0.339349664629814,0.3409490927993737,1.9266985427802543,1.6279903018456168,1.8270729367609588
2020-10-06,22853.43359375,19.63999938964844,1.0,1.0,1.0,-0.4495342212557991,-0.7404354700624182,0.8534111401754086,-1.002356668594409,0.2916085254840029,1.283149993109518,0.9602928658588257,1.3181399042236555,-0.9783070669123493,-1.0316908122760406,0.43258466708587007,0.31844071200479385,1.407592667853848,1.2186677119848874,2.3792853151565128,1.5085485455387422
2020-10-07,22964.533203125,20.059999465942383,1.0,1.0,1.0,-0.2734907564373281,-0.6504933297873292,1.164304784089776,-0.9905139573347422,0.36930245287814234,1.2466444661459768,1.1824912809315058,1.669655683245284,-0.9728778604975147,-1.0344231732906592,0.47123920538118036,0.2707471550332007,0.29006132800231177,1.1832117317053368,1.1630099791711113,2.004725655497378
2020-10-08,23191.080078125,20.3799991607666,1.0,0.0,1.0,-0.09911502040816417,-0.5416248966354628,1.4084651173372347,-0.9769505834307148,0.5276901404444441,1.056348555636939,1.2794511825760295,1.851439614454146,-0.9536003357611534,-1.042230125153015,0.5986961001303168,0.24379073871792276,0.6264767320760644,0.6389702755236991,1.325767780946734,2.240929334456613
2020-10-09,23846.5234375,20.3799991607666,0.0,0.0,1.0,0.1397803995712487,-0.4039568423749321,1.7799972041052605,-0.9564375896568712,0.9344732071323179,1.2818996246802783,1.2790054283568117,3.33214803276677,-0.9181058402342249,-1.060899374325715,0.8535629315306661,0.3045232822118925,1.84924602957467,1.7253300763833754,1.5775210980076828,1.988161184516238
2020-10-12,23712.525390625,21.1299991607666,0.0,1.0,1.0,0.3016831535923925,-0.2595481638069779,1.86695523058787,-0.9395630699950722,0.7847362549532307,0.9221905648944506,1.1633381641788971,2.586632687602845,-0.8911919238198351,-1.0725695234143011,1.0332074789789814,0.32070149718555746,-0.42004858277570944,0.9961649996028757,1.1727409219445513,1.653360797296889
2020-10-13,23491.92578125,20.71999931335449,1.0,1.0,1.0,0.3877262636013687,-0.12580620167060905,1.7293483016690228,-0.9270694080213471,0.5392027578691737,0.7312383927296849,1.0474369438364552,1.6266541558765133,-0.8694947122075206,-1.0766709433776616,1.1504825505996101,0.24739281783747774,-0.6714294075422637,-0.7601121516138755,0.4329023874668187,0.7386965108991843
2020-10-14,23874.373046875,20.209999084472656,0.0,1.0,1.0,0.5087033201202135,0.006797779109647263,1.7146676714501616,-0.9109568288306519,0.7898803688617113,1.0622867400793201,0.9691453238496743,2.2706314425474567,-0.8425596552543453,-1.0860089763796392,1.3165288001171584,0.3203623017639675,1.0553414171065065,0.26786380585034686,-0.01964283677896809,1.07538094291104
2020-10-15,23072.1328125,22.059999465942383,1.0,1.0,1.0,0.4683588200555358,0.1043401770686061,1.2623525877955477,-0.9064659354612146,-0.012328167701318223,0.36122302149172963,0.769161348352037,1.4429525850573228,-0.835814604361199,-1.0863959878337812,1.348065536056689,0.47931951878517526,-2.3533643192650584,-0.9040220354585798,-1.1216805246410742,-0.23559801255975232
2020-10-16,23532.9765625,21.649999618530277,1.0,1.0,1.0,0.5017907465242142,0.18945151494325074,1.1019845858542128,-0.8966082199774568,0.30572329713596846,0.6488160136989383,0.7397779103574638,1.0724758618282633,-0.8186888146542122,-1.088096129274508,1.4314527737820193,0.4638047302289613,1.301082843874422,-0.7328020336349619,0.0027001441772771134,-0.47676201702683996
2020-10-19,24266.46875,21.81999969482422,1.0,0.0,1.0,0.6357525987445714,0.2858998312185294,1.2482382892254846,-0.8784665996523325,0.737304379529962,1.2799255306148576,0.8173657691661654,1.6356672141849262,-0.7843790755413912,-1.0940979480396458,1.6103007192554049,0.5136423878969046,2.0403827921517976,2.3285352358835913,0.5641980407260551,0.6057030199785083
2020-10-20,24311.517578125,22.690000534057617,1.0,1.0,1.0,0.7380997214095192,0.384725004807399,1.278901149487997,-0.8614863207568965,0.7618799280186179,1.236628007751292,1.1294461584534308,1.1968748472570896,-0.7551583569579404,-1.0852977612234624,1.6908551538561223,0.4347817814863984,0.08722006501098946,1.48277801072147,1.9553913782219379,0.9394703169451397
2020-10-21,24634.763671875,22.920000076293945,0.0,0.0,1.0,0.8584973268089917,0.489272887015874,1.352727463639322,-0.842058801219733,0.9383799796036816,1.1400103023654808,1.30455608726218,1.3839658010040117,-0.7251836560334318,-1.0699226368145094,1.740531213740178,0.4674854666712754,0.8561885779872895,0.657692317293596,1.7017906657942405,0.8518531667316872
2020-10-22,24483.865234375,22.63999938964844,0.0,0.0,1.0,0.9166972591062601,0.585231910721552,1.241926126689111,-0.8263788782943726,0.7779365298245846,0.9038344346897448,1.1704802509737828,1.028069964576566,-0.7050424568789088,-1.0468067735500857,1.7097508658570852,0.4129160055263525,-0.4545380557959548,0.2802230901773896,0.27962420287389766,1.6872404335736169
2020-10-23,24478.015625,21.82999992370605,0.0,0.0,1.0,0.9484374717356409,0.6687184194118936,1.0810233317040971,-0.8122658327880539,0.7714507751072388,0.8441732971063964,1.0305708138582796,0.41493186837091334,-0.7056184944339378,-0.9924576409467183,1.4393327938506704,0.3509362619153014,-0.05457956940358175,-0.3543533664996803,0.19879491136164512,1.090817717090019
2020-10-26,24075.169921875,22.82999992370605,1.0,1.0,1.0,0.8963157468753336,0.7244736432452066,0.7232734122584288,-0.804562161145409,0.3324077217298082,0.22921056454731292,0.7058722558165349,0.18051359566068426,-0.7124952785265878,-0.9439264436696435,1.17499484926925,0.38536426207023466,-1.1623087818229394,-0.8474916484528026,-0.9517984042446087,-0.3182041676359577
2020-10-27,24769.212890625,22.200000762939453,0.0,1.0,1.0,0.9525149957398324,0.7809750027089194,0.7328990016621382,-0.7888654615706087,0.7805087443193208,1.2398746203355762,0.8256700106826709,0.9992896326236264,-0.699128566356104,-0.9164206959463609,1.0994964370934686,0.4701639001082662,1.8864789066488974,0.5049381806590743,0.38263904528623444,0.47337848264347543
2020-10-28,24232.21875,23.280000686645508,0.0,1.0,1.0,0.8982994457452534,0.8146988518533291,0.43905569350260903,-0.7814157066854304,0.2545690249254504,0.29011485120204134,0.6281491166967418,0.17412984131880047,-0.7092032795053433,-0.8681789928240665,0.8287181011332121,0.5000399567236828,-1.5228945864339483,0.2537005161957153,-0.45433675534511264,-0.5732974668899299
2020-10-29,24091.720703125,24.020000457763672,0.0,1.0,1.0,0.8208850360148383,0.8252895769380826,0.14062475849415979,-0.7764420371870832,0.12538180733168705,0.04162165086953051,0.5612739878987214,0.7859942191223687,-0.7309596052761446,-0.8101394195919742,0.4662349897726977,0.4660007220536744,-0.43222792889618317,-1.3618552890751479,-0.03817264933478637,-0.5634821423959239
2020-10-30,23900.623046875,24.75,1.0,1.0,1.0,0.7181767132418874,0.8120191716635776,-0.16719788686530204,-0.7743448613953957,-0.05122130138317976,-0.29636502747805404,0.013607165281314414,0.18741183552571136,-0.7425241226682175,-0.7759272272815261,0.2598394881764922,0.47872423006594944,-0.5777667558173583,-0.7033387702687721,-1.442853499406319,-0.7936579737046908
2020-11-02,24892.2109375,25.209999084472656,1.0,1.0,1.0,0.7838179571743572,0.8152988644963561,0.04630813332899765,-0.7599794552970963,0.608513412227219,0.9630085513289312,0.2534926253605686,0.4003651340982348,-0.7393277551078254,-0.7455695354829235,0.13556404498755084,0.6627713764402381,2.714796177633344,1.4893459567057445,0.9727348307169424,0.9120716012707977
2020-11-03,25682.501953125,24.239999771118164,1.0,1.0,1.0,0.9487815962696929,0.852844832367339,0.48836327782814376,-0.7370452749286959,1.009603852265653,1.24405982328974,0.6821597895106952,1.041635596334896,-0.7054368508508357,-0.7432025157784513,0.2689780706564953,0.7225745023412006,2.0784561267060524,3.3400656044723527,2.4038867110675506,0.9965318429710949
2020-11-04,25771.30078125,23.200000762939453,1.0,1.0,1.0,1.0787679674042523,0.9103992574831963,0.7464841692505877,-0.7151787694632029,1.0509259730555394,1.1928747200111018,1.2130712275690112,0.8267294943066625,-0.6753053730345807,-0.7372018509738011,0.36871732252861406,0.7423052852452514,0.19537546314889195,1.584662679527688,2.8445968585602297,1.7524835316710736
2020-11-05,26312.79296875,20.96999931335449,1.0,1.0,1.0,1.2514452281890471,0.9929979573606785,1.069570074744636,-0.6885862101669548,1.2924917923769241,1.261896660935396,1.3196243304909803,1.4252092230067124,-0.6301038912533162,-0.7427524650905659,0.5816699362543856,0.7169560045873246,1.3699334670731593,1.0910004888666571,2.077991919664425,2.545343158668409
2020-11-06,26798.638671875,20.5,1.0,1.0,1.0,1.4468035820924083,1.1004335835068222,1.3899810624684719,-0.6584173814389916,1.4858564621656203,1.2804505044412688,1.3325975464521136,1.8464583320618146,-0.57202531278239,-0.7640369557068173,0.9153377059277394,0.7278220020478633,1.2007543425317375,1.7914968432071394,1.5776802392658946,3.32780225350741
2020-11-09,27533.779296875,20.11000061035156,1.0,1.0,1.0,1.6971221289119147,1.2393736273431555,1.7964066193424253,-0.6218783125942935,1.7395253313870638,1.2854452102094223,1.3655987688246791,2.8700741691298286,-0.498734562750176,-0.7896145264299611,1.3248641064815765,0.7613090503879836,1.7945068245314932,2.087317747294786,2.489224584984604,2.9229216058240826
2020-11-10,28605.66796875,21.57999992370605,1.0,1.0,1.0,2.040891785650034,1.4233004717537259,2.376762861922817,-0.5753415131545339,2.0338919505657187,1.211490971349597,1.347629226184258,3.105354235367323,-0.40115551176288367,-0.8233190776632803,1.858772639248796,0.9342725309234653,2.5482433956032984,3.0261788956110793,3.1608903272706015,3.129604181324276
2020-11-11,28844.6640625,22.030000686645508,0.0,1.0,1.0,2.322270567012911,1.6300088309935836,2.670657830621399,-0.530231716792695,2.0911144966428954,1.2231308956203577,1.3271948830911742,3.8482302769531405,-0.31354214793800245,-0.8485185211124241,2.30554001846159,0.9601466643495336,0.5251147844786069,2.1417317339284043,2.775759103057271,3.274672761697016
2020-11-12,28278.47265625,20.6200008392334,1.0,1.0,1.0,2.4242515520280836,1.8169645289204852,2.415836857486555,-0.49653723105440456,1.539159405120461,0.8807215490192205,1.1829115859652481,3.5012661965666583,-0.2662916015191929,-0.8283507303387017,2.387485073341467,0.9719027259443395,-1.381059173396113,-0.5960044381049223,0.9656081049774228,2.064375502154578
2020-11-13,28465.369140625,19.700000762939453,1.0,1.0,1.0,2.503588441023569,1.9833244234914424,2.150138855050131,-0.46370175747380105,1.5998611939822331,0.9937488793362699,1.1052869003553418,3.861746285230209,-0.21924777198456774,-0.811628098218119,2.482689172505453,0.9943228867287358,0.40775862937520246,-0.6777721781034199,-0.25452104317792484,1.715497601013211
2020-11-17,29180.9609375,19.799999237060547,1.0,1.0,1.0,2.6478729515026225,2.1469568550332867,2.114952974410738,-0.42499581169725814,1.816266177971313,1.3018073200161757,1.1333349118912242,3.4700262483937503,-0.1556724905609427,-0.8124336973740315,2.714378596649162,1.0020163299377287,1.6431840287167938,1.42936512223402,0.3828060222022031,1.6489232444022055
2020-11-18,29749.50390625,19.1200008392334,0.0,0.0,1.0,2.8181479614527474,2.313909412124023,2.157784550869943,-0.3828274390105008,1.9671797701640212,1.3170263233657893,1.2888768221649651,3.178035359746574,-0.08592754489712986,-0.8126950984578774,2.960742038254552,0.9954797347206232,1.268492187961702,2.029080047833484,1.8931156943537628,1.085897608957202
2020-11-19,28902.71484375,19.56999969482422,1.0,1.0,1.0,2.7830650714238354,2.4400445351960873,1.6312155942765822,-0.35532240135561677,1.2096349246736549,0.8674709960357462,1.2438589714588748,2.405958569543312,-0.04669563435382291,-0.7966829372109505,3.0242048537063204,1.0501694734773686,-1.9941876388861763,-0.505253669323262,0.5239470366514949,-0.022467704021942474
2020-11-20,29235.66015625,19.6200008392334,0.0,1.0,1.0,2.774018700235806,2.539037549161733,1.2810663892733463,-0.3262505256496977,1.3248370655804818,1.0181068193312965,1.1427202252963335,2.1875049022250175,-0.007428757922920518,-0.7742406965806009,3.05803515191101,1.069566741823364,0.7373441358648682,-0.8753303456278944,0.0075959398024580144,0.9095223282621328
2020-11-23,29023.861328125,20.799999237060547,1.0,1.0,1.0,2.6993440517222527,2.602423603774271,0.8217156269140292,-0.3026105019152363,1.1431130770820295,0.8052189910503773,0.9602617814718981,1.5998600517804062,0.020070918766133324,-0.7422445791992116,3.009246376335963,1.0315946763343269,-0.5308438704036919,0.14425241664186125,-1.0180700246450651,0.49658482469676923
2020-11-24,29736.904296875,21.059999465942383,0.0,0.0,1.0,2.7203304197976736,2.657575186680878,0.715486088518588,-0.2722562971408135,1.3980871014864718,1.272234538863318,1.1045592963337425,1.5365930109409842,0.05062799305063657,-0.6985319347262836,2.9203584231883797,1.0456520243942584,1.6054120980718491,0.7490775778975131,1.0337906706750062,0.47996709061973314
2020-11-25,29196.060546875,23.1299991607666,1.0,1.0,1.0,2.6177717179337794,2.6799851418762723,0.29309979316316814,-0.2515933938924155,0.9481957779453087,0.5538554435852604,0.9390544701743302,0.292517315012946,0.06933420275290565,-0.6589298257488859,2.8113752699701786,1.137379641122968,-1.2815569222521463,0.22601928936607024,-0.11703276293019207,-0.6419252054149075
2020-11-26,29549.40625,20.020000457763672,1.0,1.0,1.0,2.560968904953659,2.6858881532665024,0.0801504889013052,-0.22845551168092576,1.0863578760945198,0.8128268402633368,0.9417666554843134,0.37199634242394,0.07927802762693234,-0.5982642725473595,2.585280771357815,1.1127346622391459,0.7763686813698963,-0.35161557336964644,0.6281106561767286,0.5769790811635995
2020-11-27,29608.70703125,19.81999969482422,1.0,1.0,1.0,2.494170143824375,2.6764695030671737,-0.11750797617516431,-0.20677560511186535,1.109798830183961,0.7189497386154049,0.7445215648595971,0.8456920769700421,0.07545680771021562,-0.5205325619833295,2.2462605664913755,0.9842037403288,0.09738761116971197,0.6091621377084797,-0.23150052238993207,0.2954306623598554
2020-12-01,29817.50390625,20.18000030517578,0.0,1.0,1.0,2.443938101073033,2.6583006387465242,-0.23039089570715018,-0.18453509540208068,1.1948255259750045,0.8364143119560151,0.845253321043093,0.8553409262268378,0.05316341201679712,-0.4181375528945919,1.7512504083098157,0.8830543815246921,0.43754069169271914,0.3730842009379543,0.7484275482940898,0.7214707631027563
2020-12-02,29462.80859375,19.90999984741211,0.0,1.0,1.0,2.318163490896818,2.6171395112331086,-0.5270046425094732,-0.16887257361260807,0.8683596505427352,0.3705053826899741,0.6875664734282261,0.062451967257566576,0.03133932183799321,-0.3342266407996347,1.3410836042016565,0.8875228348605533,-0.8488937380239228,-0.28623603035379336,-0.17801214545729863,-0.3582993474414304
2020-12-03,29448.408203125,19.0,1.0,1.0,1.0,2.1884410021167833,2.5567488213559035,-0.7750773308861019,-0.15488278723110244,0.8549641435897433,0.3515897941815794,0.5566032778022612,-0.351978714873266,0.014578378082900315,-0.2663657156966916,1.0172181839216932,0.8007427058686399,-0.07150757233464292,-0.6409147096526979,-0.27428656872257323,0.17406100517166598
2020-12-04,30052.05078125,18.030000686645508,1.0,1.0,1.0,2.1548235097555426,2.501319566309532,-0.7110718973038973,-0.13463532088202343,1.1396202895020622,1.1445026332358346,0.6664362405440997,0.6932665077960309,-0.004040128220515726,-0.18968113962305394,0.6574400819515034,0.8042428095162969,1.3358863978707392,0.8813278514494046,0.23779265675097186,0.4202204274051308
2020-12-07,30211.19921875,18.020000457763672,1.0,1.0,1.0,2.1266053932066993,2.4510024877157455,-0.6451218079541542,-0.11431509470869751,1.2099361687524266,1.0719714541950391,0.9165077024425361,0.5592225593387963,-0.020454075273258703,-0.12041222874609689,0.33841668495322086,0.7144009043557725,0.31933142865552816,1.153644388967831,0.9037098358701706,0.5178644523741183
2020-12-08,30261.548828125,18.6200008392334,1.0,1.0,1.0,2.085736777191679,2.4020970846994683,-0.6269103609641905,-0.09529704562844692,1.2329788119644103,1.1482789849029649,1.200526044448605,0.75356992402807,-0.03747390994917306,-0.056330139575243764,0.04062622587158701,0.61145445151857,0.07438540845037747,0.2746953059829972,0.9868724358454826,0.3580945432762852
2020-12-09,30709.04296875,18.920000076293945,0.0,0.0,1.0,2.098215686163698,2.365614502775836,-0.46664864687143925,-0.07246356749628492,1.4328374471270011,1.1915426996926712,1.2172957481655948,0.5450419681679041,-0.03118959952757285,-0.02046452585180706,-0.06896324591082227,0.5779568298522695,0.9558097198392603,0.7181606818070299,0.7702193483220117,1.152072548599481
2020-12-10,30509.994140625,18.709999084472656,1.0,1.0,1.0,2.0501229547682778,2.3262473776541177,-0.5038609542734657,-0.05430749313818963,1.2075839530309127,0.8985858051630583,1.1554840590662117,0.8030176572603516,-0.01528751596970862,-0.01164368933084452,-0.045513573929595194,0.5354244295544344,-0.47882548663559443,0.33271174993068353,0.3152502065118781,0.9728733213136918
2020-12-11,30604.494140625,18.790000915527344,1.0,1.0,1.0,2.0015353416774877,2.2844678532853626,-0.5349823264258048,-0.03669235095506962,1.2541941914263277,0.9893859050510923,1.0988389462400872,0.6082044003989191,0.002008935008900869,-0.0062123287138791585,-0.005038685445305066,0.4887369287617763,0.1710582850754101,-0.21406273517981989,0.37035613226630504,0.46040801987483126
2020-12-14,30745.54296875,19.399999618530277,0.0,0.0,1.0,1.960473614098693,2.2423516126203173,-0.539326165108177,-0.018981331062890534,1.3254035179988217,1.1653043049234304,1.0894850031138943,0.6645544400828549,0.010183985246597051,0.01821078862273991,-0.06524491993947028,0.3725804442237363,0.27303138037948615,0.30979250499910826,-0.018844373548084135,0.4400383464991811
2020-12-15,30690.693359375,19.350000381469727,1.0,0.0,1.0,1.8948023657717261,2.1947562512126764,-0.6100100520756475,-0.0036467393107270565,1.2540068575135863,1.071828530812994,1.1512457402705683,0.47366009814108156,0.014716575861753792,0.04321230335542931,-0.13965100121860277,0.3305410478753933,-0.15933076429550483,0.07959438830462458,0.16327550394858079,0.3372150821894535
2020-12-16,30698.04296875,19.200000762939453,1.0,0.0,1.0,1.8204329603820728,2.1409362244064343,-0.6903119045288094,0.010319827157283759,1.258248419013583,0.9541756820743923,1.138693355641814,0.7385138806633743,0.026652966817013995,0.05100497789287131,-0.1263140982625571,0.2569800603865742,-0.02217889996156307,-0.12609296935071657,0.053125539000877825,-0.09305031692361869
2020-12-17,30846.69140625,19.15999984741211,0.0,0.0,1.0,1.7624372538609294,2.085602718890421,-0.7098366719276058,0.024825310194607507,1.3469519766623104,1.1564199867397655,1.1355261113139548,0.8549517780730715,0.04212213524885397,0.049491032610181895,-0.06753856969642329,0.17550283765241168,0.28877264569517375,0.1861224665441517,0.06209844875643923,0.2446539365604493
2020-12-18,30714.29296875,18.6200008392334,0.0,1.0,1.0,1.6734941006880326,2.022506966408699,-0.8099742328454171,0.03628457606066315,1.1468112801948007,0.9147716302700969,1.0795355932897113,0.32179824025616754,0.04586204581373709,0.06979176980570885,-0.1272988441364946,0.15338247372079267,-0.3297223544781875,-0.02815801329087757,-0.03502896324975313,0.02433584963883209
2020-12-21,29456.107421875,23.190000534057617,1.0,1.0,1.0,1.3833180012045492,1.9106011198653616,-1.4396532148581265,0.030832394203305365,-0.3051609812497605,-1.381618533218314,0.24682892672367082,-0.6635979753921225,0.04377471465178364,0.07492106316251547,-0.15277122065125404,0.44336849979192255,-2.8712663791646067,-2.229910866749203,-1.6590791475198465,-1.3589957178758352
2020-12-22,29625.60546875,21.989999771118164,1.0,1.0,1.0,1.1645209074983,1.7747578788283105,-1.748459712502065,0.028030690938094974,-0.1610031338401347,-0.8604592247299175,-0.4721850831807955,-0.5802311143703934,0.0370413203277821,0.09000541354425359,-0.22962376541210022,0.4786576492243756,0.35021422875330954,-1.7561659855868332,-1.6240559286767036,-1.1348217598548644
2020-12-23,29882.953125,20.5,1.0,1.0,1.0,1.0180309901912477,1.6350718933596888,-1.7980333805788298,0.028731637260598422,0.05300947427031499,-0.4320747838515343,-0.9523335399827172,-0.7035493255354041,0.0369480658471853,0.09205490679899837,-0.23722081989763857,0.43964371917176176,0.5473980619454037,0.6257837716837839,-1.1240756422453932,-0.8842367797449514
2020-12-24,30401.845703125,19.96999931335449,1.0,1.0,0.0,0.9712146738187731,1.513412257906529,-1.5654828406677175,0.035890243498201434,0.44282653540066597,0.4316809238751448,-0.30589536639853887,-0.2141886615804715,0.034473544204633735,0.11075832860251655,-0.3119813978316207,0.4536187243343852,1.1275592816887814,1.167397870420529,1.1553536833818894,-0.5152131946034428
2020-12-28,30880.58984375,20.43000030517578,1.0,1.0,0.0,0.9966757967785566,1.4214745783982068,-1.1820520908898766,0.048386678689359884,0.7533635946668794,1.2286049914726815,0.4388524749683306,0.049101023225030356,0.04356473913369654,0.11904201578173244,-0.3098801245924719,0.4258393993555801,1.0198284942058093,1.496563125693307,1.5370503420966988,0.07852074337495978
2020-12-29,31322.13671875,20.790000915527344,0.0,1.0,1.0,1.0725930697941701,1.363995850523412,-0.7375113047476817,0.06524486968734576,1.0064881198670101,1.2848771437204554,1.0509429180827496,0.2530163722578523,0.06277221807740722,0.12185462892480665,-0.2538291983145979,0.385492709008086,0.9231635873846299,1.354150706217331,1.7512459662347921,1.7478775139030234
2020-12-30,31302.6875,21.11000061035156,0.0,1.0,1.0,1.1142875437853825,1.326839439550714,-0.47534143875851625,0.08025296940285125,0.9839687118902198,1.0675762730561658,1.2776385289523153,0.2778862821145128,0.0795559162902467,0.12415154540156903,-0.2045441665340637,0.35544584254956096,-0.08046466774183254,0.5875229557684705,1.0626424986346152,1.5584006390823315
2020-12-31,31263.6875,21.100000381469727,0.0,1.0,1.0,1.1256029280595472,1.2995097372362865,-0.3485711052151251,0.09334135070321027,0.9359814574454471,1.017135576503764,1.2022500420442885,0.24615118677992556,0.08796767767188408,0.13942335198069997,-0.22952782554043943,0.27297275327566506,-0.12283168079431038,-0.14127281172021375,0.4112979957672841,1.2635335394875737
2021-01-04,31212.0859375,20.030000686645508,1.0,1.0,1.0,1.110995628124191,1.2745536621251148,-0.31794991527976174,0.10453439523203215,0.8690834238049201,0.9503966340501151,1.0830083090117422,0.10827245261482035,0.09081026709741477,0.1600223329646893,-0.2918928548975025,0.2788499232822479,-0.15027625899961666,-0.18991394211357193,-0.20058921129413168,0.7013507003588941
2021-01-05,31721.880859375,20.459999084472656,1.0,1.0,1.0,1.1650082779283368,1.2660230872166185,-0.10605128149277603,0.12107146072756353,1.1926531078424651,1.2822520013812626,1.1595398411800533,0.5474275808355487,0.1126372052655347,0.15951273707475563,-0.21606128890254725,0.35523384930920154,1.0588939969124196,0.6334518019253661,0.44887334918823313,0.7185375405462968
2021-01-06,31797.53125,21.0,1.0,1.0,1.0,1.203524193962822,1.2673523092424972,0.02114591031455408,0.13698477541384776,1.237352779496742,1.1345202408715649,1.201387274456377,1.5255556863210764,0.133884621252518,0.15849325492905794,-0.14081315337543804,0.30663978613759063,0.12293064189765353,0.823808335152601,0.5889639390237518,0.3664756241780856
2021-01-07,31955.62890625,20.6200008392334,1.0,1.0,1.0,1.2424957332411701,1.276665822630381,0.12414797481731711,0.15337041403038862,1.3320923378909633,1.1088957604288951,1.2578919435391218,1.5079641464931806,0.15653452007057414,0.1574470920605797,-0.06116631110225853,0.24510272808132483,0.2975163682977819,0.29331951739631074,0.8442167889925984,0.53276811269587
2021-01-08,32083.826171875,20.63999938964844,0.0,1.0,1.0,1.276652524456219,1.2913475041277696,0.19340050742254217,0.16980743381887692,1.408784315979978,1.1245767794724753,1.2016809949991736,1.4032192481633066,0.17982277057685833,0.15146587287639168,0.03739261526039926,0.17671338872665196,0.23276864130733954,0.36984899273377,0.3733049458869811,0.6892142220023025
2021-01-11,31998.529296875,22.3799991607666,1.0,0.0,1.0,1.2728919320026135,1.3022967453256387,0.14524982766236919,0.1836065230234945,1.272227265497558,1.0404251792329497,1.1681362655001326,0.9604852791287417,0.19828738098100804,0.15204964513765176,0.09661910206266666,0.14608165459235997,-0.21869646473004759,0.010178409817083775,0.17856906307528275,0.6591128010553032
2021-01-12,32338.625,22.850000381469727,1.0,1.0,1.0,1.3067263322495206,1.3182187600537445,0.20940153714988996,0.20036768580519773,1.4867638332706443,1.279095675019085,1.2288122456872237,0.8493531141392009,0.223265525123066,0.14910383231389768,0.18932765337704127,0.1838938607360016,0.6776564478789687,0.3201533784430911,0.3952582910469567,0.4913876119573233
2021-01-13,32574.271484375,23.290000915527344,0.0,0.0,1.0,1.3531152915791391,1.3407767489538513,0.29500951520486507,0.2184955033350234,1.622603328818447,1.2253880545361409,1.2647512938537668,0.6976740248271267,0.2514646214454467,0.14405378277985428,0.29939728558038237,0.17790311225541797,0.45334150659910255,0.7883949126032421,0.5209902684386377,0.6367516373597988
2021-01-14,32519.37109375,23.030000686645508,0.0,0.0,1.0,1.3628729719549013,1.3608888061821656,0.2634555550091993,0.23420655920184766,1.527523662498844,1.094804255173748,1.284137341974418,0.6744652864677863,0.27465703305590405,0.1442391657633508,0.37427161494350086,0.09465595981699453,-0.15264150035397508,0.2098859567451484,0.5586432285003998,0.4387050025648236
2021-01-15,32246.42578125,24.01000022888184,0.0,0.0,1.0,1.3093443085674836,1.3656466249813421,0.06537682950141564,0.24498938256407135,1.0660685908034533,0.6261487847352406,1.0513628856917665,0.5186951128479359,0.28910711814260165,0.14982129840374464,0.4016152973412836,0.08458769871398031,-0.6092620171620435,-0.5304815900258237,-0.17493206027067762,0.06825421203767555
2021-01-18,31811.380859375,24.399999618530277,1.0,0.0,1.0,1.1812125167765406,1.3423278370292522,-0.29682794591228545,0.24927513169854368,0.42334185852438827,-0.2929928087754744,0.5100626893868279,0.26238205006388327,0.29523924249099454,0.15630140109487445,0.3988503954656042,0.1623831944568432,-0.9583590131027658,-1.0918641611966626,-0.9796362000668061,-0.25715980111249365
2021-01-19,32424.47265625,22.899999618530277,1.0,0.0,1.0,1.161813715103804,1.3195661495920763,-0.2896410209154343,0.2608615667772756,0.9076328706779794,0.807605924041694,0.4076769726166827,0.3241446021131744,0.31031973472577357,0.1633866793787541,0.4228267150294355,0.19335415817563517,1.2544974203848946,0.20670766892841425,-0.1775322842688835,-0.0033790246954991583
2021-01-20,32543.3203125,21.549999237060547,0.0,0.0,1.0,1.1496799294819866,1.2987881205343623,-0.2640506586542257,0.27283889054007643,0.990599224850009,1.0209566498771423,0.5484253053096679,0.35150455381116846,0.30638570005899896,0.2087620715217805,0.2532386787999045,0.11139086720390443,0.2094000131485053,1.020342167734817,0.28912527920919534,-0.11070091159141704
2021-01-21,32186.525390625,22.18000030517578,0.0,1.0,1.0,1.0681717894954303,1.2649107149736207,-0.43304033630195626,0.279189272735647,0.5063852459806731,0.23349468914425997,0.7361172032136528,0.011473138839678673,0.2903214215401159,0.2597895762481988,0.026843878431288572,0.20713976861734615,-0.7850513094692975,-0.4007106105368054,0.38791494785779645,-0.38892915823240676
2021-01-25,31198.037109375,23.25,0.0,1.0,1.0,0.8333613611148395,1.1881002609272215,-0.9869019664603575,0.2725058689530205,-0.5262880758437779,-1.4894172650946116,-0.08276765844394647,-0.7183845631975506,0.2668349514317305,0.30192859478711237,-0.19201304276635672,0.39110854590053146,-2.151032848734196,-2.0453389673899767,-1.5533213607750722,-1.067230141246285
2021-01-27,30284.19921875,24.38999938964844,1.0,1.0,1.0,0.4929212950820362,1.0545819508168686,-1.7184667332358252,0.25496862621892463,-1.1930158733119467,-1.7955586038728044,-1.0868505579251506,-1.262448545051035,0.26977133473653747,0.2972852908435842,-0.1668067775691257,0.5463640078320365,-2.051902809358234,-2.9280160112002838,-2.842319783038278,-1.5483339582204612
2021-01-28,30357.947265625,24.290000915527344,1.0,1.0,1.0,0.22975138888874158,0.8920551728990812,-2.092693065512007,0.2400288853256333,-1.1212754675364658,-1.2445624516981035,-1.6137754157259234,-1.4232114021383695,0.2788650413998908,0.280789673862764,-0.08153101776378399,0.5870011477096154,0.1263357695868389,-1.3412625520441057,-2.3228066531372837,-2.044667875729181
2021-01-29,30565.14453125,25.34000015258789,1.0,1.0,1.0,0.05121973459163923,0.7242392365691251,-2.1609263264533642,0.22911721998456328,-0.916762256604774,-1.0293452823361178,-1.4497605360610013,-1.4322269679710289,0.2856229383937989,0.2636047835221399,-0.0013472550742244034,0.6489726464889939,0.4222901972915192,0.38262802954118186,-0.8559490021908935,-1.9510069903231675
2021-02-01,33088.66796875,23.31999969482422,1.0,1.0,1.0,0.30727261978375475,0.6441919693909379,-1.0286587636346665,0.2509748706657461,0.71769246906901,1.1396847382142672,-0.40335127494242323,0.22688158948694587,0.31090904017518,0.2610298793522596,0.08914831773522769,1.2718880675816326,5.3345462275943625,4.011441517956353,3.354509261070331,0.7413056024678512
2021-02-02,34267.5,23.350000381469727,1.0,1.0,1.0,0.688282715175675,0.6608126329335372,0.2184145186397271,0.2855731594849661,1.1605792082633166,1.081725368913892,0.4259663780821809,1.1732905606597523,0.3717239365744661,0.23757462373126262,0.3635354221071621,1.4969972140076058,2.332543422674883,5.342407830944342,4.612102076906917,2.7138518006686123
2021-02-03,34758.046875,23.75,1.0,1.0,1.0,1.0540259159834344,0.751535693960223,1.1743791220592399,0.3230443785848566,1.3175439426765183,1.2416538843041447,1.2355737199645187,1.8008853203060249,0.4380965821410234,0.21555283927545651,0.6478039765579995,1.5056085445937264,0.9242785331008098,2.269559867841388,4.898247818385016,4.023220669814367
2021-02-04,35344.390625,23.1200008392334,1.0,1.0,1.0,1.4187864553152587,0.9013326470470588,1.9364671477247497,0.36431943988154686,1.4919837079968092,1.2964392534153049,1.2914564381284879,1.7469036732547967,0.5137968824498651,0.18479905636727859,0.9876404973305317,1.59712997364924,1.0946064090181034,1.4070289526285804,2.4813774716805175,4.449210650361586
2021-02-05,35654.0859375,23.420000076293945,1.0,1.0,1.0,1.7348789688438206,1.0880858664264148,2.4132247648825724,0.4055575691151276,1.579737244632393,0.8811494486330217,1.2199514635562436,1.8628865560962906,0.5867609086936884,0.16003498170938082,1.2947064925955198,1.7109917503168663,0.5524711271080203,1.1479726528039662,1.4666923274959942,4.5064836580330025
2021-02-08,35983.23046875,23.959999084472656,1.0,1.0,0.0,2.0123142153710543,1.2962204933919437,2.6890575249232476,0.44700683290761467,1.6715617288911626,1.0368346810370248,1.1469337658135925,2.3316123517673946,0.6586878637611985,0.1386415693073348,1.5833716746310467,1.6790277457396672,0.583978612672575,0.792193436530279,1.2727129735755776,2.416474807762089
2021-02-09,36056.08203125,24.270000457763672,0.0,1.0,0.0,2.2157778901885314,1.5058007287163593,2.7077067247929287,0.4854245638594381,1.6922219018422122,1.071293441131667,1.066669666514709,3.1227094032772236,0.7223256548050195,0.12517745989074308,1.816796701324602,1.6578609879259367,0.09858822982767118,0.47595115079860156,0.7049580277347902,1.4336478063120286
2021-02-10,35782.6875,23.950000762939453,0.0,1.0,0.0,2.304222441710096,1.6921883128548365,2.4085078547702103,0.5167458734657765,1.4405929720839248,0.9419779365598748,1.0883549190434623,3.6642566892592283,0.7704873996202882,0.12538461696075004,1.9554110721122302,1.6258180939679472,-0.5539032050545797,-0.3168664439746948,0.07429735089134985,0.7833227998118437
2021-02-11,35751.6875,23.049999237060547,1.0,0.0,0.0,2.3398697605157306,1.8488447903236038,2.024959055248094,0.5446944154833565,1.4112999476150891,0.9273149488863585,1.0493113207310318,3.58272049855366,0.8123855029612953,0.1271826886108345,2.069099313531131,1.487068120023836,-0.09709755503451653,-0.4532102460012119,-0.31393287501104505,0.2590334866885949
2021-02-12,36108.48046875,22.040000915527344,1.0,0.0,0.0,2.395060044318125,1.9858535583932526,1.7714920236602925,0.5744674111024396,1.5400560925054994,1.0960778812340546,1.0581469314904237,3.6600329171938433,0.8577606407599825,0.12696353579829953,2.198422944281639,1.4142138465857066,0.6341672196605107,0.37457619180772295,-0.008639631655618579,0.2949756246198472
2021-02-16,37097.96875,21.780000686645508,0.0,0.0,0.0,2.5649692686594254,2.131429749198414,1.8820168265783221,0.6138464447360368,1.8474673985938395,1.0862207981122953,1.1095692664002692,2.39884722011378,0.9225139216293267,0.12043667345338642,2.402149993239889,1.6400906426911388,1.7926080628450582,1.6912259874687645,1.3289297075947968,0.8267112933479572
2021-02-18,36586.57421875,21.540000915527344,0.0,0.0,0.0,2.585514777976336,2.2522401128334653,1.5625230591315278,0.6430449559453967,1.370816495425723,0.877309432110149,1.0917423846861152,1.278046238093527,0.9665418975972246,0.13239792196692732,2.4823748231341463,1.5919721282299673,-0.9785268569778147,0.5675836029728014,0.8264932500654256,0.352835275435342
2021-02-19,35841.18359375,22.25,0.0,0.0,0.0,2.451805806790407,2.3205826917783434,0.8856577121714256,0.6600903139002895,0.7549813285089223,0.5148047832477245,0.884519513501781,0.5130029577295546,0.9883389501226844,0.16346098561784672,2.435315328082428,1.6464936078011154,-1.43250215815866,-1.6795075170894354,-0.35155930478679026,-0.03370371036047221
2021-02-22,35256.7890625,25.46999931335449,0.0,1.0,0.0,2.2242212799064855,2.3270779228924443,0.08779047239291982,0.66816428365681,0.3299824569998547,0.15464198802776047,0.5524132515244857,-0.19184975763639883,1.0009999751988936,0.18807413392557246,2.3858325561517617,1.6850318248588765,-1.1518194019364327,-1.8002488599475743,-2.0299556340163583,-0.49772783827205647
2021-02-23,35116.54296875,25.229999542236328,1.0,1.0,0.0,1.9959060915493692,2.2839405973159406,-0.5524987622923654,0.6737058869824444,0.23145586855076375,-0.7229243762870704,-0.018067380541702465,-0.4558099805798931,1.010201710677701,0.21284226186964963,2.3267977313088695,1.622755905467958,-0.3083470694106973,-1.0169953447507696,-1.6479366137380065,-0.9123863307600264
2021-02-24,36451.87890625,24.170000076293945,1.0,0.0,0.0,2.0029269232250604,2.25091702186158,-0.42202542468308124,0.6955098760410842,0.8292892257287532,0.22191363439612097,-0.122482577150259,0.13296645529161943,1.0335442581632988,0.24543718285044283,2.280335394540263,1.8058494317490421,2.4892779685681825,1.5199342507892277,0.5875748558007,-0.6058869002277186
2021-02-25,36548.57421875,22.88999938964844,0.0,0.0,0.0,1.998404402963113,2.223540760100512,-0.34917174951887264,0.716453115750198,0.8670757438095262,0.2403716665665887,-0.09192009250393939,0.1462708174163927,1.0398478796801536,0.31035547097811333,2.080730980940954,1.7574827732941538,0.1410283340626703,1.833035946397364,1.3245299753640492,-0.11333938858055294
2021-02-26,34803.1953125,28.13999938964844,1.0,1.0,0.0,1.6936362360473776,2.137121417540608,-1.1108622917533175,0.7134558329354039,-0.22602691852887263,-1.785444316755718,-0.4707066448444337,-0.713455909645679,0.9939241165499371,0.41878073735699617,1.5995761194725682,2.046075571066677,-3.3525540843902046,-2.2372525186623817,-0.41074316023539376,-0.9580648706890121
2021-03-01,35295.58984375,25.6299991607666,1.0,0.0,0.0,1.510923891154479,2.0293063922196377,-1.3868792099638838,0.7169352429693642,0.0029980022730182613,-1.2564596779566097,-0.9977442172511158,-0.4072163424121448,0.9287975666312763,0.5528840156107031,0.9896616884874623,1.9798309313418463,0.9131096809912128,-1.6993058998615933,-1.3091979871107342,-0.049600786324723437
2021-03-02,35419.2890625,23.61000061035156,1.0,1.0,0.0,1.3676265239300398,1.912718830781453,-1.5000500963994743,0.7216386415619758,0.060305041270231424,-1.1235683024490746,-1.4839864973112604,-0.5398305892394443,0.8233087370059404,0.7280831716829778,0.14700944203297628,1.9084366389354686,0.19855465196518718,0.7749242383431556,-1.2764065660427895,0.17341026619991198
2021-03-03,36367.62890625,22.09000015258789,0.0,0.0,0.0,1.387228080382111,1.8235983611695172,-1.1457084227659546,0.7378182693738056,0.4715663461206492,-0.10475680502772439,-0.8848242567905079,-0.5524040498674724,0.7941904347272642,0.8023596189444135,-0.1614914451835441,1.929496317387115,1.7511608523098645,1.3588352417450196,1.6328369176737327,-0.15132383518846262
2021-03-04,35802.08203125,24.149999618530277,0.0,0.0,0.0,1.2948706116960704,1.7327502390033718,-1.1679961589918524,0.7453459448735229,0.13703857260150049,-0.7123297783431938,-0.6908428726773436,-0.5891815590644347,0.7813344726796922,0.8363146224261884,-0.3002564256192575,1.892993840686422,-1.0999062013669854,0.4541344243065879,0.4853681795088542,-0.6972721032455829
2021-03-05,35227.73828125,25.559999465942383,1.0,0.0,0.0,1.114457577112206,1.6218789457830838,-1.4263068672261532,0.7449350539623689,-0.17921927992420464,-1.3293533272623823,-0.7642048841591751,-0.4985326841761321,0.7757295896547244,0.8484538430746033,-0.3526569191331599,1.877253155340733,-1.1337192035807204,-1.5559017951745724,-0.27406080131091837,0.27890272765575147
2021-03-08,35275.33984375,24.68000030517578,1.0,0.0,0.0,0.9654478784866928,1.5016370898564118,-1.547192649138268,0.7451618248538805,-0.15556767297343807,-1.2782144665577109,-1.18254054544797,-0.12889464869453604,0.7761006187216265,0.8471429374446621,-0.3476830478508562,1.810767825663182,0.05306039450261208,-0.7525739019341885,-1.2420199747450806,-0.09947534547897706
2021-03-09,35865.23046875,22.5,1.0,0.0,0.0,0.9284822249418034,1.3976181081982166,-1.3379080093299625,0.7527841257068127,0.1338301620863686,-0.4043837473400372,-1.072758308947848,0.30678741431397594,0.7771262836835836,0.8488922521254171,-0.3498955458596253,1.7687037477884444,1.0848260717663845,0.7931944737391752,0.003331344462417554,0.29043913659437526
2021-03-10,35937.8828125,20.75,0.0,0.0,0.0,0.8979402711745175,1.3079373002701156,-1.1529371173072958,0.7605940043137731,0.16888610097064707,-0.31187928005850224,-0.7100305409717516,-0.435361688304507,0.7767016165642334,0.8487303006736241,-0.3506499298038809,1.6126590415605844,0.09866301788318388,0.8249680389905764,0.7058196283319874,-0.4365761127322341
2021-03-12,35496.234375,21.709999084472656,0.0,0.0,0.0,0.7914622825815749,1.213651643786006,-1.2123423777726803,0.7621069154467129,-0.11145340497321801,-0.8742073665031986,-0.5660026966724421,-0.7431989973261887,0.773630097570761,0.8444601173989057,-0.34689982087218785,1.7370957906282094,-0.8758832561783315,-0.5411534942066831,0.17629881927388133,-0.3380173770061359
2021-03-15,35182.140625,21.229999542236328,0.0,0.0,0.0,0.646871546011259,1.107613775743109,-1.3639528336221194,0.7595264088709368,-0.3036043427095996,-1.061694886927912,-0.8003330004121294,0.08821540591950831,0.7739111798932009,0.8361397516446909,-0.3213252580885815,1.7938669520945856,-0.6403693775468969,-1.0560733014101737,-0.8071051680767942,-0.12096847121821269
2021-03-16,34804.1953125,20.190000534057617,0.0,0.0,0.0,0.4639724811823797,0.9840644020917421,-1.5898615772342828,0.7524394813966433,-0.5280054823882766,-1.5037412324693986,-1.2252297601100297,-0.4316235622735633,0.7774632877600823,0.8197614902742356,-0.26213356545930977,1.7104810583034311,-0.7699082383271869,-0.98223535317173,-1.3022122221763517,-0.483032937095297
2021-03-17,34228.8515625,20.15999984741211,0.0,0.0,0.0,0.22193311161660012,0.8339860325256289,-1.932101260696678,0.7387932807284326,-0.8462817833050745,-1.8330649287331915,-1.5670608508493828,-0.844125632986319,0.7843806619454611,0.7874055991621466,-0.14502559879566204,1.7271190779222707,-1.1673650882230626,-1.3494188912905416,-1.468364060791024,-1.4738828393458407
2021-03-18,33856.40625,20.07999992370605,1.0,0.0,0.0,-0.031602380415544716,0.6602507781337935,-2.237289018291421,0.7217636903207875,-1.0383661574803484,-1.6481697050271058,-1.7761381264102807,-1.5867026360928442,0.768000156942165,0.7612127341848843,-0.11363770357826333,1.7992294226720855,-0.7793912525836958,-1.3560261684584527,-1.547609960897344,-1.8601821924020263
2021-03-19,34161.203125,19.989999771118164,0.0,0.0,0.0,-0.1841756864278139,0.4889633503054104,-2.205710612876495,0.7101884001768703,-0.8239675316225521,-1.1046933489382786,-1.6338782343701799,-1.100207221170757,0.753993461000648,0.7434458086939014,-0.10063924981765889,1.8157604221212542,0.5686107610946509,-0.14648737805076353,-0.7846210939257586,-1.2246780747927817
2021-03-22,33603.05859375,20.489999771118164,1.0,1.0,0.0,-0.39234985894416435,0.30786367874066817,-2.3322943404016208,0.6926975583339617,-1.1175326179573986,-1.6878152245645845,-1.5820969617794405,-1.106228707924789,0.76159155246593,0.7055866506099024,0.03697516314789841,1.7644501175241796,-1.1541216620099632,-0.407580276505868,-0.7770720141102947,-1.4507030276851534
2021-03-23,34184.0,20.670000076293945,0.0,0.0,0.0,-0.4616109415712469,0.1483216175048474,-2.0541884611257792,0.684177113054781,-0.713786265009424,-1.0808762984000477,-1.3798578267972033,-0.7881385968740248,0.7631043772768167,0.6896665081059257,0.09020399702699546,1.7120439774365306,1.1225117232678083,-0.021650541333635205,0.3070596248590633,-0.6181342088055998
2021-03-24,33292.86328125,22.459999084472656,0.0,1.0,1.0,-0.6540002671680714,-0.02004016503259197,-2.167968064251078,0.6652632236299733,-1.1626806879824698,-1.8517325272299274,-1.6461760237842267,-1.6426895975707752,0.7766378122917855,0.651139151625899,0.2483920692229405,1.7307779604314915,-1.8274206326242302,-0.49077067501498367,-1.05873740836315,-0.9085251770628812
2021-03-25,33006.06640625,22.700000762939453,1.0,0.0,1.0,-0.8451119963276051,-0.19518726200557618,-2.2555026197267662,0.6445445496900312,-1.2933166799782299,-1.4665619031498085,-1.5672995908622986,-1.8492164190527098,0.7676089105215511,0.6145279700166836,0.33597306348924855,1.7943968224522833,-0.6243618369931513,-1.7079024305654171,-0.7567612325813816,-0.8403200957124262
2021-03-26,33317.8125,20.649999618530277,1.0,0.0,0.0,-0.938408279068206,-0.3550554296450759,-2.0583954259400077,0.6297188949233893,-1.0684726576895487,-1.216322995232346,-1.615586108004165,-1.4257771441234386,0.7427841708752823,0.5973106427364149,0.3174301455056003,1.694078609049209,0.5983053652401065,-0.017781170831025515,-1.0555717951087853,-0.8272559756956193
2021-03-30,33874.70703125,20.489999771118164,0.0,0.0,0.0,-0.9152445182047029,-0.47804627825845913,-1.5826562750502264,0.6233074503953171,-0.6894556578228714,-0.7693031861021563,-1.2297018881775348,-0.9185482814502982,0.7417734653838433,0.5859582714373919,0.3500938224887899,1.621469954553078,1.0843034112986742,1.1727289957953193,0.604182777046163,0.15753754649076185
2021-03-31,33303.51171875,20.649999618530277,1.0,0.0,0.0,-0.9794651653529457,-0.5900342389327516,-1.4407125355454282,0.6103245623094546,-0.9897504336541156,-1.2278022469506893,-1.144584476668273,-1.0433414745600735,0.7384412881076476,0.5628187061790576,0.4132229108395479,1.5692749331943103,-1.1901726054942166,-0.07339057565090625,0.28165667366965613,-0.8599262824237234
2021-04-01,33857.60546875,19.989999771118164,0.0,0.0,0.0,-0.9334962992931687,-0.6698931626003835,-1.0262290213390337,0.6055451665980243,-0.6265825993484376,-0.7830306277910137,-0.9901164843347249,-0.36716848556602655,0.7271106969906725,0.5537963647361956,0.408552749936216,1.5259436660585377,1.0791790998760853,-0.07696093260154926,0.5557665713287666,0.41883020680914135
2021-04-05,32678.470703125,21.21999931335449,0.0,0.0,1.0,-1.0757639632875824,-0.7638978582173398,-1.208717816988366,0.5863948257740607,-1.1962744244713062,-1.5856251680377784,-1.281133883030103,-0.8688963300781832,0.6995500301284852,0.5333137950456984,0.39245093752059573,1.7222138290499387,-2.439181376119537,-0.9472060792863417,-1.452706724085839,-0.3795983612854908
2021-04-06,32500.97265625,20.84000015258789,1.0,0.0,1.0,-1.2055187510423042,-0.8665702401550367,-1.3205360792510787,0.5668365138925601,-1.272512502164135,-1.7586797112394406,-1.470390796481069,-1.1582021920783856,0.6833342975819131,0.50615275375572,0.4311489391843748,1.6465887130093178,-0.40727655217705766,-1.9828920147131877,-1.0064366502691808,-0.8220034120993772
2021-04-07,32990.81640625,20.25,0.0,0.0,0.0,-1.2184768563373438,-0.9514513303458095,-1.0910179295471982,0.5553000628810549,-0.9447491689885843,-1.000232553035202,-1.547822913556138,-0.5216678976452623,0.6695448104674494,0.49067731939566617,0.4398643152506061,1.6907668640620803,0.9747693601078785,0.3957734751499786,-1.0659527789763221,-0.8701928401743991
2021-04-08,32782.46875,20.309999465942383,0.0,0.0,0.0,-1.250172058726911,-1.0260659637171101,-0.9585745855372001,0.5422426136989916,-1.0461712875873252,-1.1385605686905098,-1.388445143962897,-0.9989587467698791,0.6529629745799049,0.4747013890796832,0.44193320431304917,1.5972055921066426,-0.46747994804750037,0.3538268417056252,0.05796570052284755,-0.5522447184920383
2021-04-09,32447.673828125,19.790000915527344,0.0,0.0,1.0,-1.3161788998728847,-1.0997310830917344,-0.9463252953375325,0.526219109164612,-1.2080263822332045,-1.4884203305558414,-1.2920981342289761,-0.6718266940813238,0.6177748355237654,0.46582581059995526,0.36531200146242776,1.5223856556556552,-0.7336380326539629,-0.8365036644341045,-0.12806839859700572,-1.3497923292259024
2021-04-12,30791.642578125,23.0,1.0,1.0,1.0,-1.6172186158768327,-1.222392211992125,-1.5784026964161708,0.490899157984735,-1.8571641857054735,-1.7092568226336173,-1.544864080897669,-1.5456438777496908,0.603856687197727,0.4116014373917352,0.49968369126394974,1.8390184763068502,-3.58638497089505,-3.009596458446284,-2.7280389455953387,-1.8545037364716876
2021-04-13,31771.23046875,20.459999084472656,1.0,1.0,1.0,-1.6822483627111582,-1.3342876804117114,-1.4395193309448815,0.4712600882181089,-1.2202170013108626,-0.8733112317289212,-1.4503031432328508,-1.112509074861244,0.570057273392845,0.3971644157738566,0.44482977842383986,1.9032257703735307,2.08271681849815,-1.0473050813166955,-1.2743638447549894,-0.7590329204200003
2021-04-15,32112.4765625,20.88999938964844,0.0,0.0,1.0,-1.6625581586512181,-1.4196357092265857,-1.0970417130112344,0.45778214330176686,-1.0181001062511381,-0.4375098378539427,-1.075655339283473,-1.2299039749423435,0.5341676722620485,0.39367208202286774,0.3469574366288184,1.848130346998765,0.6851784150177943,1.9289008451525227,-0.4656034503808174,-0.8864382511631032
2021-04-16,31977.078125,20.399999618530277,0.0,1.0,1.0,-1.6520793301273335,-1.4856958016812356,-0.8482159656750294,0.4438853483918426,-1.0765325083086181,-0.5653475931721711,-0.6678536437905318,-0.9744237914245267,0.5046655819679113,0.38674121290047464,0.27918502062981787,1.6866234953717631,-0.32456912716574965,0.25162766648005525,1.3937120886230872,-0.823564736953104
2021-04-19,31208.037109375,22.489999771118164,0.0,1.0,1.0,-1.7491230316036708,-1.5590876808770568,-0.9428003359834985,0.4216423414000431,-1.3934222650414518,-1.20743497069842,-0.78696818867479,-1.7795731141568993,0.49587589402009313,0.3555600212301032,0.3551188631457371,1.8846173570167921,-1.687157308129796,-1.4012939926228978,-0.7552092115181676,-1.2430648653985363
2021-04-20,31112.337890625,22.43000030517578,1.0,1.0,1.0,-1.822838991054926,-1.6334065897409773,-0.9547595650922853,0.4003144196063059,-1.4312565456231092,-1.2949008003943243,-1.0926266091325965,-1.1440727576166758,0.49082849795572786,0.32416380567091657,0.44403288616588676,1.8488717981484923,-0.24640425203177097,-1.3468327231535822,-1.286234325042544,0.22635728117444967
2021-04-22,31782.23046875,23.030000686645508,0.0,1.0,1.0,-1.7563892398763636,-1.6787945416814747,-0.5815331689046767,0.3894407788429461,-0.9868689410966237,-0.6678489044908188,-1.129168152350736,-0.6032700258254657,0.46650324428174816,0.31780839827165264,0.38995015091398066,1.947410629671178,1.4044167952738054,0.8072172902473636,-0.30066967445350423,-0.07206033259130867
2021-04-23,31721.931640625,22.690000534057617,1.0,1.0,1.0,-1.6963320212473119,-1.7023910044076018,-0.3004101141585793,0.3788445415520762,-1.0153140397227458,-0.7236077926183468,-0.9566845859409164,-0.9457843316384014,0.45239984261772836,0.3074165181858628,0.3808972548631861,1.886335781351989,-0.16701611426193483,0.8625308662793079,0.5658483261479492,-0.446982710867242
2021-04-26,32274.775390625,23.5,1.0,1.0,1.0,-1.5450226735335306,-1.6892365257340318,0.17369869086355094,0.3762087793937362,-0.6585527056553683,-0.08037650084114172,-0.5237087380160379,-0.46440291601122113,0.41960357400165105,0.3161985580977035,0.24886159704549626,1.8627061121827797,1.1317959490773588,0.6725826658605132,1.351456457491973,0.1937440707099266
2021-04-27,32734.96875,23.07999992370605,1.0,0.0,1.0,-1.3385929143585031,-1.6350124995713013,0.7035200598216309,0.3796103906095674,-0.38270810352167445,0.6901376469900058,-0.03958884118539796,0.04559545382606634,0.41099496616800113,0.3177452992482169,0.2166145957087447,1.7725119090517656,0.9204981273784966,1.4303067211242406,1.0756108727200566,1.3409802286693573
2021-04-28,33722.41015625,22.57999992370605,0.0,0.0,1.0,-1.00796610651324,-1.5216407635004954,1.4665603792335362,0.3951038633996362,0.1354595989463794,1.2822089657906806,0.6754814230107037,1.8543414603041446,0.42574892846166573,0.31188929732969717,0.28258911187344704,1.8053537167585065,1.9744086969922976,2.0173959967588657,2.2962758697424714,2.318025309277682
2021-04-29,33714.109375,23.309999465942383,0.0,0.0,1.0,-0.7412401071119032,-1.3744784325746868,1.9024789690039827,0.4090173955458314,0.1301895616032869,0.8522455354097017,1.0079595933426542,1.1413639768057215,0.4344357073712487,0.30810102498681613,0.3225072986224098,1.817843151271343,-0.055069594938382024,1.3376705251886718,1.6197332154601354,1.6759253078352998
2021-04-30,32781.41796875,23.030000686645508,0.0,1.0,1.0,-0.6737753101450596,-1.2424665111129447,1.707029757282193,0.409878416724295,-0.42713630384814044,0.06485102128822766,0.7850459743570855,0.2965442080323576,0.4129485982407003,0.31596078053301646,0.2287390314538526,1.8500754234589922,-1.9384924144292084,-1.3886379537880382,-0.00996195892181433,0.8965655669560552
2021-05-03,32465.373046875,23.690000534057617,0.0,0.0,1.0,-0.6656967250648508,-1.1351467663163282,1.388486124759231,0.40668357143751377,-0.5973274307457144,-0.20195966875647325,0.2559423794409721,0.1800270802893338,0.4011343298766449,0.3171145716596613,0.1876542799168661,1.827188303282251,-0.6945333111871328,-1.8341834204286678,-1.5313247783612758,0.09307330521621802
2021-05-04,32269.974609375,23.01000022888184,1.0,0.0,1.0,-0.6851622573364894,-1.05341175418415,1.0584279937735732,0.40133610935821357,-0.702641324294525,-0.3669184715549288,-0.1786875162879182,0.5730421462627775,0.371652646872387,0.3267282891368193,0.06213169572574293,1.7893877483934846,-0.44726356345027474,-0.7951717652014266,-1.7548850205373194,-0.5086724798378701
2021-05-06,32827.41796875,22.040000915527344,1.0,1.0,1.0,-0.6069531098773144,-0.9714671471070492,1.0611318920981105,0.40350707331792107,-0.360410041232093,0.10368503155880068,-0.16484325764985708,1.0150893227984887,0.3737894112454334,0.32648431314312937,0.0697360372610792,1.71399603784778,1.1215807748029116,0.47020323161901256,-0.01056777400526724,-0.8838735188748267
2021-05-07,32904.1171875,20.81999969482422,1.0,1.0,1.0,-0.5291206998538934,-0.8894346180445004,1.062266137531515,0.4064356742994062,-0.3142921068565462,0.16843586305189698,-0.032797880285801176,0.5996828580501968,0.37909538968708545,0.3263232831925499,0.08711664417508795,1.5844599746680275,0.11966274795359644,0.8652083609906188,0.45354407567698357,-0.8070001486430864
2021-05-10,33142.01171875,20.229999542236328,0.0,1.0,1.0,-0.4269835894209511,-0.8021865330657503,1.129549882893661,0.4120765832081975,-0.16776703069203502,0.3692706167448469,0.22965227806583183,0.798045860852936,0.3819749359079676,0.3253325335870319,0.0995605042002825,1.4357348944470834,0.44951478520394944,0.3969473051394381,0.964729868676483,0.24360192384760088
2021-05-12,32451.923828125,20.07999992370605,0.0,1.0,1.0,-0.4536930490589639,-0.7380423623561472,0.8314957713990009,0.40850328184750795,-0.6047705688261653,-0.2754055825037233,0.09450711866105956,-0.02491644835412538,0.3781844958438177,0.32487888223104505,0.08905679171015868,1.4168685888662402,-1.463538748380147,-0.7061461645074962,-0.5088520654100231,-0.09472147241171425
2021-05-14,32169.177734375,20.270000457763672,1.0,1.0,1.0,-0.5166408433832654,-0.7000528491723155,0.494085273789032,0.40171512102630585,-0.7696970696146559,-0.5236739158581603,-0.15222884083429872,-0.5020598066963134,0.37638244437411844,0.3230413670335272,0.08948495909142934,1.314368649400223,-0.6310847952403963,-1.4590524390731292,-0.9367966949675416,-0.17559349286297365
2021-05-17,33458.859375,19.61000061035156,1.0,1.0,1.0,-0.35864412220512565,-0.6362138966770892,0.8275582765382468,0.4117895642532078,0.008622817247233109,0.4034549947762103,-0.1400421681844727,-0.30366814506634593,0.38225550822545057,0.3525469461972425,0.009731223547549477,1.4685348280329191,2.6238646511506265,1.3888402696415754,0.302636395885154,0.48533523222743374
2021-05-18,33922.00390625,19.239999771118164,0.0,1.0,1.0,-0.16002833693516533,-0.5430964818429345,1.205267697405196,0.42672799235035447,0.2398596050673218,0.8336818220848226,0.2553456059433858,-0.010718334644572088,0.40963167017463925,0.3526617220648117,0.09586542719924301,1.4153410832725248,0.8926868364590007,2.450526062671252,1.6457431355596868,0.8254266312792253
2021-05-19,33684.80859375,19.31999969482422,1.0,1.0,1.0,-0.0425837592901341,-0.4437399520738372,1.2857559573937063,0.43726128249301904,0.08260302824394467,0.5071809126577781,0.6228435997079799,0.43748688318553736,0.42804918800039765,0.3544147032439489,0.14792876462303173,1.2660665358119547,-0.5136427319784052,0.2644720996644502,1.7126880103218514,0.4016861652361558
2021-05-21,34606.49609375,19.07999992370605,1.0,1.0,0.0,0.1931595252204906,-0.3143487163475955,1.6732213666648321,0.45838045463539273,0.5237212178191796,1.2326544952927463,0.9184518118838215,1.2419109022519943,0.4694352939408045,0.3462747021055957,0.30411053707654945,1.3628192271489208,1.7898987188901618,0.8896032473366448,1.2373068450016997,1.8330336696984981
2021-05-24,34943.1953125,19.1299991607666,0.0,1.0,0.0,0.4264070324493094,-0.16145806299821536,1.9763777045352406,0.4817218431113717,0.6682490976219534,1.0657620364927731,1.001188013750543,1.5957605619638522,0.5057095033631585,0.35825923674947774,0.3764791110663756,1.3184373667811229,0.617374350809924,1.6776378474630782,1.0803719329240682,2.382292384857277
2021-05-26,34683.796875,20.8700008392334,1.0,1.0,1.0,0.5607911304615689,-0.010696906416091204,1.9489059411144933,0.499578635527595,0.47996011666887445,0.8089379546982242,1.1087638862076286,1.0449306872683939,0.5222509582823597,0.38869289465263557,0.3268217428157444,1.2151443272023386,-0.5430496726085663,0.05215925762786961,1.0636092509433035,0.9890106759692321
2021-05-27,35094.64453125,19.90999984741211,1.0,1.0,1.0,0.7221603616142943,0.14407330912215474,2.0006251645835778,0.5209006697603604,0.6675393476075332,1.2112305392075922,1.1011262822870755,1.2549447671110443,0.5545461024218277,0.3991887897197358,0.39104174158189664,1.182302057044928,0.7591689647616603,0.1509544602874522,0.4760678506373679,0.9302695830858781
2021-05-28,35141.0390625,17.399999618530273,1.0,1.0,0.0,0.8452085693461406,0.29393834794330825,1.9373454938271104,0.5407753865125312,0.6888169250422105,1.0443087953886472,1.093478238307047,1.1238660863654797,0.5794935346057787,0.4187950720356878,0.40261634389279455,1.0822300576081325,0.051080689037331976,0.5649139743279894,0.15326648617731914,1.1787192513256946
2021-06-01,35336.7890625,17.389999389648438,1.0,0.0,0.0,0.9604457522550853,0.4382256793150551,1.8653897802348869,0.5612185813230323,0.7817154443787159,0.9925357884124388,1.158930553883465,1.7226760281485831,0.6102730671174894,0.4275293897090082,0.4670014658884225,1.0232457184289228,0.3378325819557292,0.27134842788670416,0.6553911131984516,0.5398837850460269
2021-06-02,35373.33984375,17.209999084472656,1.0,0.0,0.0,1.0430787035414186,0.5711486452644856,1.7187827681420291,0.5801743849617953,0.7996810552563262,1.0258189690552573,1.09283164435047,1.9470109766106063,0.6398712078911158,0.4318371858070028,0.541669321346898,0.9003260861517319,0.03162297348893295,0.25779129128382205,0.2406719408963307,0.28218288235517464
2021-06-03,35648.5859375,15.75,0.0,0.0,0.0,1.1369658337100665,0.6973625883767947,1.632232419252191,0.6007857448469772,0.93729448945465,1.2677188764348775,1.1724769584142096,1.2313167038235393,0.6727147616778556,0.42323224899587586,0.667389866263776,0.7875072605891209,0.4865714218671759,0.3614248738499898,0.4889124073835396,0.7351639520531728
2021-06-04,35291.23828125,15.9399995803833,1.0,0.0,1.0,1.1385800100671957,0.7986754582400937,1.3109938976736923,0.6149409240759924,0.5971571229472884,0.8751414364391682,1.1306260715230063,0.7058069427245259,0.693961616709374,0.42209035230290326,0.7339168799418235,0.7682855838095073,-0.720744400726316,-0.16278606151998146,-0.11450260052269541,0.0840771173371108
2021-06-07,35443.23828125,15.56999969482422,0.0,0.0,1.0,1.1484159245908274,0.8818079821288307,1.0764567191251324,0.6296591984060688,0.6830507745096982,1.009919678203268,1.1249580013653513,0.953846653859478,0.714926460932173,0.4357404599351032,0.751198872011828,0.6361421205790853,0.2526854119601831,-0.3257458179171538,0.011508445664934554,0.17277297208964518
2021-06-08,35084.89453125,15.229999542236328,0.0,1.0,1.0,1.0838900296045222,0.9346540995784138,0.6857442252840826,0.6384700137065153,0.3422595642333912,0.6547411576050668,0.9064324867527286,0.14972563480569262,0.7220350220827854,0.4633164709990977,0.6827864525615754,0.58331171123803,-0.7266406732296793,-0.3298540376913164,-0.6800523930187252,-0.2955412809747927
2021-06-09,34800.09375,14.75,1.0,1.0,1.0,0.9734667898121374,0.953554787799004,0.2478281808299456,0.6428606947725136,0.0853634600729184,-0.13513705936244164,0.5462699206180694,-0.22572449181066984,0.7176084841518062,0.501761289614833,0.5462475584388001,0.6166690429856406,-0.5904243482897266,-0.9172896059881914,-0.6057667465727528,-0.5692105586672266
2021-06-10,35130.7890625,15.0,0.0,0.0,1.0,0.9256595306705055,0.958554712249877,0.06850013510511073,0.6509912902845869,0.3106328981866709,0.3462132460491448,0.30965970595143094,0.13010767217249658,0.7216467485237746,0.528322891330987,0.4733450585152313,0.5485299114478763,0.6021697974432847,0.00855726567798996,-0.4065520208802645,-0.5183531353833025
2021-06-11,35046.9921875,14.100000381469728,0.0,0.0,1.0,0.8619191771604654,0.9490610464759225,-0.11847572130192802,0.657293903838541,0.2305733677071539,0.22424099591697338,0.15618713022176156,-0.1683686337889892,0.7218128145987026,0.5567890756551127,0.3835411464876571,0.49170003421683495,-0.2001408169568328,0.2804867804750835,-0.10643410774504894,-0.289313958224074
2021-06-14,34950.1953125,14.720000267028809,1.0,0.0,1.0,0.784366565428827,0.9250485027555991,-0.30577780422141104,0.6617791704258317,0.13475581951396062,-0.6267250435013224,-0.019063150353537336,-0.25370705536071414,0.7206818151213323,0.5821385592122365,0.30028094409739964,0.5051100519483461,-0.22571548104781183,-0.29634115105173775,0.10145894832034867,-0.4997860915379124
2021-06-15,35247.33984375,14.609999656677246,0.0,0.0,1.0,0.7591628689404537,0.9005029351903203,-0.3126541259850271,0.6695734847505683,0.35897024853463705,0.05104956630274889,-0.1242885003624582,-0.1929564668562007,0.7040407493179456,0.6369033589893249,0.08005453998341956,0.43540347580622357,0.5349937716895977,0.21586286462493498,0.0631669556033288,0.05526908700654575
2021-06-16,35003.09375,14.869999885559082,0.0,0.0,1.0,0.6896603792001736,0.8661530521298417,-0.4391355745262997,0.6735543982681371,0.1040622019557954,-0.5060658555802673,-0.3846416512946351,-0.35922361066573655,0.6557869838222037,0.7252440385098571,-0.3352472137311176,0.38998835350443956,-0.509353897822919,0.018238187026940883,-0.11309213248187398,0.09093597414627409
2021-06-17,34604.99609375,15.289999961853027,0.0,1.0,1.0,0.5619171966257908,0.811630369874141,-0.6993765739712013,0.6721506035467872,-0.2821699580274246,-1.4141104441638208,-0.665343207962491,-0.7532866796725756,0.6372039575744689,0.7599969109123873,-0.49650340277373023,0.3723248185911628,-0.8131009002299763,-0.9210449253905013,-0.4479163192517374,-0.5317113647475388
2021-06-18,34557.59765625,14.800000190734863,1.0,1.0,0.0,0.44544920879584526,0.7433563667459956,-0.8767767182397349,0.6702845282653732,-0.32687798070972823,-0.8229321113505523,-0.9769161901514537,-0.5754808411701664,0.6275216574290186,0.7786177032191237,-0.5818627413007889,0.45595283125837555,-0.13122744105626813,-0.6575858356120122,-0.8276788541765078,-0.5013929739342344
2021-06-21,34870.89453125,15.0600004196167,0.0,1.0,0.0,0.396172436033884,0.6783054473294754,-0.8351970386776337,0.6725354856800367,-0.041563479908526414,-0.2831799892981349,-0.8974577577598737,-0.47826176815387056,0.6027474547352388,0.8203793843352432,-0.7819831682993765,0.5671556970557773,0.5728594623460733,0.3080801448001572,-0.21079052771008355,-0.1500604944100367
2021-06-22,34744.59765625,14.739999771118164,0.0,1.0,1.0,0.33059505338545075,0.6123822139497721,-0.8464504029436238,0.6729840430192412,-0.17310185814959245,-0.5007659651871025,-0.5718520038215316,-0.34314119052972014,0.6012930914881546,0.8237461414041999,-0.7964454093297747,0.5585065554021768,-0.2841434526120852,0.20153612362389245,0.09072827315003985,-0.5104393348246795
2021-06-23,34573.59765625,15.369999885559082,1.0,1.0,1.0,0.24592577691226777,0.5417194436200156,-0.9075932230773821,0.6712397722771943,-0.3510509560711884,-0.7953670934969951,-0.5620251218212298,-0.27628736664705456,0.6036176389859074,0.8163753431551781,-0.7673730915392548,0.4888000881419149,-0.37255373334263453,-0.4571792229048164,-0.04683366986426846,-0.4502541995612145
2021-06-24,34826.59375,15.100000381469728,1.0,0.0,0.0,0.2143020444910594,0.4784945960747375,-0.8116396352537766,0.6728427278787162,-0.09957402909267951,-0.10341002314709205,-0.49793743452315764,-0.32134434357026664,0.6027690243638266,0.8191713473392243,-0.778304602451184,0.40878528088339605,0.4554101816278068,0.0581037567240202,-0.11378265875465401,0.1078263505233517
2021-06-25,35364.23828125,13.369999885559082,0.0,0.0,0.0,0.2696048073094884,0.4396221155393815,-0.4974797475663925,0.6810532198006247,0.37047186159170564,1.0720536435281975,0.06277008196450486,0.04974237790471431,0.6066745490508173,0.8186900184656857,-0.7650648093471349,0.42568605842587653,0.9991917958340061,1.0138655714748297,0.6177501081164402,0.6051534914309291
2021-06-28,35359.0390625,13.399999618530272,0.0,1.0,0.0,0.30655226505001515,0.4163457760411157,-0.29628033583887664,0.6884163865228057,0.3642390310109647,0.9082916423005218,0.6701215248116611,0.10517976485657216,0.6098674008380572,0.8182644614863761,-0.7541526288823788,0.34393228233033835,-0.048354266111544,0.6628683839226313,0.8025518063234027,0.33185095252840907
2021-06-29,35009.89453125,13.0,0.0,1.0,0.0,0.27431599841343957,0.39090040185390723,-0.32426216175299194,0.6906882491741252,-0.04651053094106288,0.22241473403715054,0.7862774967989369,-0.2810656553744676,0.6061178343398852,0.8178168516154268,-0.7641336410598326,0.2996294012712134,-0.7104892198534796,-0.5283495172425219,0.13796037077165185,0.14428043484728317
2021-06-30,34771.796875,13.050000190734863,0.0,1.0,0.0,0.2058011198406758,0.3560397472550454,-0.44572482841964894,0.6897499676078895,-0.305135165314758,-0.2453161616719744,0.3166374009630442,-0.2783701828820923,0.6011981814771598,0.8149222267783225,-0.770336467668472,0.2701140843002067,-0.50058226279072,-0.8434387532516505,-0.7169478600399649,0.08795437419020201
2021-07-01,34683.59765625,12.84000015258789,1.0,1.0,1.0,0.13334430113981816,0.31281237367139975,-0.5536604346586909,0.6877920527677495,-0.399794879895841,-0.4185791002347412,-0.1563897628798496,-0.09232789523081714,0.5872942097823661,0.8165661149684444,-0.8173642179139811,0.1773069066833031,-0.21040887008329281,-0.4950084559030961,-0.8093229841325902,-0.20497224501719402
2021-07-02,34809.4921875,12.09000015258789,1.0,1.0,1.0,0.09247548569615352,0.2695786924449031,-0.5537418069691873,0.687603570223581,-0.2606723813621543,-0.17126561217329409,-0.29673613699071427,0.012805449414387538,0.5819716262418789,0.815693988728883,-0.8309068412531149,0.08967166579572057,0.20699975052867944,-0.00200165926996601,-0.2863316255689936,-0.5534965730578548
2021-07-06,35578.734375,12.279999732971191,1.0,1.0,1.0,0.1785415559744762,0.2532116273527817,-0.207146623680579,0.6971052842383487,0.45780190740160653,0.9415247052595206,0.12637061427034632,0.2853906912734671,0.5865741129434677,0.812691524035442,-0.8079457506599184,0.22926107378195165,1.4420136215046848,1.14932144381543,0.8209959755949977,0.10218972124800198
2021-07-07,35770.88671875,12.210000038146973,0.0,0.0,1.0,0.2718326435675079,0.25986736554599915,0.08986110831622829,0.7081181453651184,0.6074565682332633,1.2731689209980133,0.7294759076250906,0.47897428943371617,0.604688864957665,0.8029150740545661,-0.723788151232541,0.16982764385816015,0.3264053778352156,1.232517150758575,1.1269933465478692,0.5583707635218629
2021-07-08,35273.69140625,13.5600004196167,0.0,1.0,1.0,0.2607273700629437,0.26284100933683474,0.04235992030295216,0.7118305614910752,0.026848077558166313,0.41063862586353234,0.9369237791643976,0.28435360344980665,0.6084672356013988,0.8052932701153916,-0.7195150851115897,0.2072207537272542,-0.9863883317642681,-0.45946857723125595,0.446732684458357,0.34464072829811154
2021-07-09,35071.54296875,12.9399995803833,1.0,1.0,1.0,0.21460695650656858,0.25545639743357773,-0.0912676832958069,0.7126476537068309,-0.18647954365385558,0.04299122596179346,0.6165981214307876,0.007447385842420794,0.6078678763462533,0.8051282611028506,-0.7208293609866121,0.16320752912181571,-0.42765498743246255,-0.9848591017934037,-0.619024569761774,0.2490634531698536
2021-07-12,35198.48828125,12.989999771118164,1.0,0.0,1.0,0.1936121472450221,0.24510418172542167,-0.129551521481553,0.71498310407511,-0.06552149095494787,-0.22459810656586807,0.08264672252343341,-0.23812150308133004,0.6095147206369408,0.8054307207948063,-0.7167658744159655,0.09823472061885492,0.2063120823265785,-0.15384672524152102,-0.6874807123421941,0.24876091403243916
2021-07-13,35672.984375,12.619999885559082,0.0,0.0,1.0,0.24749369760834553,0.248228941055639,0.04430939982831528,0.7230623177680044,0.3518856249825937,0.9848317047952383,0.28734557895184315,0.04611268479554951,0.6217894669837603,0.8022536851178657,-0.6702379050863054,0.09647173306567368,0.8685244264808777,0.7492645024130982,0.36986534277986166,-0.0035452502603564636
2021-07-14,35667.8359375,12.59000015258789,1.0,0.0,1.0,0.28358767736845847,0.25836971520763,0.13482012626092021,0.7303073474595256,0.3456423597456499,0.9517346184162718,0.6113110533675156,0.25383935214436454,0.6303600578289584,0.7989103513967333,-0.6344282410036053,0.046883431537493594,-0.048171646344625146,0.5719533137370719,0.5861802136007205,-0.16834014617657841
2021-07-15,35907.23046875,12.270000457763672,0.0,0.0,1.0,0.34399927187785817,0.27927125346451714,0.273640325597077,0.7398724572292048,0.5485337186565973,1.1475719781418086,1.1004873556794832,0.5442572040733988,0.6467592195464554,0.7938436428344663,-0.5700302670483128,-0.002091214204224152,0.414663795071745,0.2557265417206162,0.7049458323985834,0.44805174256961744
2021-07-16,35751.38671875,11.710000038146973,0.0,0.0,1.0,0.3602829318641443,0.29943967676913885,0.264182710615673,0.7465670664690583,0.343451344967026,0.7700506458787073,1.0239182733344032,0.5051329439329294,0.6552704408581841,0.8002640933744445,-0.5638750182469529,-0.06449256711772314,-0.33298969625451597,0.057279956354990454,0.020053126690101074,0.48969967023071365
2021-07-19,35078.79296875,12.68000030517578,0.0,0.0,1.0,0.2601037006827579,0.2943668297335752,-0.06144455395079164,0.744167079679379,-0.42035681638056704,-0.8592638987971956,0.3783003809055138,0.0221773731805757,0.6525716716269057,0.8100523881424363,-0.6013018278693437,0.042573485843640915,-1.3247164331825019,-1.1546308304042687,-0.7076089094622623,-0.1838752384560272
2021-07-20,34415.05078125,13.210000038146973,1.0,1.0,1.0,0.07121979271086458,0.25032250295592834,-0.5641996123726555,0.733649946046055,-0.9988567385994372,-1.8241723076647316,-0.6811214045922055,-0.8252143236973112,0.6574051671833757,0.7989049791463917,-0.5534178951416348,0.10272066842665721,-1.3321983198055094,-1.8508280674624944,-1.7033634309606431,-1.1520816486297658
2021-07-22,34676.8984375,11.890000343322754,1.0,1.0,1.0,-0.038663093933763555,0.19182522662747475,-0.750651180131261,0.7274268466909265,-0.7275769059981805,-1.2971131774275737,-1.4180617931253527,-0.7807098704754988,0.6579151421453197,0.7974668244042222,-0.5475749082972523,0.11406169564078233,0.4749672561641988,-0.5969009269527928,-1.2428080261034558,-0.9219270597907115
2021-07-23,35033.9921875,11.760000228881836,0.0,0.0,1.0,-0.07033885735484353,0.13832175950627645,-0.6862280980117962,0.7262864249159108,-0.38270656767857186,-0.5783382837220845,-1.317912288964989,-0.28229901833576215,0.655493238271738,0.8061529547557439,-0.5808817425413265,0.15751000426942044,0.655488050128468,0.7880168232248406,-0.1140425952458358,-0.8159765997135869
2021-07-26,34949.29296875,12.449999809265137,0.0,0.0,1.0,-0.1102328366241405,0.08707357278844528,-0.6571336515484724,0.7241896293807754,-0.46167278956864033,-0.7488248070901613,-0.9345527332554284,-0.21295337450296525,0.6550737756088633,0.8082315331797846,-0.5883672713178698,0.13340038176405747,-0.20233688029539124,0.3161060957378021,0.5300063124940405,-0.7584959860686695
2021-07-27,34797.04296875,13.229999542236328,0.0,1.0,1.0,-0.16679151689786836,0.03410175267067441,-0.6793695383153996,0.7203781778166847,-0.6058893573329763,-1.055280681959606,-0.8483398597710902,-0.37888478551533106,0.6533634765446409,0.8024395508062074,-0.5761038559700703,0.11218491679375409,-0.3340871941645233,-0.37337909754410453,0.06882530673971432,-0.3226693555032175
2021-07-28,34532.49609375,13.6899995803833,1.0,1.0,1.0,-0.25351747880821757,-0.026635280015818934,-0.7795453572600048,0.7136033798803192,-0.8487381987073559,-1.2092282047470313,-1.0732510440129621,-0.8097800647119947,0.6532983850805673,0.7914607487066753,-0.5433071158804271,0.16871260181284709,-0.5552741044891639,-0.6192876240993327,-0.621339005401395,0.019137901570771436
2021-07-29,34691.09765625,12.949999809265137,0.0,1.0,1.0,-0.29598578106048873,-0.08421529417305351,-0.7388179574891804,0.7094680144875584,-0.6694950261745668,-0.9313264073983227,-1.1383125542438766,-0.7136849877857407,0.6538310400712586,0.7866429151162342,-0.5272135374411818,0.08802899142083087,0.27195664691848587,-0.19702740961209322,-0.35097998838543737,-0.07017647187161477
2021-07-30,34583.94921875,12.800000190734863,1.0,1.0,1.0,-0.3453134594767216,-0.14072179895816078,-0.7249690538634478,0.7043792375786512,-0.7740145076859866,-1.1190719938540412,-1.161054048479846,-0.9120724247966442,0.6549791608648787,0.7829315694268059,-0.5126020572175779,0.016232783377288378,-0.24790913085224386,0.017128713914975766,-0.3018563652520793,-0.4676254204201728
2021-08-02,34709.59765625,12.8100004196167,1.0,1.0,1.0,-0.3626452745894013,-0.18959608618451845,-0.6265089489346117,0.701354975988504,-0.6222039581068003,-0.8989106911221914,-1.0504263824569549,-0.7504676189576641,0.6548399150979789,0.783424690071714,-0.5145041722236894,-0.0552261220729053,0.2072253399754069,-0.027972735354728787,0.13278713808988174,-0.28743881231594015
2021-08-03,35207.0390625,13.75,1.0,1.0,1.0,-0.29592682169041123,-0.21457145761980675,-0.318198849234096,0.7048734347127763,-0.07824730062890037,-0.027293421446526828,-0.7281401599511211,-0.06331827235331157,0.6561208658182683,0.7873983173082468,-0.5226481621472833,-0.027918252992554744,0.925366992971255,0.7895057936129697,0.5052471628020142,0.26665716336418877
2021-08-04,36027.6328125,13.210000038146973,0.0,0.0,1.0,-0.11302321871342484,-0.19583171484123182,0.24575188976687812,0.7183747288039224,0.6060417697488709,1.0370180049725157,0.040502258967727585,0.8418442245739206,0.6673061921795093,0.7817000321098775,-0.4721183140147628,0.1245159549150923,1.522081560083462,1.7056300603500842,1.5141855435128009,1.1805883135029087
2021-08-05,35834.33203125,12.869999885559082,0.0,1.0,1.0,-0.0014841929687742506,-0.15722750697568777,0.5020151974835175,0.7281596729598768,0.38284576856082775,0.7360635796348602,0.6233678068014178,0.5594223321350391,0.6688209105247629,0.7809638598003076,-0.4653875181799945,0.09840804440448125,-0.4027615644023189,0.7802583108393388,1.1664779523320312,0.8837465153417724
2021-08-06,35808.83203125,12.609999656677246,1.0,1.0,1.0,0.07940255984798081,-0.10922070381466066,0.6233142186749829,0.7366920874821511,0.3527647487339757,0.6963620440462129,0.8813497499313023,0.32348062461613697,0.6774900884191452,0.7790496635012266,-0.4338245069216296,0.05179046626180733,-0.08660946566791594,-0.34059495344529184,0.5896263933235074,0.9547101885504405
2021-08-09,36028.53125,12.609999656677246,1.0,1.0,1.0,0.17412104644724294,-0.05076369574400823,0.758128021348884,0.7471743304036981,0.5335911066284001,1.0384168029482186,0.8818484190314823,0.5070929578994174,0.6918520266811665,0.7768199016132037,-0.384481358310503,0.05893015593800734,0.3758715434059924,0.20191659575626486,-0.06374160691704969,1.0289059660460351
2021-08-10,36033.68359375,12.710000038146973,0.0,0.0,1.0,0.24467460509442726,0.010937847256863397,0.7999844342741722,0.7567230486699592,0.5378965056219426,0.9145521852761966,0.9454793034863418,0.6047007128114961,0.7044225453186306,0.7748358673133721,-0.3413050576386117,0.02920288805417831,-0.02871116580072051,0.2422571567240782,0.14947635259087863,0.6091599572911605
2021-08-11,35805.98046875,12.710000038146973,1.0,0.0,1.0,0.25867435474109257,0.06326277868955614,0.6790206184797115,0.762499286910666,0.23176354049851203,0.5756861949138953,0.9024585684369545,0.6327598213523495,0.706693691044333,0.7742381621589082,-0.33279304864230086,0.08260175523582332,-0.467742455964742,-0.3455297394881717,-0.06777885899572093,-0.26626170620848344
2021-08-12,35936.6328125,12.369999885559082,1.0,0.0,1.0,0.2848661694099951,0.11066743751673608,0.6155462018651204,0.7693681949034517,0.3572700902485931,0.770121979921236,0.8068119201675866,0.6123467828828575,0.7115609082283643,0.7727404217965947,-0.31390740899493813,0.01176339312220048,0.20828847250181365,-0.18040056677982913,-0.16330534569335425,0.0025693238091821927
2021-08-13,36168.9296875,12.989999771118164,0.0,0.0,1.0,0.3363828660763919,0.15949706538826894,0.6339291424125219,0.7785037600542933,0.5731248257819184,1.1158243527145064,0.8785651056677383,0.8203274022258126,0.7175116015078016,0.7700146948021397,-0.2881349828336658,-0.05371510352860139,0.3979967578435251,0.4228020422251931,0.07992870278092365,0.21577148787351827
2021-08-16,36094.08203125,13.460000038146973,0.0,0.0,1.0,0.35859080528195003,0.2032621091502638,0.5685930223389584,0.7858281569395323,0.461995116786387,1.0044366624425645,1.031413918404304,0.6958222498777044,0.7241914357705259,0.7676089401281531,-0.2612040331766838,-0.13466863438616514,-0.17869815457990293,0.15316964094016017,0.24469108875637213,-0.028211057126353443
2021-08-17,35867.03125,13.40999984741211,0.0,0.0,1.0,0.33351788563859075,0.23296629656215764,0.3871996879687748,0.7896001163268485,0.13165110992409498,0.5485100438317783,0.9524096399605485,0.2528549309024714,0.7314235811469528,0.7705803168206568,-0.24892703468856336,-0.13370273575679384,-0.4657898797574019,-0.4486725132722838,-0.13955020962077302,-0.22050352709671078
2021-08-18,35554.0859375,12.90999984741211,0.0,1.0,1.0,0.2581063700660812,0.24076529780535463,0.10460987549899824,0.7890779506990866,-0.28248098757195533,0.00062160130356653,0.5548417550874756,-0.41531688034879644,0.7287955007376916,0.788552209862086,-0.31082531671364894,-0.032416358588859086,-0.6319309258032416,-0.7644618245660237,-0.7266344099554274,-0.2927381278625288
2021-08-20,35033.4453125,14.020000457763672,1.0,1.0,1.0,0.11127614194906574,0.2159210635771071,-0.3165071019711388,0.7820591189487999,-0.8595559603021262,-1.096521014017426,-0.19414608464056296,-0.6081984811038854,0.7264844675189299,0.7957344488165093,-0.33921308154083907,0.0049000814203176025,-1.0375204344871103,-1.1628143038811496,-1.2161843069381348,-0.8408308722273581
2021-08-23,35123.98828125,13.6899995803833,1.0,1.0,1.0,0.006799559202422738,0.17392835652708175,-0.5377325086638391,0.7768472104748821,-0.7438928398234426,-1.0075090346183384,-0.7488642406520031,-0.5406331605186354,0.7263197740073357,0.7971095011472579,-0.34382794401464617,0.03411486839996913,0.13642052842591051,-0.627466482699428,-0.8729095105275112,-0.9559111486949726
2021-08-24,35711.6875,13.1899995803833,0.0,1.0,1.0,0.015302803997754794,0.1421342974602714,-0.4061639386080174,0.779521247268784,-0.0776099168954128,0.013749464820539329,-0.7441841796274565,-0.32417936546200743,0.7289297325315255,0.8045694661837599,-0.3585437305415291,0.09590340103869437,1.085470072084183,0.8517242389770759,0.10605144712792339,-0.39974123467034756
2021-08-25,35585.8359375,13.5,1.0,1.0,1.0,-0.0005945303996902693,0.1133336412559874,-0.3675472773729425,0.7803581899534681,-0.22328783602236124,-0.2612606821312303,-0.4464152913726153,-0.4003274008459431,0.7282229526094288,0.815850975265977,-0.3944113757905192,0.05877542050597419,-0.27749979374791806,0.5633258226027505,0.5392819711646295,-0.31690314497723276
2021-08-26,35617.13671875,13.539999961853027,1.0,1.0,1.0,-0.010580357535338833,0.08817915232956959,-0.32050957044132683,0.7815089914756417,-0.18863985347664353,-0.19286238591406812,-0.15599514612590668,-0.25042360518051054,0.7221858957306504,0.8366610664053112,-0.4742923154583562,0.01329109706210908,0.021150684406783325,-0.17823724999687224,0.4735753149855697,-0.02958035411730663
2021-08-27,35627.38671875,13.40999984741211,1.0,1.0,1.0,-0.019149235382121637,0.06624156033249211,-0.2790097040171844,0.7826790736155966,-0.17657083596921175,-0.17046414190135967,-0.22166698373266164,-0.32022084939599693,0.7167518275196768,0.8548577956186739,-0.5443996929257412,-0.030551660015801414,-0.018907847219207033,0.0019363338329081996,-0.15594735725269526,0.4185575306483507
2021-08-30,36347.2265625,13.31999969482422,1.0,1.0,1.0,0.08568404822274618,0.0708843187007994,0.0638924821267057,0.7927887933242366,0.5561087931819233,1.2302652483594898,0.3100594746788729,-0.03663300070670035,0.7173557581731392,0.8777926684734535,-0.610512570218456,0.04947600604215715,1.3163957885864939,0.9043965824629536,0.7526124651791428,0.9376868088192334
2021-08-31,36424.1796875,14.520000457763672,1.0,1.0,1.0,0.17652266874135245,0.09382873713610157,0.29999468397004875,0.8029032706279483,0.6225437109820787,1.0934838830173883,0.7686397325794374,0.05170054714287354,0.7176884145570245,0.9003604259966148,-0.6760204257718329,-0.006576497353978548,0.10484481676631256,0.990621081245927,0.8003201863611028,0.5062614237819011
2021-09-01,36573.875,14.1899995803833,1.0,1.0,1.0,0.26686299322364426,0.13130899613264055,0.487515594619076,0.8139366932623503,0.7526889059701531,0.6992204902008764,1.0786808253350397,0.27299665939545625,0.7295323042663459,0.9062417779702217,-0.6584267332760827,0.012404476942440023,0.23938265657256289,0.24021365970182754,0.947552148643829,0.7336634909214718
2021-09-02,36830.87109375,14.239999771118164,0.0,0.0,1.0,0.37274889055515387,0.18370886986475993,0.6799874183132258,0.8271507139934168,0.9654630385564903,1.085469586339058,1.0270614179981887,0.6125033138634389,0.748964476292865,0.8966545508921259,-0.573242869141843,-0.013984284866561102,0.4358521020664349,0.47084253143147253,0.4456205137644466,0.9161110852691746
2021-09-03,36760.72265625,14.539999961853027,0.0,0.0,1.0,0.437882355078466,0.2394172908142963,0.7226696274721413,0.8382242288395494,0.8511211847361658,0.801057771349598,0.9228120063550311,0.8931101710474136,0.7649609669889543,0.892306392307785,-0.5136982015538261,0.006638691684147974,-0.16751554943824182,0.18733676485597506,0.29036838263434456,0.8507312321584349
2021-09-06,36591.92578125,15.109999656677246,0.0,1.0,1.0,0.45474755424407826,0.28755433004165876,0.6249943406917072,0.8461207163948935,0.5765848038755598,0.5629106055967994,0.8742177642400687,0.735744203349609,0.774976931671606,0.8922976263890232,-0.4844829073013377,-0.036563470809124296,-0.35010630206613574,-0.36027867450564455,-0.045654873545262785,0.11755482024532539
2021-09-07,36468.375,14.899999618530272,1.0,1.0,1.0,0.4407574713545532,0.3231023108095369,0.46258806658660534,0.8517116629870417,0.3798706039189454,0.38859891658459755,0.6257845552528792,0.30403661072068505,0.7807204509329245,0.8921694965423884,-0.46739613535766944,-0.027212035592339166,-0.26746499712087834,-0.4299183149991914,-0.4465629793416442,-0.046242618111887776
2021-09-08,36767.7734375,14.40999984741211,0.0,1.0,1.0,0.46962561876039804,0.3576519791928523,0.4497092484214801,0.8605346944743165,0.6836279094137959,0.8110053700301451,0.6293308572701471,0.5559871898831725,0.792428832268282,0.8897358157206124,-0.42623314456700395,-0.040034879717079,0.5153720786183321,0.17310255888481918,-0.057300176329612824,0.07517873222212203
2021-09-09,36682.7734375,13.9399995803833,0.0,1.0,1.0,0.4709653291416873,0.38557532580550086,0.36422579203282573,0.8674486699476627,0.5425296689811867,0.6910830723632727,0.6750241237607831,0.48695972832911616,0.801858688763052,0.8915923205765603,-0.4043791307607077,-0.10354011817460691,-0.19515268666326974,0.22348606194844547,0.031027209012284528,-0.20243137669749522
2021-09-13,36471.375,14.029999732971191,1.0,1.0,1.0,0.4307368528762624,0.39939777825456074,0.18231594627040712,0.8710461040669727,0.20101028389121325,0.27783618503184965,0.6355373982747887,0.35642846690705265,0.8065928596161086,0.893788124047034,-0.3971457575516245,-0.13028203829006058,-0.4298365086110184,-0.4350867239170346,-0.06152856018773841,-0.31783929649229253
2021-09-14,36612.625,13.579999923706056,1.0,1.0,1.0,0.41415695165130956,0.40694583430182146,0.10137253456458804,0.8760769651923755,0.3635826857111676,0.36593977730089333,0.47687227114227193,0.01307008838992099,0.8122161290337164,0.8938372311138324,-0.3810418849686021,-0.1892329669235112,0.22340302466341935,-0.14345860651247436,-0.22795812731681728,-0.06552427526984166
2021-09-15,36851.8203125,13.729999542236328,1.0,1.0,1.0,0.4317803682599879,0.4167150935338147,0.13002736482244623,0.8836362746693488,0.6230918295815184,0.8060756090563348,0.5178669149695121,0.10607388304332224,0.8225985110842579,0.893106377290517,-0.34894417327031324,-0.193080412029012,0.40264445832519563,0.43657136463096424,0.11280100014466123,0.22928990401546182
2021-09-16,37668.1640625,14.40999984741211,1.0,1.0,1.0,0.5672542656082138,0.4532098414517183,0.47480192084549183,0.9007401382193251,1.2997723935568573,1.2640131398699255,0.8694373227267537,0.48697547493366367,0.8550137409802172,0.8832781730252482,-0.22693869399239816,-0.07223467564257516,1.445553862500991,1.288103283508054,1.1818198000288884,0.6385227195992355
2021-09-17,37811.5078125,15.229999542236328,0.0,1.0,1.0,0.6871082113193346,0.5077782923078382,0.7079633413699008,0.918017428416317,1.3944184555628814,0.9233059983795621,1.0681374329386326,0.4179465213859319,0.8849776773030698,0.8821119653324281,-0.13805420938797167,-0.0054331991641716525,0.2188511737043643,1.1600455647023982,1.1792251326335284,0.8206634241114357
2021-09-20,37145.265625,17.489999771118164,1.0,1.0,1.0,0.6653535418070916,0.5468276671042206,0.50775811327225,0.925272111057604,0.41207371649371294,-0.28047059711845196,0.6807855577220033,0.07925760850251459,0.8847909476487095,0.9105320611448766,-0.22210003085127536,0.06464620912959868,-1.2424177068931666,-0.7127949370667237,0.24149909506518907,0.4631689026906692
2021-09-21,37235.41796875,16.520000457763672,0.0,1.0,1.0,0.6524945956365229,0.5753449739334408,0.3718882289061235,0.9329694230378178,0.4895265123719296,-0.12981650460465838,0.183887659177497,0.22854187172433138,0.8827417307586568,0.9408947701124821,-0.3166165526570454,0.15111953271440087,0.1257832470239978,-0.7776398872467476,-0.5108027303105728,0.4202211508079304
2021-09-22,36944.21875,16.489999771118164,1.0,1.0,1.0,0.5864556793238958,0.5841786165209357,0.11795735865695704,0.9362721964744137,0.11254346712309694,-0.6164411692186267,-0.36502958827981796,0.13347018040272088,0.8826250465999542,0.9574897745350395,-0.3651898762411553,0.11976299537636509,-0.5701483714633769,-0.3092371504670166,-0.960551945128334,-0.007758364177182271
2021-09-23,37771.26171875,16.600000381469727,1.0,0.0,1.0,0.656311153516763,0.6060336851479202,0.2859414293811252,0.9496594374881602,0.7832775537115265,0.7656350225270268,0.00790528659392112,0.4319260086576869,0.895238515333038,0.9735068638224806,-0.3757484445630779,0.22373002693054075,1.4610704629908073,0.6211223845934126,0.5805030391504382,-0.0009318468052443586
2021-09-24,37829.859375,16.920000076293945,1.0,0.0,1.0,0.7103404224065439,0.6349555434310612,0.3771071811038993,0.9625084944485195,0.8239730573000206,0.8635578979462141,0.3620415722240792,0.5152708366699389,0.9046211316189801,0.9932676832712953,-0.4061821238446917,0.18406390368757714,0.06659524058747214,1.0647726223674627,0.5467644146043451,-0.06791673651000417
2021-09-27,38170.8046875,18.049999237060547,0.0,0.0,1.0,0.795996956033639,0.6762262124993118,0.5364141186078459,0.9784207870087158,1.0543094640212118,1.0619858054021767,0.9603979351093569,0.8363835471724047,0.918724020180625,1.0125117231932428,-0.4216103837553866,0.1749519868131928,0.569279497996091,0.4434184914789698,1.196266423533805,0.7291381628532108
2021-09-28,37944.55859375,18.540000915527344,0.0,0.0,1.0,0.8157770185412784,0.7134301163873605,0.483950450836141,0.9899728651705373,0.7515547265274917,0.6447249089109323,0.9172936851697862,0.6223092919431369,0.9330278720789882,1.0189010039971464,-0.3995835501267807,0.32782184528533426,-0.441031240756022,0.08973043731367665,0.11202150475910948,0.4797685312746681
2021-09-29,37742.5625,18.84000015258789,0.0,0.0,1.0,0.7875532530052071,0.7372183690706764,0.31088064312443775,0.9978849004721811,0.49092679458566024,0.32188741627627304,0.7241890793721073,0.366519178517972,0.9406014877489203,1.0286007275958517,-0.40603289016457494,0.3231731745433622,-0.3999088789606782,-0.5855502341324319,-0.1538973576293725,0.5546652751666308
2021-09-30,37424.66796875,18.399999618530277,0.0,1.0,1.0,0.7037164050057415,0.7385010097280996,0.020544983206471495,1.0010462876596469,0.10539609152338485,-0.18618316808877897,0.279218962389192,-0.2753602275770395,0.9426752847526849,1.0378028822095038,-0.4264906723530202,0.30583777675946455,-0.6112695744839514,-0.704163559507455,-0.8268394672333323,-0.3570592533904265
2021-10-01,37225.46484375,17.209999084472656,1.0,1.0,1.0,0.5960299440345338,0.716730282823236,-0.27685704597751726,1.0014018634562671,-0.12169974088885899,-0.6698660798314063,-0.18943049010386973,-0.4646612618440104,0.9435883308812576,1.0421218039328852,-0.4362455392562813,0.29519209834032617,-0.3998627473911161,-0.7041314173996772,-0.803372409895345,-0.5622771141135552
2021-10-04,37579.2109375,16.739999771118164,1.0,1.0,1.0,0.5583127546562356,0.6913291069289524,-0.32369197772383457,1.0061714838066569,0.20907226266855305,-0.05370535309616859,-0.3233286738234661,0.10485478292086177,0.9476844859428073,1.048777170667101,-0.44370328358620387,0.25408558101527473,0.6021755200378314,0.14133478677065273,-0.2321595690376317,-0.5478045325656241
2021-10-05,37740.5625,16.399999618530273,0.0,1.0,1.0,0.5454248190887915,0.6682798362537907,-0.29335101418670884,1.0125156460580051,0.3508415985132969,0.20944147550609218,-0.18228916100063844,0.14432596966146938,0.9518970359397959,1.0597232943897479,-0.46301509718101813,0.2090225064975512,0.2517831435874302,0.5953681669343991,0.2598017821142477,-0.24300133592768805
2021-10-06,37521.11328125,17.329999923706055,1.0,1.0,1.0,0.4919278638993888,0.638515305242533,-0.3799818304896972,1.0154963065077356,0.07977767768671713,-0.1789720382328884,-0.007286269761176726,0.1872584015422365,0.9494155060665279,1.076388550098766,-0.5172544559196367,0.23715856265694596,-0.4333651075085647,-0.12614334404241526,0.24070460994267046,-0.25772037993037306
2021-10-07,37752.76171875,16.15999984741211,1.0,1.0,1.0,0.47854813626492365,0.6118712398485183,-0.3397259848281216,1.0211057801253773,0.2964035941209873,0.2310334476559491,0.0942226286100765,-0.1501812675389146,0.9524417901027683,1.0863881122623371,-0.5370499320764757,0.1873723833409899,0.37846176875574467,-0.037880185821172266,0.1131822500132263,0.17771122202474368
2021-10-08,37774.8125,15.649999618530272,1.0,1.0,1.0,0.46361194573891323,0.5873940493095187,-0.31177202204468035,1.02645827879519,0.3171073433685987,0.27006216452624837,0.11583380118187978,-0.1704071597136981,0.9530654454640021,1.1003311517149081,-0.5746517241308887,0.149776469129523,0.0011514438012393876,0.2648686249355785,-0.029684004951874895,0.3541371308032396
2021-10-11,38293.35546875,16.09000015258789,1.0,1.0,1.0,0.5261276769865945,0.581046654050978,-0.07788697724457269,1.0378210364997253,0.7664940020522392,0.9277294087163984,0.5103709854678123,-0.07264950551792217,0.9579154874756417,1.1196099157138248,-0.6152791799558993,0.21091766264458883,0.8850043428557073,0.6178014682165883,0.7218191217261031,0.47856747065238825
2021-10-12,38521.05078125,15.850000381469728,1.0,1.0,1.0,0.6026263034877316,0.5921632240339144,0.14740846761314888,1.0509646068574505,0.9385964523265755,1.1690006012029295,0.8447546810283681,0.17841079186985007,0.9681502227485336,1.1344125932184987,-0.628113706956407,0.18189741271386348,0.36313040012875913,0.8700098092263455,0.7130798632001654,0.5275546171343718
2021-10-13,38635.30078125,16.100000381469727,1.0,1.0,1.0,0.6712713940003793,0.6155884006722769,0.3061967481479037,1.0642929575993565,1.0231290644013369,1.088774173238871,1.1366241202063578,0.3556751100650186,0.9824064705649419,1.1433395625568585,-0.6132536759855024,0.0982904555374075,0.16218329666916673,0.36638523735841455,0.8048719939200915,0.7895657148369944
2021-10-14,39340.44140625,15.770000457763672,1.0,1.0,0.0,0.8264077940312603,0.6671703641533723,0.6694358939995778,1.0852181915157513,1.471815073353117,1.2907688925764018,1.2660470789831595,0.9326359454896925,1.025641389019473,1.1204736943905638,-0.4291747577947811,0.1596999546200848,1.186585659181809,0.9401265589219205,0.9767807878504201,1.1450992468302255
2021-10-18,39684.33984375,17.18000030517578,0.0,1.0,0.0,0.9904235345875223,0.7431574818055463,0.9842767671785801,1.1084746331270068,1.6498413910020888,1.0551767111060395,1.225469055680588,1.2440605710277557,1.0726208954814533,1.0963720909081578,-0.23217228492398637,0.17689795001676722,0.5510867675851114,1.2110945185176298,1.0839205564361212,1.3870429021893587
2021-10-19,39540.0390625,17.3799991607666,0.0,1.0,0.0,1.0823369527278828,0.8234049184882767,1.0392373937002926,1.1277017760490993,1.430689130568843,0.8436060762421945,1.138067045922267,0.953345456837193,1.1041146292964896,1.095441709385654,-0.14362970361623933,0.19592959249903535,-0.28512043315293895,0.18568531858099224,0.8289463900951534,0.8722473375293252
2021-10-20,39517.73828125,18.309999465942383,1.0,1.0,0.0,1.1360021126256474,0.8989635906419898,0.978749567723111,1.1448173584343788,1.3957654439362772,0.8202957629646942,0.970344175087618,0.846713406331729,1.129845552229278,1.0990352603640732,-0.08396585878978151,0.17301069475568162,-0.07660615033305967,-0.2516588604780749,0.1088958805948499,0.6787855542750416
2021-10-21,40029.734375,18.040000915527344,1.0,0.0,0.0,1.243567637948217,0.9821817661505919,1.0775616755043647,1.1667405875092787,1.6813188016349498,1.1677338302245794,1.010470596690101,1.2609344746419338,1.1625945547926,1.1060239662043234,-0.015333619157628391,0.23900837996868007,0.8334660332685104,0.5277147247555859,0.26985903171418524,0.9741159177709394
2021-10-22,40323.1796875,17.549999237060547,1.0,0.0,0.0,1.3575815689804243,1.072892648816049,1.1742220140214765,1.1902655930007822,1.823172737994695,1.0681863166277341,1.0905330705688663,1.2866355367105904,1.2045914649341631,1.0962093717043764,0.12464277797610518,0.23565898881772473,0.45628921092552077,0.8990088363205049,0.692480828298001,0.6528225137190199
2021-10-25,41191.91796875,17.610000610351562,1.0,0.0,0.0,1.5663088407506618,1.1896481733883646,1.5102132453043797,1.222473404931757,2.1614211171324245,0.8679233423374494,1.1075122216415245,1.755431016405577,1.2692252932185202,1.0735482005117667,0.3595997414424085,0.5175159254991328,1.405277170646066,1.297417461484926,1.5371908970727672,1.0286229752483407
2021-10-26,41237.8203125,16.75,0.0,0.0,0.0,1.7167631802321695,1.31490323970963,1.6198623434867594,1.2521909700147873,2.1768067006889305,0.8929618987392746,1.0095564952187805,1.4711580367962496,1.3242644756592514,1.0569780450500093,0.5503425460375054,0.488551478562332,0.03703532148467646,1.0053028894375617,1.083205733867915,1.170355170837651
2021-10-27,40873.875,16.829999923706055,0.0,0.0,0.0,1.7550458522617038,1.4232115977959692,1.4012398188842783,1.2745021396359686,1.627505383607896,0.5866254762055453,0.8378808743308971,1.1398297513331657,1.3606734383586194,1.058051449566981,0.641580250954609,0.47934576130089923,-0.6387890311869667,-0.41889743123515155,0.4589841071629174,0.9230232114387705
2021-10-28,39508.48828125,17.90999984741211,0.0,1.0,0.0,1.5466689954675217,1.465745647424813,0.5527124724746632,1.2775204279831764,0.11248951533295524,-0.4944223260544447,0.3522069597325861,0.33362089530490463,1.3662959093898444,1.075773209046811,0.6059915993551309,0.7662923342352257,-2.3395108029025184,-2.074752681623073,-1.6756374665471303,-0.4729256954817404
2021-10-29,39115.1484375,17.43000030517578,1.0,1.0,0.0,1.3011068946123376,1.4477882668423085,-0.22766263083679095,1.2753055101429258,-0.21233006697611834,-0.841426953771469,-0.26609971747722055,-0.25990808541617244,1.363724710214635,1.1010557673532275,0.5281991976834162,0.9629876676363074,-0.7160688884556747,-2.1285973161094383,-2.104925454317282,-0.988703809174332
2021-11-01,39763.2890625,17.239999771118164,1.0,0.0,0.0,1.1938795971224458,1.4107227262156412,-0.4741691577358357,1.2814510839924824,0.22403021327566192,-0.5013786421938008,-0.653971335923245,-0.09823569978572239,1.3621697442798113,1.1366004065284179,0.4247181285329646,0.964945302746189,1.0746733966068218,0.2502308389749894,-1.128209578826933,-1.134152704903047
2021-11-02,39937.984375,17.059999465942383,0.0,0.0,0.0,1.1213990494387915,1.3657264204687873,-0.5764807021708291,1.2892079373016692,0.33252106773113127,-0.48541650564638317,-0.6507607762589599,0.07095336451343925,1.3637133767052543,1.1665114153046132,0.3455222910604063,0.8976545403779338,0.258509369539948,0.9292669026373702,0.35272604375102545,-1.0367153546615926
2021-11-03,39401.59375,16.1299991607666,1.0,0.0,0.0,0.9645368132291835,1.2965222003417536,-0.8887770657943128,1.2894816102003546,-0.11687475602402929,-1.0019077860401842,-0.7079719201222816,-0.20149904437174485,1.3585079295344697,1.1941553400599323,0.25561447933616765,0.9368205773719164,-0.9541937229230885,-0.48434347830118357,0.21698901071184487,-1.1754774249192341
2021-11-04,39573.23828125,15.75,0.0,0.0,0.0,0.8552997222069126,1.2180337219620558,-1.008549469385682,1.291887431511927,0.0022023178012585093,-0.8366310276741961,-0.8274888255688129,-0.37885836326112243,1.3474712601382117,1.233124726446053,0.1199301172263649,0.8161984387942238,0.25600772923890247,-0.48608649274747345,-0.24967062597870585,-0.033580888981384394
2021-11-08,39437.79296875,16.34000015258789,0.0,0.0,0.0,0.7360661886211717,1.1300016257690553,-1.1316677641755435,1.2923610737954314,-0.11299705098460165,-0.9670515078540343,-0.9991908850071278,-0.5999759352493879,1.335374114633461,1.26829691873549,-0.007479932505842864,0.8271100545794361,-0.2706047236288199,-0.009796795706258438,-0.5512787186691424,0.16240075414737948
2021-11-09,39368.34375,16.0,0.0,0.0,0.0,0.620794217136864,1.0351732838825947,-1.2193433393212132,1.2919163713597972,-0.17402027593861027,-1.0339242573815575,-1.0106047026077256,-1.0674849176900079,1.3187505730263378,1.306980013028981,-0.15563830768344103,0.7156929354933556,-0.15776994781397669,-0.2980958242883338,-0.09729750954009792,-0.3798118204523761
2021-11-10,39022.796875,16.309999465942383,0.0,0.0,0.0,0.4662854401426947,0.9266016537597672,-1.3966398578499128,1.287169207408698,-0.4730677433742821,-1.3666518249165545,-1.1995562157131094,-1.2653424948668262,1.3102506447595914,1.3256185410384669,-0.22809383179469012,0.6596276934804036,-0.6354924469208725,-0.5523308446883893,-0.6054746139419911,-0.7731272850491587
2021-11-11,38559.75,16.350000381469727,1.0,0.0,0.0,0.2642182504003786,0.7969674468155601,-1.6683595131062399,1.277051926559934,-0.8358719614599319,-1.739682147177515,-1.47499772504882,-1.3261638917674552,1.3096770626356429,1.3267356281345548,-0.23259983170384912,0.6622901171905893,-0.8468731351210996,-1.032462544659406,-0.9339618319388474,-0.7259116686209475
2021-11-12,38732.90234375,15.220000267028809,0.0,0.0,0.0,0.12778341391807654,0.6643773133430055,-1.7064927075418934,1.2700753675983865,-0.6744164828519115,-1.5768111754392702,-1.6685359883506234,-0.5512324042390617,1.3084675397643768,1.3293050364059178,-0.24267540913003913,0.5680063037476201,0.26505757608808206,-0.40500555212118783,-0.6929397070935649,-0.7219301949231581
2021-11-15,38701.90234375,15.470000267028809,0.0,0.0,0.0,0.012045901983261319,0.533803988381146,-1.6804746890491224,1.2633734571021655,-0.699959969782654,-1.5546817910701638,-1.7355683516064238,-0.3612779663462024,1.312141520533113,1.316928524361547,-0.19974065655307074,0.52715949962862,-0.09262458493408349,0.12051609002523045,-0.3834916267065827,-0.6436279592332504
2021-11-16,38306.65625,15.199999809265137,0.0,0.0,0.0,-0.14374833349782173,0.3963642448244055,-1.7690555359829525,1.2523401049632308,-1.0177330239972917,-1.8408031850864395,-1.7716178297006602,-0.9074592173359429,1.31853367879928,1.2918304944512533,-0.11522187612506044,0.4901466080928617,-0.7336349231566143,-0.5753215381309624,-0.31894305094337544,-0.8969793463910091
2021-11-17,38041.109375,14.979999542236328,0.0,0.0,0.0,-0.30864366172454066,0.25150469754132265,-1.8647753772772475,1.2390186327738155,-1.2150135681085186,-1.8740746138704034,-1.8775917401107982,-1.1350629869308486,1.3273569717105704,1.2625694524468927,-0.012742792254023043,0.44421539398823917,-0.5095342139739982,-0.8658027499614462,-0.7604794897389713,-0.8415641112101504
2021-11-18,37975.80859375,14.859999656677246,0.0,0.0,0.0,-0.4471291022096623,0.10630018624932998,-1.8692256163136056,1.2261447976365434,-1.2633819371884094,-1.631616592551285,-1.9050188660386003,-0.8981013190743053,1.334296559969663,1.2347037323070473,0.08140967676776215,0.4046880952287497,-0.15475778042588603,-0.46247089526521484,-0.7958969447396808,-0.5370684521697945
2021-11-22,37128.37109375,17.520000457763672,1.0,0.0,0.0,-0.6870097188928621,-0.06064529314910834,-2.1496969189903896,1.2038415892182963,-1.8101408364050702,-1.4985247298993403,-1.7829971786869572,-1.4343742332274323,1.346630241540482,1.1830276966868767,0.25560198065344153,0.6983940412446277,-1.5668896040267086,-1.199181812077824,-1.2708726792122258,-1.343032313760215
2021-11-23,37272.3671875,18.020000457763672,1.0,0.0,0.0,-0.8468401953875583,-0.22803721807145658,-2.155456329383348,1.1854730643163347,-1.6395579500365596,-1.3578674176032963,-1.5989701908441438,-1.2903592129634112,1.343289231165907,1.145747218443171,0.3503861632157582,0.7355297579943616,0.22376938217914794,-0.9354435310564007,-0.8528715300191557,-1.2038350125025912
2021-11-24,37441.515625,17.100000381469727,0.0,0.0,0.0,-0.9381550190642727,-0.38128178025888854,-1.9729470116622772,1.1709807500206122,-1.43862260901607,-1.2000806736490321,-1.4451283694285624,-1.1654037018461587,1.3079029907078155,1.1326302841838527,0.2949287002222776,0.7257566508883734,0.2682722375170961,0.34320296330331784,-0.6117339785725956,-0.763046668309676
2021-11-25,37364.31640625,16.65999984741211,0.0,0.0,0.0,-1.0136992781420398,-0.5198698800214243,-1.7838700078776448,1.1568979737734009,-1.4922234802885062,-1.1798835712062061,-1.3315333380902172,-1.0304013603599869,1.2619873297221966,1.12887999933094,0.18501842503778573,0.6373014105348357,-0.17818713812000997,0.06314030946500661,0.17986070292274844,-0.6172707574751518
2021-11-26,36025.08203125,20.799999237060547,0.0,1.0,0.0,-1.2755691397515483,-0.686177274862717,-2.141465252116845,1.1273172389212807,-2.2220935790831007,-1.8355986711588004,-1.5018437177709756,-1.5171925938728945,1.2439371938875128,1.0829523873019156,0.26639857754683116,0.8768630509572456,-2.5105361084230817,-1.8729905916902503,-1.3787609147979696,-1.6536937607653812
2021-11-29,35976.03125,20.82999992370605,0.0,0.0,0.0,-1.4764433719603476,-0.8617475487297801,-2.260961851080398,1.0999369654877331,-2.243258189913032,-1.439049326456949,-1.5870356362159495,-1.6312353282581404,1.2511828171267123,1.0281628985092057,0.4409361987545484,0.9669525951601396,-0.1306763131348029,-1.8398874895898014,-1.6061714355102805,-1.0218327428499012
2021-11-30,35694.88671875,21.170000076293945,1.0,1.0,0.0,-1.663936548030432,-1.0418954039928434,-2.320015349110439,1.071629300886459,-2.3650324682516364,-1.6318287596768688,-1.748153327533978,-1.7678527471726124,1.2614362769969576,0.9717272498040491,0.6297443563714917,1.1190541285463231,-0.5697581334878267,-0.4876530992463604,-1.8293765676179887,-1.3709446101282674
2021-12-01,36364.4765625,19.450000762939453,1.0,1.0,0.0,-1.6884872106431907,-1.1912109758516687,-1.9222607206805038,1.054436848224616,-1.5897137603378064,-1.0443901965218876,-1.4660888514940182,-1.2022222655233894,1.2410277080475962,0.9476453600287489,0.6455807120441666,1.1107805202350278,1.2203336643726186,0.4536612483381947,0.2973112881341486,-0.9520858611485692
2021-12-02,36507.82421875,18.09000015258789,0.0,1.0,0.0,-1.6683015592297523,-1.30639020298156,-1.4818817537517266,1.0406841871556314,-1.4387860174575513,-0.9204321682213426,-1.2812027163067168,-0.9844257212451312,1.2086500224573147,0.9356620937982267,0.594614195197486,0.9970010682129175,0.22806276787043075,1.0095418663606825,0.5018014186984866,-0.7733565033609278
2021-12-03,36196.7265625,18.450000762939453,0.0,1.0,1.0,-1.685149187345689,-1.4021001674247044,-1.2307167899298381,1.0243296444798702,-1.6231519540313308,-1.1894498353844267,-1.1234953819042004,-1.1214913057889198,1.18699942626483,0.9154712554659021,0.5957649247915723,1.006785557566626,-0.6180108257227976,-0.2713221340092322,0.4742961931524973,0.05925865146414217
2021-12-06,35735.484375,20.07999992370605,1.0,1.0,1.0,-1.7545590851080228,-1.4933619665962257,-1.1733328361819848,1.003733141205573,-1.8732604195858735,-1.5475411274609479,-1.302867833355092,-0.9259564782066635,1.159783016853482,0.8926426481975142,0.5897383177711418,0.9758208871154055,-0.906982791293793,-1.0621635695215388,-0.7383266929626933,-0.28227683258593506
2021-12-07,36617.97265625,18.459999084472656,1.0,1.0,1.0,-1.6518999168493422,-1.5446388264263629,-0.6575035515971183,0.9961943816527113,-0.9996791100320036,-0.5894523897336282,-1.1848741050374059,-0.5077819370589755,1.1228870516619498,0.8935419950466156,0.4877618846494893,1.078318233453322,1.6138425074794815,0.49287717719728247,0.051601962404315097,0.6783967195058138
2021-12-08,37284.265625,17.270000457763672,0.0,0.0,1.0,-1.4497816878335876,-1.5428726066125105,0.02678343934544945,0.9977513890564673,-0.47173459347951335,0.25990217679540356,-0.6681825768019822,-0.22791654560138003,1.0841040017615031,0.9062482100890685,0.34527255713125193,1.077865427349148,1.1828999984471666,1.9490001426121664,1.0781655822287828,0.661927804752017
2021-12-09,37082.01953125,16.600000381469727,1.0,0.0,1.0,-1.3093691105637393,-1.5117347893169535,0.40569435844797225,0.9966171216675761,-0.6116119684155026,0.03241253298241023,-0.1049317830021802,-0.2982195298478326,1.0502476943300538,0.9157171568340466,0.2249735958788512,1.0013674046858299,-0.40678519185893997,0.5411305663835346,1.3632905597745355,0.38262689547896017
2021-12-10,37105.21875,16.059999465942383,0.0,0.0,1.0,-1.1832560479349614,-1.4601268502474158,0.6697709944004715,0.995882580525533,-0.5928889473788123,0.33076584249604485,0.22312445228447236,0.48829427822401367,1.0264342687123298,0.9211817716283653,0.14347255747022142,0.8749949860222354,0.003962857522539891,-0.28029226847970407,0.4456194242793944,0.656263775950928
2021-12-13,36924.8203125,16.56999969482422,0.0,0.0,1.0,-1.1019746399254176,-1.4016335150274921,0.7585966629856684,0.9929497139047884,-0.7273938528148245,0.1002228736485738,0.1661990521903882,0.4126541500534366,0.9933000210278154,0.9316690645821536,0.0211299061511604,0.8748739923842662,-0.36848224518277095,-0.253604742953385,-0.4387067457774625,0.893176708989201
2021-12-14,36893.51953125,16.950000762939453,0.0,0.0,1.0,-1.0331699668315966,-1.340273143136691,0.7955831258683713,0.9899026002499884,-0.7514599551548302,0.3363300450514189,0.2745451285395478,0.5636610456898169,0.9558788584988241,0.946635696135887,-0.12684213705524158,0.8070338761945504,-0.09583324832938417,-0.32313754273685,-0.26145646305551157,0.14100607373491678
2021-12-15,36789.125,17.219999313354492,0.0,0.0,1.0,-0.9864815798832663,-1.28130108074827,0.7647725256205659,0.9858330589381391,-0.8353090271664902,0.18451154405671938,0.22240571979925158,0.10475372365439298,0.926530048316261,0.9570473442879229,-0.23955460398552847,0.6979811386079322,-0.23031357570969777,-0.22686871191619543,-0.3949998124044694,-0.48073623512799396
2021-12-16,36548.22265625,15.899999618530272,0.0,0.0,1.0,-0.9792362936295278,-1.2325896295976468,0.6324045930595578,0.9791220512516858,-1.02759695776808,-0.16582704433782186,0.12755937636019213,-0.11673373372799481,0.9011094633640163,0.9636801380943055,-0.33064605716160883,0.7268422786937688,-0.48335409578209737,-0.4968733305115134,-0.460479602510972,-0.5144226700610075
2021-12-17,35618.234375,16.34000015258789,0.0,0.0,1.0,-1.1119287490986898,-1.2217109878912409,0.144339052611232,0.9613567628582076,-1.6423140395304323,-1.7939263883888752,-0.6318734204192276,-0.4747776708231415,0.8802903638818914,0.9539439038349841,-0.36154082213269856,0.8263699513423707,-1.7840885217483853,-1.5794638916279364,-1.4228267778451735,-1.3010746052270523
2021-12-20,34439.453125,18.96999931335449,1.0,1.0,1.0,-1.3920839188125746,-1.2723159240187665,-0.6488353398023132,0.9304617260472633,-2.18673276073726,-1.5535317509612636,-1.2514829001697878,-0.8998062412262819,0.9048217045046059,0.8923506280814898,-0.1119065648069955,1.0943395008399621,-2.3177932478552954,-2.8576068530908976,-2.612741714102745,-2.158672597247864
2021-12-21,34607.44921875,17.540000915527344,1.0,1.0,1.0,-1.5716388209755654,-1.3508110048375241,-1.0086346447410197,0.904621411714166,-2.0125687339736915,-1.399017127100791,-1.6911130680744417,-1.2903172110548267,0.9096809927018841,0.8516516213710525,0.02201239953314939,1.0608001941414402,0.2911812512525233,-1.4116654870334657,-2.1712374492259303,-1.9884058428565212
2021-12-22,35029.09375,16.579999923706055,1.0,1.0,1.0,-1.6302248870527218,-1.4260095305744334,-0.9661071411990948,0.8865437254347908,-1.590445929234941,-1.0112090257655832,-1.4120756590312276,-1.4072422634688941,0.8967671314606396,0.8329148514202271,0.04112885815147075,0.9828628893268333,0.7817970388482351,0.7479697910795869,-0.7086193485460012,-1.5431284963695744
2021-12-23,35190.73828125,15.829999923706056,0.0,0.0,1.0,-1.6344761604872278,-1.4870683305763104,-0.7836963452777664,0.8722201987319391,-1.4341750733125436,-0.8625362597049369,-1.1657369411899752,-1.2085458748407958,0.8797066841034807,0.8217068650520225,0.02610032295656277,0.8935373914909688,0.2734235727994668,0.7355971529896084,0.7684381955927506,-1.2101846982317002
2021-12-24,34856.64453125,16.149999618530273,1.0,1.0,1.0,-1.6744909505836072,-1.544386358819577,-0.7354381847847737,0.8550600118361845,-1.616401670530935,-1.1698194170871887,-1.0840283472391676,-1.4096320532379756,0.8842974437388568,0.8012893879669007,0.10020832227900035,0.8997202261615002,-0.684468730887846,-0.2860215096431811,0.2122936247979672,-0.726407751743714
2021-12-27,35057.4921875,17.1200008392334,1.0,1.0,1.0,-1.6574891547722361,-1.586641561924094,-0.5411188624816725,0.8420595332478792,-1.4126376695806022,-0.9850895262546749,-1.0747167900704313,-1.1995035110220957,0.8857493329056909,0.7874945488490015,0.14573106021169505,0.9553632745493066,0.350742660359551,-0.23214954150513975,-0.0334180102167637,0.4476127269705086
2021-12-28,35183.390625,16.479999542236328,0.0,1.0,1.0,-1.607860336027022,-1.6099394806155787,-0.2965587201501562,0.8318802088096097,-1.2838783320938232,-0.869294276015806,-1.0771260113956573,-1.1111266920518754,0.886769673382648,0.7795912267952071,0.17239935916308674,0.8279664397495847,0.20439476345917598,0.3871648782274863,-0.0727661353085196,0.4094310732661632
2021-12-29,35044.9921875,16.239999771118164,1.0,1.0,1.0,-1.5750229996293799,-1.6216262686571037,-0.14676829117753692,0.8209301588476594,-1.373969821537956,-0.9965864173736442,-1.015368741518771,-1.1332487601214534,0.8833157824767791,0.7655682734573803,0.20486783829982894,0.7616290462689678,-0.3053404537992516,-0.06996013109706009,0.1433463402690885,-0.06885429498282356
2021-12-30,35063.1953125,16.56999969482422,1.0,1.0,1.0,-1.5309550786101007,-1.6216466774987015,0.00373487665310076,0.811251852019475,-1.3532665946265914,-0.9798440696816452,-1.0134987451685158,-0.991256063406771,0.876404087287966,0.7534889986801211,0.22174091047933883,0.6820996851591123,-0.0032256264831719826,-0.2146193528330855,-0.05842431986995177,-0.19056591384388108
2021-12-31,35481.28515625,16.219999313354492,1.0,1.0,1.0,-1.4153637477081735,-1.5971927323910742,0.31946846775647464,0.8077522387436704,-0.891038654544286,-0.41459155593475694,-0.8513979985195846,-0.2204791923603828,0.8718978535143922,0.7486397397543532,0.22360569771549887,0.6399505601125319,0.7644147220633379,0.5307310977240206,0.260800878936655,0.44686933287639824
2022-01-03,36421.4765625,16.450000762939453,1.0,1.0,1.0,-1.1625025390623553,-1.5240997609522462,0.9469405752197009,0.8164076376355521,-0.06386721852467032,0.5662675522158347,-0.29424321543725895,1.065910479909982,0.8785171545454185,0.7508855087266708,0.23563186338520165,0.7440948320762099,1.732923907817807,1.7403909029054152,1.4226618734615828,1.0549589916347557
2022-01-04,36839.71875,16.1200008392334,1.0,1.0,1.0,-0.8875015255826499,-1.407408650786985,1.5093822614875956,0.8294975783980078,0.2329154394663379,1.0026006821456779,0.41249496814823533,1.211563414392233,0.8825719852423305,0.7496085406144026,0.25102084617504955,0.6915278925700235,0.7349254438930115,1.7198442888138965,1.8434262026070463,1.2883655879252973
2022-01-05,37695.4609375,17.229999542236328,0.0,1.0,1.0,-0.5291146135315434,-1.2381865325357309,2.1870632275175743,0.8521007318761943,0.742391591076443,1.1936261994832662,0.9858218637534828,1.4549477798414714,0.8941160286286195,0.7430311923541476,0.3037008817828422,0.8207134811405105,1.5168613513082077,1.5693029991089051,2.272339353150383,2.090041978698427
2022-01-06,37489.8125,17.979999542236328,1.0,1.0,1.0,-0.2772991897739643,-1.0495004115102042,2.4381603353683663,0.8699654355357813,0.550533487138857,1.0183248415642991,1.1469795188438596,1.2289376526514122,0.9040936041516786,0.7380466209808384,0.3470578909046461,0.8169306059655355,-0.4089021892866108,0.7723426655796444,1.0514456132888226,1.9115648628389454
2022-01-07,37739.1640625,17.600000381469727,1.0,1.0,1.0,-0.03990887293277152,-0.8482968319130606,2.599642928719085,0.8892640188046829,0.6934375748610243,1.0036344770425056,1.147348064966979,1.5927676868716736,0.9200801747313269,0.7298002596576775,0.41721409747090404,0.8173224354444987,0.410587073733668,0.0015475810267396538,0.8665647369843532,1.755898640100274
2022-01-10,38347.453125,17.68000030517578,1.0,0.0,1.0,0.24022659122864196,-0.6280302903378198,2.84556637392619,0.9143731059912892,1.0118109813594356,1.2943121474645756,1.1832424342417358,1.826351451137581,0.9568596781852222,0.7103490813815208,0.5796122126645011,0.8037798465235204,1.0445642252177694,1.014248310468786,0.5973437178838874,1.4530552863324349
2022-01-11,38441.75390625,17.760000228881836,1.0,0.0,1.0,0.4693919216055642,-0.40330357457859445,2.903105249721541,0.9382765643816049,1.0582595022666845,1.2876868292483492,1.2792695248970145,1.8004984434544786,0.9936029467036693,0.692614483039541,0.7360144566641676,0.7347704850554097,0.12795159322641678,0.8173224273388997,0.9033636245314233,1.1860175715567254
2022-01-12,38727.1015625,17.18000030517578,0.0,0.0,0.0,0.686218537307984,-0.1776207813291715,2.9154392128561537,0.9634913881531715,1.198634958502046,1.2476518596168749,1.3662613069201626,2.0615069135267667,1.0368748900854088,0.6732610050147015,0.9146420261529746,0.6515877799758608,0.4624862974897323,0.41176043008882973,0.9329474630480595,0.7221460150160546
2022-01-13,38469.50390625,16.700000762939453,0.0,0.0,0.0,0.8050611739485177,0.028084015271506387,2.6577112810772223,0.9830658359984197,0.915505613161062,1.06489102427766,1.2844730665529027,1.895556392767434,1.0715119816731464,0.6627149270829512,1.0417160515183475,0.5569723544437948,-0.49040495394031813,-0.019078645463222497,0.05797714484711845,0.6862889315566504
2022-01-14,38369.953125,16.559999465942383,0.0,0.0,0.0,0.870770443483403,0.20655827038166427,2.3064212461971247,0.9995243257770251,0.8060414259064407,0.9511233849592755,1.1644887708700666,1.5658948695562396,1.1044201489303316,0.6650759271118573,1.1237312258402836,0.5023930668051043,-0.213890121680098,-0.49034298720190045,-0.13688106998046715,0.4115506326831537
2022-01-17,38215.703125,16.770000457763672,0.0,0.0,0.0,0.885453603602463,0.3524460470595488,1.8860364679848336,1.0124758420308935,0.6332171948944463,0.8278533195836564,1.0148313050660653,0.8922554195638563,1.1223073010361855,0.6968392865705175,1.0747309035239099,0.45683306044416,-0.3112184705385963,-0.36549505082288314,-0.5779118843233565,-0.18492500199141737
2022-01-18,38209.85546875,17.780000686645508,0.0,0.0,0.0,0.8834558409210325,0.4687333491726545,1.5041728996107484,1.02412035367822,0.6264082631497223,0.8204191040917022,0.9276774811571654,0.6393384420635787,1.1359743799377962,0.7306926510592444,1.0085584118518631,0.49889491058163765,-0.04876056254191281,-0.25044125713154397,-0.3261636805675873,-0.2626693894928591
2022-01-19,38040.91015625,17.81999969482422,0.0,0.0,0.0,0.8426241190479977,0.5531192610800661,1.0926261633116068,1.0325315909735404,0.4235127855786068,0.6225681151762068,0.8105480860706714,0.052093068553412315,1.1461532975542235,0.7603006926427072,0.9464516690017559,0.4782130580505178,-0.3385225683709385,-0.2694653498217045,-0.39720725135710294,-0.6150726714787381
2022-01-20,37850.41015625,17.790000915527344,0.0,0.0,0.0,0.7684242038363752,0.6049201333916074,0.672259946936964,1.0377464619230492,0.1984155904251423,0.34663335433319,0.6389939866019707,0.0616125292068429,1.151062411963409,0.7907135542400374,0.8683108958745506,0.46346788782137516,-0.37841685319411633,-0.4991529178846292,-0.43551198805998886,-0.5658035860436831
2022-01-21,37573.86328125,18.88999938964844,0.0,1.0,0.0,0.6553216936982489,0.6224174335324792,0.22972364744612783,1.0389874519416666,-0.11370590528337635,-0.35649308581567213,0.2194267918198316,-0.23169221725190087,1.143781383950579,0.8346442827989372,0.7178385648874049,0.4649443290746912,-0.5350583919758639,-0.6360889832384803,-0.7127137536313541,-0.7071013385977027
2022-01-24,36947.12109375,22.82999992370605,1.0,1.0,1.0,0.4576589289957051,0.5945707718597839,-0.3552401856320806,1.0322297635398079,-0.720791553727023,-1.1851624151447415,-0.4250260688379222,-0.9050359973619114,1.1309174711507801,0.873352858497584,0.5687779018765071,0.674378241471984,-1.1776543566697812,-1.1929566168420043,-1.191039584396943,-1.0882891917120334
2022-01-25,37706.3125,21.36000061035156,1.0,1.0,0.0,0.4151299575393767,0.5632902110596306,-0.39953950831280616,1.0356615345106108,-0.03954999546522999,-0.18215934956702512,-0.6135397687547671,-0.5407656261383551,1.1204445935527079,0.9180248918893531,0.4095229360525866,0.8850266393499914,1.3391877220869608,0.11292179075269418,-0.21196258260243106,-0.4776623290438653
2022-01-27,37981.66015625,21.06999969482422,0.0,1.0,0.0,0.4181279214978482,0.5389004206891198,-0.31064450835760604,1.0422286180492952,0.17140767554742903,0.1816152414581077,-0.42170506494314464,-0.5432223850007576,1.1020593472395737,0.9765016520594485,0.1899691075779456,1.0092064744988676,0.4543894520045039,1.2500460744874584,0.3520471099997305,-0.1288212484821375
2022-01-28,37688.9609375,20.700000762939453,1.0,1.0,0.0,0.36694618820489944,0.5085535981335229,-0.3874937346136943,1.0444899432488899,-0.1096126013901431,-0.20508330555070545,-0.07230852864819032,-0.5650409994534304,1.0681422523179367,1.0470667342914166,-0.10478420431907444,1.035854758614525,-0.5623560001230196,-0.07485190411815544,0.7027823600140128,-0.2097451456150107
2022-01-31,37974.91015625,21.950000762939453,1.0,1.0,0.0,0.36539025529067876,0.48394675464457354,-0.3134446215163412,1.0501313532579366,0.11823238595582858,0.1726975026152891,0.054197335847164727,-0.35563701293207045,1.0328997316225839,1.1172518984938022,-0.4000834015435138,0.9792659690887772,0.4735261023012406,-0.0615184692887084,0.2093338704920969,0.2339808867571971
2022-02-01,38505.05078125,19.979999542236328,1.0,0.0,0.0,0.4413421535072605,0.48034002561673694,-0.04253076752270645,1.0619013327686124,0.49830717459196505,0.8730909313143335,0.3007072436728748,0.018720556459638927,1.0242399043732544,1.1541558499682227,-0.5272484497373793,1.089716138799154,0.9005743889726773,0.9577762714606602,0.46367029729229414,1.1482961482928804
2022-02-02,39330.04296875,18.649999618530277,0.0,0.0,0.0,0.6237734555084651,0.516074697890447,0.4649964970476118,1.0829235933021757,0.9774387354289821,1.2745080690445083,0.8281790531981208,0.474335981670903,1.0455300732310584,1.1651736531066517,-0.4991730254753355,1.1228990708723194,1.3973981625429426,1.601482861431597,1.5807785406278132,1.173905790254195
2022-02-03,39009.546875,19.15999984741211,0.0,1.0,0.0,0.706434850895665,0.5621615580760783,0.5985458226800127,1.097913901490199,0.6539745854935974,0.8897993950619334,1.0838246586790883,0.39359201415429385,1.0623007311962442,1.1651974603968018,-0.45313888964295185,1.0583822740090805,-0.5925692601772728,0.5611370732067358,0.9730778706690891,0.7132970479525317
2022-02-04,38788.90234375,18.899999618530277,0.0,0.0,0.0,0.7257746177419827,0.6031252058380423,0.5324533627987162,1.1087022358662757,0.43851649407141274,0.6527156236083124,1.0052612361515818,0.3795904269734282,1.06983936240034,1.1746759180397643,-0.4587997457270227,1.044215410142946,-0.42256749662006193,-0.7069215019357261,0.2188543381177265,0.7747969008479195
2022-02-07,37995.0078125,20.440000534057617,1.0,0.0,0.0,0.6046455677715986,0.6102535365052597,0.09595782977633165,1.108480891998204,-0.24560640509522538,-0.20032844931227786,0.4794845247913955,0.09492457442795971,1.0693623138367088,1.17859421871023,-0.47097805428780926,1.1268258836071292,-1.4389817024590856,-1.296658209405445,-1.3979521924086875,-0.06660955037403057
2022-02-08,38028.0078125,19.68000030517578,1.0,1.0,0.0,0.5055845829208999,0.5949853441167106,-0.19297051813008476,1.1086955616859109,-0.221148055581191,-0.16486976645417042,0.103496761800031,0.4730421320487149,1.0674240070650927,1.1763519098562534,-0.4700706016802113,1.1639499251687815,0.02040292218572767,-0.9880191780736866,-1.0485429190937365,-0.4538403624484625
2022-02-09,38609.80078125,18.559999465942383,1.0,0.0,0.0,0.5117128112400335,0.5840681142680294,-0.13684053691306552,1.1162050960634207,0.19038169716645567,0.46027000227258613,0.03489022497905412,0.3621250478056876,1.0698611944774357,1.1760490134995123,-0.46255044033001413,1.113318746170697,0.9899405018571791,0.7043290341193278,-0.2433784964654685,-0.6331010710570575
2022-02-10,39010.49609375,17.709999084472656,0.0,0.0,0.0,0.5715507684649511,0.5880018123586922,0.05474518662571332,1.1280376725448769,0.44241183385203775,0.8908193358685766,0.4238825552880006,0.42763284888530595,1.076195185704111,1.1732123855503023,-0.4373333196082108,1.0835742261507249,0.6608730544730645,1.1505757197535424,0.953590543562053,-0.08165001440971735
2022-02-11,38516.80078125,18.68000030517578,0.0,0.0,0.0,0.5313735767671465,0.5826434027500828,-0.0651284794533617,1.1325357439618302,0.014684153195600085,0.3603409869451927,0.6111192959411226,0.32030103625105766,1.076808288594415,1.1732033179575043,-0.4356305175267701,1.037138726171899,-0.9010008337155099,-0.16693506051417809,0.42836766062791715,-0.2921364214768038
2022-02-14,36908.12109375,22.979999542236328,1.0,1.0,0.0,0.23700286645960442,0.5160394463652765,-0.8552321309268698,1.1163783188300966,-1.024675062229851,-1.404358929591841,-0.05361774813142268,-0.7285120782690853,1.0851899488171621,1.1448999620242142,-0.33392730069308235,1.3167843753737678,-2.927892531272791,-2.6674025568481943,-1.8048938681384812,-0.9471816837966995
2022-02-15,38169.65625,20.61000061035156,0.0,0.0,0.0,0.200646520054698,0.4550597724873564,-0.782675571641874,1.1176219022551352,-0.2494983294547871,-0.14710025468644317,-0.4236343175518388,-0.32242267652898443,1.0848477517131234,1.1446424162799052,-0.33414289584226237,1.5435830558963652,2.237908629493017,-0.4803716964703365,-0.9059446660142683,0.028408378165777962
2022-02-16,37953.359375,20.59000015258789,0.0,0.0,0.0,0.13319015274506327,0.3919957611922687,-0.809564752829606,1.1160273900190687,-0.3723086703744645,-0.4026864852755306,-0.6956523141421804,-0.8733226519242047,1.0835028728519116,1.1426208124273687,-0.3321716845608511,1.4896226165187207,-0.4232864861798179,1.2647091279087508,-0.633635696982255,-0.5933398321241733
2022-02-17,37531.2109375,22.01000022888184,1.0,0.0,0.0,0.009588891779888606,0.3153786063701154,-0.9844082925372284,1.109276754372295,-0.6077628879149787,-0.9015162898656245,-0.5163897679845277,-0.9339465683948999,1.0837662453918957,1.1355331611532122,-0.3116443409095417,1.4395164886273868,-0.795949295742004,-0.8491272175679425,0.5816245678537247,-1.2342677910607356
2022-02-18,37598.7109375,22.170000076293945,1.0,0.0,0.0,-0.07917288865614709,0.23529433040451503,-1.0291361988052359,1.1040177633803743,-0.5652187243425939,-0.8217552181221542,-0.7569031154389759,-0.782817883864706,1.0840876185040276,1.1318330619215882,-0.30041491367329765,1.3371862398198098,0.08330440028532812,-0.49616071271279893,-0.6465530226963118,-0.8012234020138472
2022-02-21,37685.1640625,22.899999618530277,0.0,0.0,0.0,-0.1366305411580636,0.15906332967645204,-0.9794266771246496,1.100346667179948,-0.5079341044856475,-0.7195982713729366,-0.869881628387126,-0.3107825960088287,1.0837389186709798,1.1336852929736674,-0.306550212401005,1.3576467230739218,0.11715760877246707,0.1400452697802317,-0.3384865493423719,0.5384442457474553
2022-02-22,37371.21484375,26.65999984741211,1.0,0.0,0.0,-0.23221562304433058,0.07784350842298227,-1.0437854023079445,1.0930776855522761,-0.7035536982051541,-1.0905749552325688,-0.9372807211635439,-0.5017937398271648,1.0779645137191702,1.1453923839058842,-0.3550486907392629,1.3676059895843529,-0.604995289014394,-0.3395265940569105,-0.2296380523843762,-0.7122893153299962
2022-02-23,37391.6171875,24.540000915527344,0.0,0.0,0.0,-0.3037184830405732,-0.0022692488314723877,-1.0295036242182976,1.0867575215110366,-0.6882370981078326,-1.0177693182863656,-1.0071594146199485,-0.8009906566502542,1.0797344520646768,1.139335387668152,-0.3332917680508365,1.253442726490544,-0.0014307051573094222,-0.42215283902656753,-0.2779391539169836,-0.5266941638989177
2022-02-24,35227.69140625,31.979999542236328,1.0,0.0,1.0,-0.7009062094105918,-0.15044267865670466,-1.9075264152698432,1.0538306529549586,-1.7427519741312558,-1.756666861275712,-1.376872603754663,-2.1716480946084435,1.1308554063613072,1.0490646409161326,0.06016290516015963,1.7313342172320259,-4.075969479124003,-2.840549342118206,-2.6681250887030505,-1.969736715446409
2022-02-25,36430.328125,26.739999771118164,0.0,0.0,0.0,-0.8164412999957869,-0.2934397888234784,-1.8407488407583898,1.0391613095812218,-0.9553468954527194,-0.819713028354921,-1.2803107873269788,-1.2749189534516727,1.1386209798607847,1.0241213926918342,0.15223504774508664,1.8915194728552194,2.235193169268945,-1.282184727349074,-1.049147566002654,-1.02301477892506
2022-02-28,36204.87890625,28.56999969482422,0.0,0.0,1.0,-0.9357886429974276,-0.4331028834932746,-1.797738075782168,1.0230543082581682,-1.0530522593386853,-0.9953566839522363,-1.2723207212915606,-0.5391427120605613,1.1455472238097988,0.9932210152202048,0.259467357028825,1.84873451929513,-0.45883663531612745,1.2380476171059691,-1.3098802358778672,-1.2764230377758514
2022-03-02,35372.390625,29.229999542236328,0.0,0.0,1.0,-1.1527426096030091,-0.5907617396028101,-2.0298940050375873,0.9980138217276532,-1.3913622318192524,-1.5788661765644965,-1.2089350794787255,-1.675415439429255,1.1560967309707437,0.9403195930995324,0.4407057663469661,1.9558728757674368,-1.613917037296301,-1.4438146364643405,0.09355042429666177,-1.7202974448080943
2022-03-03,34943.89453125,28.15999984741211,0.0,0.0,1.0,-1.3798207527920052,-0.76496045691142,-2.2432679630823644,0.9699703479846823,-1.5504130799067686,-1.7614178606086315,-1.5446512511436397,-1.801312112740159,1.1482799575578786,0.8898730013395749,0.5669743178114817,1.9878260916094619,-0.8638597054862578,-1.726013904716449,-1.6729862050794237,-2.099722471357783
2022-03-04,34407.40234375,27.959999084472656,0.0,1.0,1.0,-1.6293185900999048,-0.957137232403413,-2.475195509896508,0.9378519717688057,-1.7394502059036006,-1.705768507828451,-1.7979118585533265,-1.8838335155484636,1.14823835259594,0.8284081298777506,0.7483301018086872,1.9936641153581882,-1.0862942631328714,-1.3583934609735235,-2.0306525398325106,-0.7844169821294287
2022-03-07,32870.8671875,29.32999992370605,1.0,1.0,1.0,-2.05165679949187,-1.2002861443067838,-3.13276611252664,0.8894725058010062,-2.1885596760747497,-1.6747070562135804,-1.832078969204958,-2.774572548416052,1.1765175557123015,0.7197375921472103,1.1503022492822141,2.3077358845127707,-3.1325705981912675,-2.9391146616893455,-2.896322552921687,-3.145960841628856
2022-03-08,33157.71484375,28.59000015258789,1.0,1.0,1.0,-2.3163003627350744,-1.4508293715966434,-3.2281571392140194,0.8493073538479897,-1.9939470439959546,-1.4201006333455204,-1.7103999579739908,-2.657112098077394,1.1920525829874942,0.6388395085570444,1.439133679337788,2.3221250581593815,0.5500729312590099,-1.798978064889637,-2.0903460513177508,-2.70209179392986
2022-03-09,33815.0546875,27.46999931335449,1.0,1.0,1.0,-2.3957990066619095,-1.6680935325995945,-2.798837569466386,0.8212326701154434,-1.5654907950044181,-1.0298282977715116,-1.4694284222841787,-2.1336999877043947,1.185025828338515,0.5898814786798031,1.5722855928607287,2.3091763415883033,1.2911616630560339,1.2832513166190465,-0.7351374930669615,-1.4240044817108823
2022-03-10,34475.19921875,25.57999992370605,1.0,1.0,1.0,-2.328891668871828,-1.8277408167988856,-2.0555458993728477,0.8041322468311485,-1.1704934320051512,-0.6523133430793046,-1.104946801768035,-1.7741327894972054,1.153009534744805,0.5681052902144414,1.5551184361650792,2.4587673538098613,1.271073424774107,1.7856074209118278,1.7750482906834602,-0.48474216641086415
2022-03-11,34545.84765625,25.350000381469727,1.0,1.0,1.0,-2.241247420121331,-1.9369046695195513,-1.4042798784173984,0.7895487498747613,-1.1288282104039755,-0.6130707397625549,-0.8172420167724935,-0.5454593110655684,1.1032777192775567,0.5604452921396778,1.445671670329429,2.3655220231729506,0.10025477111866045,0.9558446784587822,1.5186408369999709,0.03727923900532331
2022-03-14,35311.73828125,25.68000030517578,0.0,1.0,1.0,-2.028429264169,-1.9791829076760554,-0.5414160282291451,0.7859842615790116,-0.6913939938722041,-0.10033738050901096,-0.4858800850365351,-0.7832598678744761,1.0585580066845075,0.564378079866909,1.3120718420964974,2.309903430041239,1.446760153743097,1.0782541657401552,1.6073358171706522,2.0519525529474407
2022-03-15,35022.2421875,26.729999542236328,1.0,1.0,1.0,-1.8868345134557993,-1.9830303948582642,-0.04563668961670737,0.7791192017858112,-0.8237505669629553,-0.26914863517678916,-0.3492825181043509,-0.8243309938118505,1.0443186441953243,0.5540648802818863,1.3056437441895568,2.272943666648958,-0.595943226415769,0.5931791664808079,0.5430902443220417,1.5477635578112894
2022-03-16,35747.8359375,24.1200008392334,1.0,0.0,1.0,-1.642157741445606,-1.9343111852750017,0.6325046814134124,0.7820313792545921,-0.4293292440065522,0.6441456630511474,0.09891299205019266,0.08247119818161562,1.0036851964272804,0.564192308623529,1.1622450160060882,2.1923568809728535,1.350470846943206,0.5260897241238205,1.2557442653520516,1.5738565911652789
2022-03-17,36428.12890625,22.61000061035156,0.0,0.0,0.0,-1.3266696190110576,-1.8285481081359016,1.3684041944789953,0.793220028605912,-0.09674546586856086,1.1502838198810161,0.5447573237534882,0.7500288098184352,0.9726897680317035,0.5762231284170768,1.0386891554185869,2.141552552789218,1.238389011979795,1.804158193628623,1.1369675715343157,1.5594771069555506
2022-03-21,36018.08203125,24.6200008392334,1.0,0.0,1.0,-1.1316931701921262,-1.7026618281237338,1.628005372136084,0.7981872724009893,-0.3126533838750674,0.8992269759135462,0.9612812427007636,0.8409040293905476,0.945626700330614,0.5843031301539995,0.937969555196608,2.0452108605429364,-0.8050936504564477,0.3022715885498349,1.0177466675842328,1.1611697114924668
2022-03-22,36348.12890625,24.06999969482422,0.0,0.0,0.0,-0.9163392676029343,-1.5563631515815883,1.8913373184177493,0.8068313666260774,-0.14753248642728573,1.141893072946904,1.1387273480864792,2.0765393501054885,0.9192526327264811,0.5951715391601249,0.8300332596413365,2.07109839477073,0.57939884409925,-0.15687890646544633,0.5782165943782954,0.7795747189606026
2022-03-23,36146.9296875,24.75,0.0,1.0,0.0,-0.7714704534594629,-1.4086559994625456,1.9095074835137384,0.8121223885355519,-0.2606369007714914,0.858492716355375,1.0347043157663935,1.7489676410992823,0.8851545748889779,0.6102733641565593,0.6866436906979628,1.99866627077226,-0.4143379164294551,0.11537961491066276,-0.36387854739039843,0.8594718461871169
2022-03-24,35526.6875,23.93000030517578,0.0,1.0,1.0,-0.7497314679758841,-1.2858882121316861,1.587774978510912,0.8091107439657931,-0.595860527238006,0.4235095336380352,0.8651118563831843,0.9206376406758434,0.8499173245667622,0.622472930505065,0.5484069820297548,1.9202351047933333,-1.2106303854414493,-1.131820793979824,-0.5950444957820213,-0.2672828231518612
2022-03-25,35409.69140625,23.43000030517578,1.0,1.0,1.0,-0.7451404287098967,-1.1867020756408242,1.2835577836748553,0.8049148450492435,-0.6573167003184962,0.34145878918610045,0.5797583950757588,0.42802073044973066,0.8085610722145964,0.6392355446073725,0.37765222582287805,1.7837015674448482,-0.2618070284608548,-1.0255451071343678,-1.0745526057690389,-0.9272930063168798
2022-03-28,35710.0859375,22.61000061035156,1.0,1.0,1.0,-0.6880424221340786,-1.095265722251451,1.183581013951676,0.8048956361692639,-0.47254370748847435,0.5521290272114825,0.4705402607582562,0.5662024124998937,0.8134223852790771,0.640598745067068,0.38742892123970507,1.7292894567845671,0.5337484441261924,0.18984844822947292,-0.5341199796023376,-0.33827037710438435
2022-03-29,35846.98046875,21.299999237060547,1.0,1.0,1.0,-0.6163084096009481,-1.0069308051212489,1.1435706582251124,0.8065995319848466,-0.3876261804085451,0.507494718138674,0.500480836245852,0.17766938014758027,0.8024171595605483,0.6443117418040828,0.3441837817043478,1.5935105580279727,0.2207445848499504,0.5260656225079275,0.28179908263424785,-0.4960600638912609
2022-03-30,36333.87890625,20.61000061035156,1.0,1.0,0.0,-0.47858525498106547,-0.9071073711484652,1.291779296814107,0.814263282935965,-0.09279883145496065,0.7441904765712537,0.6440539980969199,0.6447797816680088,0.8051084939778105,0.6432211847966977,0.35533203126832913,1.4983826290514348,0.8753477728414659,0.764074485949624,0.9300053866103016,0.0713362396951584
2022-03-31,36373.1796875,20.559999465942383,1.0,1.0,0.0,-0.36150106881333216,-0.8024623196578917,1.3539810046498653,0.8216913103723323,-0.06922445192560525,0.7913046183667397,0.7293196897108954,0.2266050026189144,0.8202207151385881,0.6407921633247616,0.4063909288776026,1.3316590209170156,0.03482326353113114,0.6345340604953491,0.6456057192090588,0.6192726885478593
2022-04-01,37148.06640625,18.43000030517578,1.0,1.0,0.0,-0.14561665915291036,-0.6730443194795394,1.6735666438719996,0.8381551252933012,0.3685621934051978,1.2578439452224028,0.996817913464737,0.2741677109348837,0.8550069056789573,0.6338710316636216,0.5275002616856653,1.3734938448842366,1.3893237778219873,0.992646136540106,1.311724702053101,1.3456865148128916
2022-04-04,38634.75,17.90999984741211,0.0,0.0,0.0,0.2577584339693105,-0.48411685185782843,2.4412738487085712,0.87174412033163,1.0068063934762945,1.2301049265047563,1.1700455887416423,1.3822448122268356,0.9317341770708226,0.6101269709130134,0.8183796074808422,1.6075358023217234,2.619298676576068,2.7933758334200496,2.3058197613457194,2.2632228592727675
2022-04-05,38067.45703125,18.489999771118164,0.0,0.0,0.0,0.4786736089392342,-0.286207923714459,2.557139983101311,0.8950011731673742,0.6046663520801674,0.7256263171461261,1.146631386019043,0.8511640904528432,0.9540785126476118,0.656211965375326,0.737970528038779,1.5863709216653794,-1.0402607671273678,1.1005661362999908,1.6929953286662482,1.7084444497216038
2022-04-06,37632.36328125,19.020000457763672,0.0,0.0,0.0,0.5750205308931493,-0.10748448170559863,2.3096359040608823,0.9105725159689408,0.31555091398210505,0.3454009300819594,0.8213470024057142,0.7211048592225733,0.9575103925903392,0.7124272004957543,0.5750900360460168,1.4858491319408056,-0.8169602205666504,-1.293642534063265,0.43535899412396767,0.9639147492080382
2022-04-07,37556.9140625,19.0,1.0,0.0,0.0,0.6295372344395606,0.04703526346008933,1.9973939491506074,0.9237121954138465,0.26527387445121703,0.27946638516397854,0.48244597863984995,1.0574365945666708,0.962531837305358,0.7571861899024623,0.4532339717459245,1.4150482354744773,-0.17432152972352427,-0.6903005588925524,-1.1570734755489647,0.8719016458649087
2022-04-08,37751.61328125,17.690000534057617,0.0,0.0,0.0,0.6933732957302119,0.18416492592284553,1.7730516325864132,0.9380485727987555,0.3622638423796334,0.44961267159146606,0.38404758326247335,1.2458269532600996,0.976194137708611,0.7866876151825808,0.40245994859805456,1.3042234971610667,0.3118090619143583,0.09616788945483326,-0.38636030123271986,0.3978498114124545
2022-04-11,37613.36328125,18.270000457763672,1.0,0.0,0.0,0.711140247606085,0.297629856190991,1.4677626393077785,0.9492812623284037,0.2597864078087225,0.32879696288128335,0.37812829718456237,0.9768016338133916,0.9812544752520294,0.8223932196292408,0.3097249814275027,1.182783762807698,-0.2868796954182413,0.01774314199167115,-0.08420131846042629,-0.880721300564873
2022-04-12,37746.9609375,18.15999984741211,0.0,0.0,0.0,0.7355929555080947,0.3935783513912387,1.2417903027635724,0.9611239931554444,0.33372825598087025,0.44554702090561,0.43733576146550796,0.9706100293661215,0.994817552577756,0.840755759808631,0.2927893224425023,1.1417561402041372,0.2017403193800124,-0.058947103301211445,0.1301632174801805,-0.33430380411813704
2022-04-13,37462.96484375,17.790000915527344,0.0,0.0,0.0,0.6989787241566107,0.4625860454586195,0.894238089269861,0.9682679538140955,0.10795536460958945,0.1973648195506026,0.3474098310705357,0.5111823470760489,0.9948977235002646,0.8732925559537524,0.19672874299111356,1.0809079415491203,-0.5498905098020589,-0.24219952724418983,-0.3610268068510342,-0.2168066744311425
2022-04-18,36728.57421875,19.34000015258789,0.0,0.0,0.0,0.5437246940166501,0.48492547666787456,0.29218999217521036,0.9654975056665249,-0.419234751060745,-0.4444140146590819,0.07176143214716416,0.06480221077408913,0.993385763697901,0.8879815206929624,0.1492707841971264,1.1570519160768145,-1.3792718136522355,-1.3437675610156832,-0.9837172766464314,-0.7469236965817513
2022-04-19,36341.1796875,19.770000457763672,0.0,1.0,0.0,0.35215262878328757,0.46224189918845765,-0.2886333564224177,0.9581199143407803,-0.6664418731781883,-1.1016109376063363,-0.47979774967149535,-0.5950220057545906,0.993375491617064,0.8868301735463049,0.15262837235014706,1.2803781774247547,-0.7565566081220003,-1.4877618813735494,-1.5299701779895813,-1.216950414797055
2022-04-20,36314.4765625,18.670000076293945,1.0,0.0,0.0,0.19133890488122868,0.4100513458346154,-0.6692907365829153,0.9511091927976318,-0.6835517932531386,-1.4926950405340993,-1.0823012164470753,-1.3982486083520613,0.9924468206130536,0.8917627593672469,0.13554741862108124,1.1553856470162556,-0.08818066006615324,-0.5881958921183764,-1.266784167726161,-1.129532915228852
2022-04-21,36815.671875,17.850000381469727,0.0,0.0,0.0,0.13992308286901284,0.35741435714599884,-0.675050015530018,0.951068055036281,-0.3151217163039386,-0.9143395832908716,-1.2498288827233155,-0.8289032324703121,0.9936353167054496,0.8967685866390561,0.12414722510923579,1.0989847646250366,0.8899692097310892,0.5590187116353476,0.02673922496721186,-0.8267471034181205
2022-04-22,36044.33203125,18.350000381469727,1.0,1.0,0.0,-0.0263987296755747,0.28009503211876047,-0.9934667020412042,0.9413322139470075,-0.817276750219441,-1.8044289294915128,-1.500382301938803,-1.0240790844477408,0.9941154905199191,0.8948951755665998,0.13098115151362416,1.114534807654295,-1.472479457554525,-0.4054895755824626,-0.3813544696038265,-1.2326394561357494
2022-04-25,36081.93359375,21.26000022888184,1.0,1.0,0.0,-0.15294820131043355,0.19144950063493063,-1.139581440985354,0.9329963878240413,-0.7885413253729412,-1.3662620229593019,-1.4553091461276857,-0.962786143756514,0.9889282898295192,0.9077410257967294,0.07889203088271189,1.109196790915786,0.03222163320674548,-1.0031240222783273,-0.31272219067110507,-0.6116539160566119
2022-04-26,36404.37890625,19.190000534057617,0.0,0.0,0.0,-0.20185775496471886,0.11017909750827178,-1.0444379382849867,0.9295087911540129,-0.5398889437014055,-1.0397838811708464,-1.5000298250485644,-0.8876424344884515,0.9797677442176742,0.9306154989185643,-0.01345614634621899,1.0331931969416346,0.5641696905341477,0.41590847637780487,-0.4984359579910547,-0.030601318403534524
2022-04-27,36028.43359375,20.61000061035156,1.0,0.0,0.0,-0.29980457811651745,0.024427782139589245,-1.1022443472520327,0.9216263105841552,-0.7922591689905735,-1.2566635522236138,-1.304752399332411,-1.0227979952485207,0.9762170985078621,0.9385836158672023,-0.0465694739100967,1.0033012666232688,-0.7414600587962357,-0.12315318065714131,-0.08173685769157815,-0.31801112618247807
2022-04-28,36421.77734375,19.3799991607666,0.0,0.0,0.0,-0.31342120906213966,-0.04705586232577673,-0.9181829832490915,0.9194403417200572,-0.4865753294904724,-0.7363706222316749,-1.080197185878906,-0.8754947631635831,0.9718338416676744,0.9508499815499647,-0.09446616421915041,0.9432115123675874,0.6970289510956824,-0.030583673208518073,0.2972197222670155,-0.40289505602170983
2022-04-29,36087.73046875,19.420000076293945,1.0,0.0,0.0,-0.37582087577336404,-0.11745256462262069,-0.9041607886325913,0.9132623441673835,-0.7171662242826102,-1.1782289900038867,-1.1295526318013058,-0.9090634789198023,0.9734644885774855,0.9458547993711968,-0.07540108601671146,0.9444348256160977,-0.6624428738543938,0.024471441949654307,-0.4019797146630363,-0.0465200359801639
2022-05-02,36163.328125,20.280000686645508,0.0,0.0,0.0,-0.410960221946978,-0.18120880062494965,-0.8184948595495285,0.9086232720754375,-0.6551259816823126,-1.0782326736245471,-1.065942326938872,-0.46237231619095753,0.9745721194817127,0.9418917133257539,-0.06078538410260291,0.9086881596703184,0.10333518029854345,-0.38918387801622395,0.07957442284142176,-0.015233681412936023
2022-05-04,35264.140625,21.8799991607666,0.0,0.0,1.0,-0.5784661311917136,-0.26767419254827624,-1.111456355682909,0.893119872875117,-1.2277355803659198,-1.7845391655971898,-1.4396126306115373,-0.7608820882061917,0.9836082529367609,0.9072625444332396,0.06549175053624959,1.0450089980462782,-1.7437304403542753,-1.1425695059218028,-1.311718673063114,-1.0305927058687157
2022-05-05,35232.44140625,20.290000915527344,0.0,0.0,1.0,-0.7106092029130288,-0.36482072272248334,-1.2492493345708675,0.8786944103730259,-1.245977713792402,-1.8208474475932486,-1.6687050181984253,-0.7642212994486339,0.9533774466748404,0.8934062606946435,0.02172305473048574,1.057341919155084,-0.09930523705377343,-1.2837589385906758,-0.9907163207340518,-0.7480771478393452
2022-05-06,34590.796875,21.25,0.0,0.0,1.0,-0.9099798554378746,-0.48474400240339355,-1.5430828277994375,0.8575749344570077,-1.5963545684802165,-1.6596152960755144,-1.8759669346681949,-1.406130457998248,0.9456636604927968,0.855007415831619,0.11338567302814678,1.0924013893927074,-1.283221190002598,-0.9628997504511375,-1.7810876747643345,-1.6192867918502223
2022-05-09,34275.0,22.030000686645508,1.0,0.0,1.0,-1.1082293744362595,-0.6226513417236883,-1.7750877969332504,0.8344960916265752,-1.7515991005614044,-1.5841641694622433,-1.804533589212373,-1.1684223520158825,0.9468713703828423,0.8088726773624775,0.2540690968312121,1.060186576348317,-0.659563863096316,-1.3532591791985509,-1.1630859663479272,-1.6180201731107058
2022-05-10,34482.24609375,22.299999237060547,1.0,0.0,1.0,-1.2206421131942213,-0.7567745887490511,-1.7262707759886278,0.8162210908656108,-1.5455112156285542,-1.331626516813521,-1.630127159135281,-1.0688398294511998,0.9374157860536235,0.7776681354573418,0.32115642551714113,1.0125525378139528,0.3698957633464655,-0.20145221083425516,-0.8956298153093933,-1.5007470338012872
2022-05-11,34692.74609375,22.799999237060547,0.0,0.0,1.0,-1.2640082762212441,-0.8732536482987325,-1.4986503580868775,0.8023333371538294,-1.3375722859304136,-1.1006447154813732,-1.4308550974837784,-1.1250417091596137,0.9136144006915965,0.7616779570186694,0.3023834382522778,0.981836462214496,0.3738018736918215,0.5185439479917574,0.048914229608973576,-0.5691401952437727
2022-05-12,33531.7578125,24.270000457763672,0.0,0.0,1.0,-1.4696320847128423,-1.0099667222792867,-1.7596810701518677,0.7751702700447493,-1.9177543151276086,-1.7165163950842255,-1.478038440900213,-1.5918638535710796,0.906539596555162,0.7145256604616089,0.4255474436011127,1.1772220065443342,-2.343714763136122,-1.3721604619395937,-0.9110933515950213,-1.556566573180231
2022-05-13,33120.96484375,23.489999771118164,1.0,1.0,1.0,-1.6814229784214447,-1.1641725577332875,-1.985348003374462,0.7454289606206566,-2.0836768298310973,-1.8409354229294534,-1.6596062000322171,-2.0387795620867792,0.8928290670925529,0.6670372989301959,0.5323885322925426,1.2381527728616664,-0.8732533279048172,-2.2410444620849037,-1.6197190169910833,-1.3762015032421409
2022-05-16,33597.2109375,24.530000686645508,1.0,1.0,0.0,-1.7553809228951014,-1.303193858969296,-1.7894585622139318,0.7245083480578811,-1.6349948083454477,-1.4158557697433922,-1.7719784049725404,-1.5859038256725688,0.8671124032077207,0.6422659973526469,0.5359519693616951,1.2423505101295493,0.9285364920086797,0.03889210881466855,-1.3035065926009066,-0.677517879234302
2022-05-17,34301.5,22.739999771118164,0.0,0.0,0.0,-1.6844510318533337,-1.3993952951890332,-1.237057065520828,0.7144357173791447,-1.050630810560285,-0.7950015566808586,-1.4434599317893828,-1.2186286103784967,0.8468874567166659,0.6309795052212825,0.513296885227892,1.2307960141790348,1.3667017099804075,1.5995777071518527,0.8115223775061408,-0.23897381053738478
2022-05-18,34163.30078125,22.299999237060547,0.0,1.0,0.0,-1.6340204939172869,-1.4656804792815086,-0.8511197804717471,0.7035847047896571,-1.1263637486950606,-0.9168287605541096,-1.114017477766689,-0.7939889353945873,0.8325285169714975,0.6168887366411481,0.516050327957074,1.1457771253062228,-0.3118225256222288,0.7353592639942339,1.1315517920318752,-0.5406137783650284
2022-05-19,33315.26171875,24.559999465942383,1.0,1.0,0.0,-1.7124593025620831,-1.5353138423801311,-0.8943132630642179,0.6831041052665102,-1.5505064128082127,-1.664403375621664,-1.2026242766956474,-1.2800465344160101,0.8235727123184412,0.5861699559785419,0.5864304862857984,1.2055886108213085,-1.7408466024974791,-1.4298207576548183,-0.3900624575007061,-0.2753823590029312
2022-05-20,34276.0,23.100000381469727,0.0,1.0,0.0,-1.6049816065011315,-1.5682678882146002,-0.4211284516057871,0.6766541056157428,-0.8358866779920522,-0.6783658352381005,-1.1610438402987908,-0.3305981412070577,0.789936042221769,0.5874048814475331,0.48562290868936936,1.2789400978145553,1.8871120562557249,0.10228389425934802,-0.09341571536524697,0.9390384324737928
2022-05-23,34247.203125,23.399999618530277,1.0,1.0,0.0,-1.5095246064278647,-1.5744232186738158,-0.07540922813048598,0.6704563074299213,-0.8515007373814949,-0.7068941577517138,-1.0862025113187284,-0.15691128211514446,0.7720826218102762,0.5820575081677468,0.45067236954191775,1.2449937673462705,-0.09532196966698604,1.248800923722697,0.029994945191951006,0.4885926289859181
2022-05-24,34289.75,25.63999938964844,1.0,1.0,0.0,-1.4132930872279061,-1.558975613898138,0.20328136914684236,0.6653837487821466,-0.8201570547788883,-0.5017985402663286,-0.6717358641098323,-0.2568850185416754,0.7511336850215868,0.5800135951984645,0.3961194366526164,1.1438074235004356,0.04569388302568936,-0.03420466115269282,1.048367117299313,-0.09258382684228561
2022-05-25,34339.1015625,25.280000686645508,1.0,1.0,0.0,-1.3164755067069769,-1.5261215938446788,0.4278343855530015,0.6614148243255705,-0.7816203959344407,0.46971492491761796,-0.26244702501658523,-0.3534995065818345,0.7185415123648488,0.5864965173979129,0.2802925186708697,1.0396827084490394,0.05901212272375753,0.07332740589901256,0.006305034057405902,0.07056461348213647
2022-05-26,35094.4921875,22.71999931335449,1.0,1.0,0.0,-1.1086691502182897,-1.455846513840115,0.9105881148554519,0.6673219726669952,-0.23129235597818834,1.1479062540701404,0.3987861683706792,0.8365584153979644,0.6996674404291907,0.5937532022359235,0.20190705391339353,1.076874481151473,1.435343143727055,1.041563621017045,0.8788219285399733,1.467927037900197
2022-05-27,35612.88671875,21.479999542236328,1.0,0.0,0.0,-0.8537457638339473,-1.3456600788168613,1.4254681183070457,0.6791846898514089,0.09389404212832894,1.2363325787010435,1.0184269572098834,1.4364750984165513,0.6763528742301681,0.6073251860002561,0.090359935437907,1.0265321178193079,0.954731414922303,1.6656548084932217,1.3969957585685655,1.0577268365416865
2022-05-30,35826.53125,19.979999542236328,0.0,0.0,0.0,-0.612996936618596,-1.2065452633625928,1.7986612762239973,0.6926039337292587,0.22111537086105904,1.062582908304006,1.2297833853263667,1.2503620550478096,0.6686317942730533,0.6119091085151948,0.05308211765738,0.9408746600751333,0.3666987269531367,0.9210782778066524,1.5723847172943803,1.2609925140812124
2022-05-31,35486.984375,20.479999542236328,1.0,0.0,0.0,-0.4735630719433212,-1.0657357595177321,1.8205237553101854,0.7004757826499723,-0.0459181105852117,0.7015790562223079,1.0706684981139865,0.584210235309141,0.6490633066746267,0.6233348629926915,-0.04092369656707575,0.898158763220746,-0.6833561069346793,-0.22025695479324162,0.3646738507215426,0.9402474884718559
2022-06-01,35620.38671875,20.850000381469727,0.0,0.0,0.0,-0.34031727284843044,-0.9248804963571898,1.82111407745297,0.7092752971188555,0.042090608072766315,0.8434114909059633,0.9305927983373502,0.7537129773232252,0.6572285254237974,0.6195567658338937,-0.00476512737647385,0.8255311620285931,0.21573092135685615,-0.3254435661410961,-0.05657467060724941,1.009195812692765
2022-06-02,35613.234375,20.31999969482422,0.0,0.0,0.0,-0.23566146638068383,-0.7900410251392601,1.7435068156918516,0.7171468309304152,0.035984188547100206,0.8358071692783163,0.8497476329260348,1.3053044008310362,0.6655293577168334,0.6159649136026768,0.031177910694471973,0.7004097827802906,-0.05199696271114526,0.11445505106437746,-0.29524154795514757,0.35484158856708287
2022-06-03,35274.640625,19.979999542236328,1.0,0.0,0.0,-0.2070026069890646,-0.6761024699215198,1.4738726803115962,0.7200113074637037,-0.2542241783616814,0.42285045470680765,0.7503813603644333,0.47053431339750285,0.6743302736211497,0.6159003830973502,0.05754457696128343,0.7320398944438741,-0.685407443664904,-0.5134118679637644,-0.2964108605224332,-0.36673633811125017
2022-06-06,35309.7890625,20.200000762939453,0.0,0.0,0.0,-0.17911914751969193,-0.5790487968998969,1.2560477480499537,0.7230449237748856,-0.22588836473372798,0.46252226889890447,0.6145950002853263,0.5101692468032277,0.684443698951839,0.6191536377887203,0.07739030919674776,0.6319174999997172,0.02905645800333419,-0.4569380083257189,-0.4028199121295826,-0.5152818146800048
2022-06-07,34995.59375,20.43000030517578,0.0,0.0,0.0,-0.20739624446870336,-0.5073920189794895,0.9284128323411283,0.7218390162930037,-0.49797343652208576,0.10789205076964094,0.355094498097283,0.29137917131317037,0.6886827129307965,0.6215813469569477,0.08237130794363523,0.5760697218759535,-0.6437587612958587,-0.4279193460473658,-0.7401387431766109,-0.49786099057207667
2022-06-08,34945.7421875,19.84000015258789,1.0,0.0,0.0,-0.23755572563986066,-0.45645125116123714,0.661164092028858,0.720121136908654,-0.540894459783832,-0.201095495077451,0.13265882779696817,0.23022944154885072,0.6910175931489693,0.6225208055452739,0.08635205496111968,0.5669645319943274,-0.13494486425325203,-0.5421870422399478,-0.4263614864047877,-0.6521405535444472
2022-06-09,35085.04296875,19.13999938964844,0.0,0.0,1.0,-0.23893913724267757,-0.4159915002052496,0.525952797005376,0.7203183959080528,-0.4062762576104517,-0.326586931371136,-0.1486572605002695,-0.14556043806502034,0.6913364967296676,0.642947188066962,0.02373515430422928,0.5200209960286817,0.23104673133825335,0.06733248409362727,-0.31122204508370616,-0.5276156812495055
2022-06-10,34483.3984375,19.57999992370605,0.0,0.0,1.0,-0.33491345721231014,-0.40394112042445063,0.15945516439208413,0.7129319506685751,-0.9229552576923452,-1.3283731118965638,-0.6606833491336099,-0.8044387651469133,0.6769293988141053,0.6762236158768328,-0.12193484597458971,0.5511575226747962,-1.2098902539934024,-0.6816342408591587,-0.6339309691683139,-0.758361521379935
2022-06-13,33405.46484375,22.3700008392334,0.0,0.0,1.0,-0.5792105507068205,-0.4460176393422272,-0.5388137311564558,0.6926953272573145,-1.6131044068131886,-1.7181708681758172,-1.2015181403970463,-1.5558278428618892,0.6802974286477493,0.670138532725446,-0.0931626753988452,0.7406470658374866,-2.189352268514977,-2.368043922040539,-1.8049938964429786,-1.734348866003348
2022-06-14,33310.96484375,21.88999938964844,1.0,0.0,1.0,-0.7814387024430424,-0.5224898324019946,-0.9825382003621413,0.6731977835499026,-1.6640811757882201,-1.7335912430571332,-1.7031127854035943,-1.4246939123073272,0.6905807475647363,0.6461453330181003,0.01157194264360527,0.6825740957756522,-0.2302634114846768,-1.6854902640477696,-2.0679520639004436,-1.552431880349528
2022-06-15,33338.61328125,22.149999618530277,0.0,0.0,1.0,-0.9290891814039521,-0.6149246662486093,-1.1884656748760887,0.6559047928366493,-1.6332067249144755,-1.70298247982261,-1.8366603881794747,-1.482088123927262,0.6983019878493388,0.6270481966471754,0.09377833840512194,0.5718089316168603,0.017795891795244784,-0.1476628126339533,-1.3681406590742118,-1.4852336931401249
2022-06-16,32616.720703125,22.8700008392334,1.0,1.0,1.0,-1.1508078564026778,-0.73580958546013,-1.5554885445336346,0.6311818691230779,-2.0156193851669757,-1.8679688200787856,-1.8900631033548394,-1.902861712630706,0.7120259393075442,0.6033592481783104,0.20823653099898215,0.7433358403935988,-1.521056167280792,-1.0470208936385135,-0.9871953864987375,-2.2560701197593054
2022-06-17,32742.669921875,22.76000022888184,0.0,1.0,1.0,-1.2939768623042511,-0.8628258883768545,-1.6345870081618437,0.6103971614146825,-1.87015595897202,-1.5368779185467327,-1.8199351376078001,-1.643855267187383,0.7259609634212436,0.5682924682002021,0.3593872910410499,0.7166070209791929,0.22263335866232578,-0.9043006697356517,-0.7290330491252566,-1.6258323731649256
2022-06-20,32684.419921875,22.40999984741211,1.0,1.0,1.0,-1.403096576900667,-0.9875391848178936,-1.6048768672359184,0.590859529734106,-1.9015428470061615,-1.5889153661058735,-1.7792704054982678,-1.6977796481152214,0.7374580129750785,0.5353817349864832,0.49723169556456354,0.6618884219236051,-0.15899412420534975,0.044714189364608,-0.8298077217734983,-0.7325777487074592
2022-06-21,33191.36328125,21.13999938964844,0.0,1.0,1.0,-1.3949323568289191,-1.0855814857214434,-1.260805304945712,0.5795567953024315,-1.3150302956256426,-1.136039169042678,-1.5183387292894772,-1.2201384672069795,0.7401892795393291,0.517845200121704,0.5610204581798988,0.7340091016345074,1.004026409876774,0.5891487253464059,0.6095516712476889,-0.18955281788827555
2022-06-22,32844.91796875,21.299999237060547,1.0,1.0,1.0,-1.4299026772908627,-1.1714184184692666,-1.1033488619057406,0.5649744009274317,-1.534771720545205,-1.4455349592800828,-1.485775119607073,-1.3995078296301893,0.7448189414082577,0.49303339055013157,0.6538544678223486,0.6581942725153401,-0.7490492333885486,0.17802863786602066,0.055668610726962324,-0.5269257864125091
2022-06-23,33134.61328125,20.8799991607666,1.0,1.0,1.0,-1.3976881499199874,-1.233268264203886,-0.7939013014716627,0.5554233575133148,-1.219216643477508,-1.065306964241194,-1.299109614551838,-1.3046929241570844,0.7369286532133192,0.4750911548584837,0.6884368334759569,0.6917140609694146,0.5563568146606067,-0.1338845381801138,0.46343630215916576,0.3870305804619075
2022-06-24,33627.05859375,20.549999237060547,1.0,0.0,1.0,-1.2811459173544348,-1.2580765661224642,-0.31604355399793993,0.5529738131339553,-0.7321026665929773,-0.5545692441844782,-1.0918165749223165,-0.6602377087464989,0.7154117785256424,0.47105311548633855,0.6384049397302269,0.6649633309345553,0.9607758660078106,1.0574337531114408,0.43878242464472733,0.7117758526410563
2022-06-27,33810.85546875,21.01000022888184,0.0,1.0,1.0,-1.1486639758460064,-1.2498772534973506,0.10977412826883065,0.553068571519007,-0.5630477481715904,-0.36394503778379417,-0.706231606767176,0.11434773589780711,0.6860837800148136,0.4747852185599886,0.5399634906082813,0.6200449355450061,0.3307825646055399,0.9002652039833248,1.0543132018897883,0.9272527592439338
2022-06-28,33642.05859375,21.450000762939453,0.0,1.0,1.0,-1.0609525758410452,-1.2247496130776003,0.3281595343581644,0.5510318984667069,-0.7034094957895057,-0.39147403339128467,-0.46601131253199235,0.06833681616506908,0.6620681460879236,0.4752436235697695,0.46728456471591767,0.514631337040014,-0.377369979375342,-0.03208607719949646,0.5220658830618766,0.31950839829628747
2022-06-29,33269.51171875,21.899999618530277,1.0,1.0,1.0,-1.041532603624387,-1.2005363619377103,0.31636337370788603,0.5445048893584655,-0.9984482825259496,-0.6376474787323947,-0.49562856190338783,-0.1833473801475856,0.6310828928353261,0.47622893339494826,0.37165924317532567,0.46157446140441283,-0.7925948327672218,-0.8147977369980096,-0.47739869190297834,0.300350542757953
2022-06-30,33424.71484375,21.84000015258789,1.0,1.0,1.0,-0.9923952399231872,-1.1707635565123762,0.3880849007855425,0.5405509828122411,-0.836941029106802,0.06085627929879791,-0.34418761458672503,0.3791215370491167,0.5953150084476148,0.4843859401058454,0.23784080310895508,0.4190650021741722,0.2768244483047054,-0.35898866738533397,-0.5081561499876789,0.17737047658946123
2022-07-01,33539.05859375,21.25,1.0,1.0,1.0,-0.9269953295742237,-1.1331003845779817,0.4898752793261072,0.5384113665713711,-0.7166761155476135,0.2626232507387158,-0.11100304485375369,0.3696985138819382,0.565772846503666,0.4920855173121086,0.12356601730426862,0.4115340654702839,0.19290325747045967,0.3276557744043724,-0.18308632951211398,-0.16045453250687036
2022-07-04,33940.50390625,20.96999931335449,0.0,1.0,1.0,-0.8042053267865228,-1.076975641704994,0.7280404256643634,0.5415231894597193,-0.3155668448633249,0.9709995712798605,0.46247689354447463,0.6652948860146166,0.5341433957759267,0.506863646442644,-0.02038814855897176,0.3675528842295885,0.7674661493476849,0.669509706206666,0.7061869356896331,0.0316641006460073
2022-07-05,33815.50390625,20.790000915527344,1.0,1.0,1.0,-0.7210879880427673,-1.014480203458721,0.8102261508608724,0.5427669316445592,-0.4372059266527641,0.47282389860220325,0.6093426494219883,0.25407601172861477,0.5081119555859785,0.5183158665971384,-0.13703461154465332,0.3691075880694612,-0.2882950086846712,0.3342354747014842,0.3840548969377213,0.0708525707766868
2022-07-06,34323.8515625,20.270000457763672,1.0,1.0,1.0,-0.5698608340579626,-0.9324696041262875,1.0619832310876687,0.5502840498688188,0.034303354969479345,1.2352061488995902,0.9560667990856568,0.80352005622694,0.4899141736237092,0.5290358787226159,-0.22748133131976275,0.3611062403144987,0.9721879093634508,0.47687508001450213,0.8282663828060677,0.8472674855487626
2022-07-07,34919.89453125,19.200000762939453,1.0,0.0,1.0,-0.3531290319554441,-0.8209797757189864,1.4422826611799369,0.5645797371882408,0.4921424086466032,1.2769088238114523,1.065122927523483,0.9889878174379282,0.4834411583167784,0.5335982789717482,-0.2620815167080841,0.37436884098626677,1.1276327710223524,1.4634208171827896,1.0335702467865062,1.2215800032316224
2022-07-08,35123.640625,18.399999618530277,1.0,0.0,1.0,-0.14957247764264778,-0.6886957169835012,1.7105404885108995,0.5800757794499102,0.6323055055978793,1.162238444586042,1.3108980410629274,0.792572763776844,0.5049104226523092,0.519702143452984,-0.1513380366851913,0.29667079677608155,0.3556290900379773,1.0338343060367845,1.4006228763810873,1.2931711177682428
2022-07-11,35469.234375,18.3700008392334,0.0,0.0,1.0,0.06376961204666227,-0.5377047110730014,1.9518711329234908,0.5984414116849633,0.8580547393721084,1.2523011428485589,1.3169923773417882,0.8877682400171799,0.5502889287629797,0.4998268142332332,0.05154171389358679,0.2830152290818077,0.6247512360198998,0.6834522867222365,1.2025753971497364,1.2303837929475576
2022-07-12,35131.83984375,18.549999237060547,0.0,1.0,1.0,0.1743588327168251,-0.39350056304612213,1.8643166660579198,0.6108156273529637,0.4722810807549916,0.86988634360875,1.1718895551462283,0.7879214453403315,0.5778303258242127,0.4953596389283785,0.14966230403141995,0.23597491539312243,-0.6857349151661032,-0.042116654645075385,0.16891105851469407,1.055530388190641
2022-07-13,34827.39453125,18.520000457763672,0.0,1.0,1.0,0.20839304554890864,-0.27093232324370153,1.5852006977809507,0.6181833322330506,0.14867999785814584,0.38381548543656185,0.8943830936403253,0.8412000707332736,0.5945993785346053,0.4977199552632563,0.19283802285806587,0.23085842382659846,-0.6278754567414891,-0.9148825836126193,-0.3917108079906079,0.351583645984623
2022-07-14,34650.796875,18.34000015258789,1.0,1.0,1.0,0.20227460313836723,-0.17417298382200208,1.2522506711310268,0.6226288591645803,-0.03222363790092978,0.14884171708969096,0.5010016843968752,0.6286540929463674,0.6006708781265302,0.5185559818776142,0.14447671378853738,0.20166097591947904,-0.38269767278452593,-0.7037418008979545,-0.965981551844427,-0.3128851607480539
2022-07-15,34682.24609375,17.600000381469727,1.0,1.0,1.0,0.1976618717923023,-0.09774201104674586,0.9900027598740827,0.6270464366569087,-0.004400906679796077,0.19068678795966484,0.2588681975448186,0.5742482956669157,0.6056033014401178,0.5393202745332112,0.09319944019585852,0.1646071773350027,0.023046682427288,-0.2502126938143303,-0.5619585470819365,-0.45920455491211304
2022-07-18,35358.2890625,17.15999984741211,1.0,1.0,1.0,0.296199125816655,-0.015737247850844197,1.0619079414865944,0.6395436762359203,0.5381519039920691,1.0902024854200798,0.5106939620795381,0.7353176558381942,0.620592856858981,0.559380517300223,0.07469564020332704,0.20943129642734343,1.2690984788136368,0.9006740077428042,0.5193634172600061,-0.17572444279739857
2022-07-19,35719.9375,17.200000762939453,1.0,1.0,1.0,0.4247195505220503,0.07707387789818129,1.2013163876805644,0.6553979733970473,0.7822312461338072,1.2850860503001724,0.915763135090435,1.0400845891732426,0.647085235763146,0.5654689413718993,0.13481216455063358,0.23642595214726145,0.6508198320342684,1.3380740881209323,1.1084939042666218,0.41229186955780894
2022-07-20,35971.68359375,16.81999969482422,1.0,1.0,1.0,0.5578896109153219,0.17951440496925078,1.3255413402938991,0.672907725649537,0.9410188182057357,1.1131165420599056,1.2446077741640398,0.8659705211661792,0.6703224868244438,0.582956578280881,0.14891085939110418,0.20478677496929037,0.4372650286773218,0.7584952734191153,1.3446085853586822,0.8808996700898346
2022-07-21,36200.578125,16.860000610351562,1.0,1.0,1.0,0.6895718442992896,0.2893434854304696,1.4208580338323888,0.6916279411593433,1.079985698427979,1.1834795431490595,1.2778608866600194,0.6285074087119561,0.6978639973563092,0.5951301052040862,0.19226188549119785,0.17000162171603914,0.3912076760948239,0.577610860082641,0.844189159724439,1.2213787790176363
2022-07-22,36738.5234375,16.649999618530273,0.0,1.0,1.0,0.8674522535643793,0.41486339754633134,1.6232790103368844,0.7153292597032894,1.3741111329352869,1.2452617687834402,1.2636635980063058,0.823410469083934,0.7411460443876839,0.5914499153334066,0.33101750604500746,0.19119371959288045,0.9606537355079503,0.9422812232226446,1.0208021320190914,1.6338783365146725
2022-07-25,36725.97265625,17.68000030517578,0.0,1.0,1.0,0.9924608854844659,0.5417432084330404,1.640822506003713,0.7366154996427119,1.3573434007796938,1.0378887796026148,1.236845028588287,0.6024612158416872,0.7775197089758726,0.5923704606795412,0.4340781840691881,0.1880756904162451,-0.0615378252429587,0.626831416552892,0.7364721938417426,1.0484658390197104
2022-07-26,36408.078125,18.170000076293945,1.0,1.0,1.0,1.0263427804209961,0.6504197333684923,1.4059893882349874,0.7518773576929293,0.9351759745051246,0.5602853343603778,1.0146773526748274,0.6212204504838093,0.7980419019131553,0.6078761425553105,0.44494704279038433,0.13885094322626196,-0.6271960694055259,-0.4795007557172336,0.15595692268416678,0.4862036503064719
2022-07-27,36783.32421875,18.1299991607666,1.0,1.0,1.0,1.0980365183922687,0.752538261754561,1.3213873674717023,0.7704039496264544,1.1637910576961474,1.0429808543373353,0.9425645505814125,1.0367806138020357,0.8172557897163157,0.6347444516131079,0.4166342847364125,0.14342075247786534,0.656086657919427,0.020503117995832664,-0.017653828860249274,0.5824740707737456
2022-07-28,37377.71484375,17.010000228881836,1.0,1.0,1.0,1.2331871831690249,0.8628439978140333,1.427007171990166,0.7946398132204412,1.474433194720942,1.2952972134065353,1.034330219601185,1.508972975372819,0.8481728454995542,0.6552431160586187,0.4417743453727332,0.1689731002446988,1.047296821214579,1.187203741315532,0.6144092878567426,0.8711200244824826
2022-07-29,37490.9609375,16.549999237060547,1.0,1.0,1.0,1.34044011715708,0.9737936499774337,1.4353140692543098,0.8179914254698688,1.5285712643745561,1.0734309178903336,1.217265747708385,1.556893251777045,0.874925353278744,0.6800824945617708,0.44145520085692747,0.16352251088808298,0.16649584730986886,0.8460820159803879,1.0668332702736922,0.5217308252564967
2022-08-01,37902.7578125,17.489999771118164,1.0,1.0,1.0,1.4718179320498375,1.0903655862044652,1.5078448474434356,0.8442968985843232,1.7162913404770572,1.3012367395575413,1.3093335317172734,1.3678653701693408,0.9116787752148166,0.6946010269038531,0.5009577225789692,0.15813157774608733,0.7014710633973428,0.605128393862613,1.0927035015731559,0.8574160442363463
2022-08-02,38023.55859375,18.530000686645508,0.0,1.0,1.0,1.5745899742944915,1.2053796097131286,1.4877468551443807,0.8696160053087579,1.7686736090666506,1.1981271323625178,1.2746925630281816,1.211324799424338,0.9402135337849206,0.7210000009097716,0.5005645311958239,0.157675472477221,0.1771197739600981,0.6125306001749465,0.5966811069443485,1.2112742286282634
2022-08-03,37988.80859375,18.450000762939453,0.0,1.0,1.0,1.6291845166419265,1.308948298275012,1.340095288462589,0.8920868313155716,1.7162070712777189,1.167484788578886,1.3082226080235557,1.0349931782122614,0.9667652299777428,0.7422143239237792,0.5103524898005002,0.10562313322352287,-0.10032202401625409,0.053882366970181964,0.4445883346946988,0.8784927659033378
2022-08-04,37755.11328125,19.26000022888184,1.0,1.0,1.0,1.61395543858035,1.3885793076548318,1.0312851181711442,0.9094791562037411,1.3615964316483022,0.880207979235889,1.1581265707782789,0.7598238428320178,0.9878925636796402,0.7580119934460455,0.5213397199660034,0.2395078160416245,-0.4563277111197448,-0.38747129886071147,-0.2153855435479367,0.21697422016320975
2022-08-05,37920.16015625,18.920000076293945,1.0,1.0,1.0,1.6072405492543058,1.4508625970552895,0.807489305709544,0.9272903245284837,1.4566031018264571,1.0088149292376352,1.0906370922222073,0.5339812852767827,1.010087816817023,0.7721755860294809,0.5401116819459304,0.187390175925656,0.25703452030789964,-0.13848361707009238,-0.16983216567539328,0.25680664508508744
2022-08-08,38236.953125,19.299999237060547,1.0,1.0,1.0,1.6312656568511599,1.5057752581029855,0.7124038557183557,0.9473884612979032,1.629346576543041,1.2478186036667194,1.1192759607219902,0.722104098029958,1.0378833139189034,0.7800973819071407,0.5928787252761248,0.20687492841214714,0.5250717079089754,0.5453050811801554,0.18665769747848937,0.1791998738447979
2022-08-10,38287.40625,19.59000015258789,1.0,1.0,1.0,1.6369896061034794,1.5509171265678174,0.5863548725045782,0.9662068739238733,1.6561969760253397,1.1856352422020555,1.2281602606991924,0.9416101196076144,1.0592906462617464,0.7998837187526612,0.5922509691147504,0.11286302686944702,0.05091178016054536,0.4016893448832795,0.4757967271839829,0.12367475655408561
2022-08-11,38879.3984375,18.36000061035156,1.0,1.0,1.0,1.7139334027273536,1.6033193484555248,0.6800177109043111,0.99067660845078,1.9413701367715568,1.2717549890686297,1.3218979449930577,1.0540389706621744,1.0851635868626628,0.8269808428241437,0.5820289865671439,0.1446832195008356,1.0007952877673585,0.7331490962251388,0.8997587221253539,0.6081105363092548
2022-08-12,39041.84765625,17.610000610351562,1.0,0.0,1.0,1.7778836590812994,1.6587791669832084,0.7194625097042352,1.014858485165061,2.010184124044628,1.281797791166825,1.3340114675673438,0.7929240840522428,1.1025507895264142,0.8674839702226239,0.5093277803673832,0.0855387535137258,0.24400336838457398,0.867685395304523,0.739542831272891,0.9162206976479226
2022-08-16,39239.19140625,17.68000030517578,1.0,0.0,1.0,1.836442242597534,1.7155436649272027,0.7362936431513144,1.0392186736138846,2.0919654172342894,1.1254282004992135,1.312547759560903,0.8371055387189251,1.1142671778993876,0.9161349779251591,0.39831941528283804,0.0466422718768214,0.303087015631659,0.3815581142895556,0.8832889396759163,0.9364814602779261
2022-08-17,39461.2421875,17.68000030517578,1.0,0.0,1.0,1.8940157142538425,1.7731433617395818,0.747068200818804,1.0640508513402513,2.1803606656193724,1.2924807183580345,1.3199364468158576,0.7216002798657929,1.1357516327284045,0.9485026301960912,0.36219155032969835,-0.019690561631943167,0.3437926151428904,0.4510861350089625,0.5087812001521748,0.8567278520858967
2022-08-18,39655.6875,17.350000381469727,0.0,0.0,1.0,1.9457965226522336,1.8301849315102638,0.7398680330214246,1.0889629631923385,2.2546429279809312,1.2773128267405576,1.3183375646229774,0.7594440807500785,1.160022762886373,0.9757212144544456,0.3487832832036029,-0.04799164311973414,0.2945166636403272,0.4451147540217051,0.5375750252161818,0.9639016476640792
2022-08-19,38985.49609375,18.290000915527344,0.0,1.0,1.0,1.8557397550294505,1.856753491053593,0.34674824032853524,1.1030756851948782,1.1750057148154673,0.33732176209265646,1.0373789592252323,0.40979487493299216,1.1640681119420955,1.0117705675764683,0.2560420396507313,0.07536035258408945,-1.192808348666799,-0.6255098585477271,-0.31512225409560135,-0.0011727151832574795
2022-08-22,38297.3046875,19.040000915527344,1.0,0.0,1.0,1.6527369610790934,1.8350333717708471,-0.2762041778241201,1.107191203473752,0.3301356874114699,-0.5724893576945891,0.3725202978295893,0.1609727060097003,1.1560156394537342,1.0482151159784618,0.13041683780459803,0.13822698066392014,-1.2446520533133913,-1.6979235495960516,-1.220574921077549,-0.65610561132387
2022-08-23,38697.19921875,19.049999237060547,1.0,1.0,1.0,1.5355960897861907,1.7928589719936272,-0.5400764519341483,1.1159429346754235,0.6154968530741785,-0.05036954171489732,-0.10079620927397184,0.2894256453123395,1.1574984799986872,1.072842334483452,0.06455074580845521,0.25076957376439046,0.6651477911490158,-0.40339515920018904,-1.0093060304869839,-0.49681723012277934
2022-08-24,39038.046875,18.43000030517578,0.0,1.0,1.0,1.4777249001528134,1.7468683278815442,-0.589308253144267,1.1281468950741516,0.836678178645934,0.39465608792319085,-0.08035661959197885,0.2990495706817389,1.16060492896143,1.1004947697821472,-0.005129197862187388,0.2500189629316547,0.5555494918211301,0.8508927966189276,-0.012698908473046609,-0.4036549425314802
2022-08-25,38950.296875,19.56999969482422,1.0,1.0,0.0,1.3991833227698158,1.6934488409921622,-0.6851447035235053,1.1380852284636735,0.7322048745441629,0.28008584434170153,0.22358499043360364,0.222840916909463,1.1491619548919665,1.1464392591404848,-0.16465729207013274,0.2791910234011911,-0.19080815796386974,0.25450666386301074,0.5880181228316796,-0.6171732533166729
2022-08-26,38986.6953125,18.21999931335449,0.0,1.0,0.0,1.3249713623523474,1.6350028443391833,-0.7499896420934548,1.147534718144303,0.7577583717452863,0.11806071942179018,0.28363009217318635,-0.082095957609516,1.139481569984511,1.1860116383543506,-0.300741778403212,0.2528930697411733,0.02486553115275618,-0.11524665737580075,0.22304143119893804,-0.08145849418499072
2022-08-29,38276.25390625,19.81999969482422,1.0,1.0,0.0,1.1369132513378357,1.54843481613603,-1.1127804241863923,1.1471513559070945,-0.04791915822246127,-1.0023642503882713,-0.21440528329952876,-0.5507860995504538,1.13187057085544,1.2059805195821613,-0.37649230536356026,0.3945632044731256,-1.2839737909361981,-0.8769083117935651,-0.8255322430523178,-0.09875806474189991
2022-08-30,39536.2890625,18.700000762939453,0.0,0.0,0.0,1.1733576955994167,1.4868955523453997,-0.7898946113375376,1.1626478499229915,0.796147323803257,0.934115993764759,0.018755353024555724,0.018720944387510013,1.1406995303296708,1.2240831124877967,-0.4024506077770715,0.6121788419640699,2.155280435016766,0.6074553485067553,0.511796161061819,0.5568247342437946
2022-09-01,39300.79296875,19.8700008392334,1.0,1.0,0.0,1.1488183385146034,1.4324692470044347,-0.6981332549666586,1.173707422372076,0.5672684044991452,0.5090334032543461,0.15813645010111851,-0.22511126780150567,1.1467315971971703,1.2364595909358684,-0.4201302515408724,0.6744390962941511,-0.44302424651268835,1.1933857893914492,0.24508743934569535,0.1175029268432752
2022-09-02,39420.54296875,19.549999237060547,1.0,1.0,0.0,1.1329478186614033,1.3855684703241367,-0.6010494997054131,1.1852194067278714,0.6393366360657503,0.725188327113341,0.7740060068928202,-0.2641593693145521,1.154343484242228,1.2471698116121832,-0.4289315552687665,0.5914068835450366,0.16765971825935677,-0.19148621702551924,1.0725543687785277,0.2752106145501269
2022-09-05,39805.2890625,19.65999984741211,0.0,1.0,0.0,1.1659489321694287,1.3550340669212724,-0.38991363810339735,1.2004727062580511,0.8641698310231942,1.2341699050570276,0.8809747161337478,0.30067084795658255,1.1682035351056497,1.2569521834192465,-0.41836786449253377,0.533046595157807,0.619431928505997,0.5487786647113677,0.19708281228301602,0.5367896790473277
2022-09-06,39666.0390625,19.520000457763672,0.0,1.0,0.0,1.1540138602635355,1.3280799320754153,-0.34372606351149826,1.2125224182814227,0.7142002196547226,0.7090352730165183,0.9522750426720448,0.6089128774306946,1.1702149157698571,1.2803884557294385,-0.4767993516064558,0.4943672356340664,-0.27574479320922096,0.2398371799126017,0.2924362294543623,0.9803593109646392
2022-09-07,39455.44140625,19.3700008392334,1.0,1.0,0.0,1.0957274974819473,1.2941776092347907,-0.43336178389866303,1.2207765399936785,0.4876554543785744,0.38504505019871876,0.8310145427444291,0.2706269510191231,1.1668138656326243,1.3044646302367968,-0.5512203949530801,0.4280555869039449,-0.39894302191624814,-0.46971416908762664,-0.03054131732406909,-0.1433694859461808
2022-09-08,40208.48046875,18.309999465942383,1.0,1.0,0.0,1.154152368305059,1.2794240875842546,-0.18633096226332874,1.2377130669499148,0.9446018392650083,1.255397126904844,0.8385820112438486,0.4882725022273823,1.1852780491414938,1.3115041152382696,-0.5206971341099493,0.48709899112525834,1.2420765959883033,0.5878258006455036,0.3243815112449954,0.5979894336413801
2022-09-09,40415.23046875,17.719999313354492,1.0,1.0,0.0,1.2169772319260619,1.2809210696565552,0.023310113790991828,1.2556362106265573,1.054968791727173,1.0126196848021953,0.9468093379083187,0.6481069611469602,1.2062960580205693,1.3179616805115368,-0.48194283429875917,0.4419563708287984,0.3089682202261547,1.0810619870091944,0.6576823607789242,0.6601580087820589
2022-09-12,40573.52734375,17.940000534057617,1.0,1.0,0.0,1.2748724307758175,1.2943748622701161,0.1775600171047532,1.2738427708720215,1.1392636488282242,1.2017784938113207,1.2379734219919958,0.7128823778311133,1.233515644518997,1.3121370810213475,-0.39380653526382836,0.3489788721660099,0.22636224595396412,0.37336440767758244,1.014121797237982,0.48722728094092865
2022-09-13,40872.625,17.469999313354492,1.0,1.0,0.0,1.3505078150336098,1.3211496372489204,0.3494085409893273,1.2940761470548965,1.2945507419143458,1.3010227713368163,1.2542388866618426,1.2813317151070243,1.2663117016668939,1.3023068022682915,-0.28051177170958425,0.2696407661232307,0.45904988401723634,0.4779336009388712,0.5677772447636668,0.810499677635474
2022-09-14,41404.91796875,18.280000686645508,0.0,0.0,0.0,1.4760511404635122,1.369146531133572,0.6231863831692216,1.319075444670758,1.543047842044775,1.13849443063658,1.2991130195466454,0.850366723191039,1.3118853897737077,1.283590018727271,-0.11023272196191186,0.4986270787343755,0.8379527714051684,0.9040584601468985,0.8693114953225929,1.3546711039687425
2022-09-15,41208.71875,18.38999938964844,0.0,0.0,0.0,1.5240823918036868,1.4177120907158465,0.6305225058395169,1.3392269002175923,1.300718123452337,0.8049452918230146,1.15764265771128,0.8772509508190645,1.3433076434009987,1.2740831687213232,-0.0026078497156288225,0.5156271215693841,-0.36009382857626887,0.3333212026615405,0.5350170579423937,0.6497973628889806
2022-09-16,40776.328125,19.81999969482422,1.0,0.0,0.0,1.47349285117878,1.4458549131966356,0.36705716009068196,1.3520224052725054,0.7985154330828662,0.4413136016942547,0.8511578003628324,0.5806932363914172,1.3595125323165531,1.272113243963641,0.04473609429361388,0.5375691182259472,-0.7528056576397468,-0.7750375494801129,-0.15577051179810325,0.18267069896026614
2022-09-19,40903.921875,19.940000534057617,1.0,0.0,0.0,1.4347528365556277,1.460168048357228,0.1886460424570494,1.3652036205371252,0.8753629920467059,0.42503146632706723,0.5968094665760513,0.4383702833009627,1.3773097823839453,1.2791405132840705,0.07161135022807268,0.5480942855730587,0.1732031770977015,-0.40346359272002574,-0.5346941878905264,0.15928340434882102
2022-09-20,41467.8203125,18.799999237060547,0.0,0.0,0.0,1.4747229398281456,1.480080084686353,0.2608751675175521,1.3842197903317597,1.1897729772722736,0.9343452047916563,0.6429403155509259,0.8118171960940199,1.3981744298195038,1.2996942017016024,0.06962454794010971,0.5875720951721075,0.8889267954366948,0.7404112407044077,0.17727839610075852,0.3484074464047072
2022-09-21,41202.96875,19.32999992370605,0.0,0.0,0.0,1.4448700501598268,1.4896899635584373,0.12797126424100666,1.398094723517839,0.883955834049202,0.5452168766516495,0.6799816564227397,0.7880862479744742,1.4120396197419596,1.3186836553063142,0.05394794113268012,0.5759640733591421,-0.47235996714378603,0.29061600598123033,0.3371393616387935,-0.22806371287067356
2022-09-22,40630.12890625,18.81999969482422,0.0,0.0,1.0,1.31195622926239,1.4692404851709486,-0.2598121613609023,1.4034454992765835,0.28803890368398427,-0.19947238797871308,0.4573470941090195,0.07979928595037135,1.4158373941989635,1.3359902773591075,0.017137103107035024,0.6344741784392954,-0.9866244221319641,-1.0161717306899238,-0.3239909967654267,-0.5037054027992245
2022-09-23,39545.7890625,20.59000015258789,0.0,0.0,1.0,1.018937283370658,1.3908498374651197,-1.007287396031477,1.3946524777203282,-0.5845017734220164,-1.575617245610895,-0.43745025216265393,-0.5906616040316606,1.4115414972953135,1.3484418760154098,-0.0272550010723113,0.8013305054202593,-1.8704976761645498,-1.9903222605242,-1.8969310536418025,-0.9954332130205844
2022-09-26,38615.80078125,21.88999938964844,0.0,0.0,1.0,0.6282238645168795,1.2454246830717404,-1.8720720423683066,1.3750034624922682,-1.1409336867083701,-1.8197029931512065,-1.280540165043765,-1.150899132252476,1.4167075654044492,1.3380820142720329,0.013750404282794145,0.9070560119381438,-1.6501776512475774,-2.4526520621922665,-2.5683162044552206,-1.7976283142303335
2022-09-27,38358.703125,21.56999969482422,0.0,1.0,1.0,0.27181356032813364,1.053633770267503,-2.4702176537974037,1.3539931047757583,-1.2759946899240535,-1.7849100097111916,-1.8457459817196162,-1.4286212894566515,1.4150029119659164,1.3409667285430766,0.001647088001662075,0.9486302207286645,-0.4908292935855023,-1.4913700102073477,-2.2857007439775576,-2.4046510262560914
2022-09-28,37759.4140625,22.100000381469727,0.0,1.0,1.0,-0.1077638491627745,0.8198458572306352,-3.012003709785905,1.3274484328759717,-1.569452854070931,-1.8371876428984428,-1.9389953836453653,-1.9846752642134322,1.4394821598449816,1.2916175298502806,0.19712105199566435,0.9502924307576277,-1.104891257815572,-1.1114424639821299,-1.8492861888352146,-2.6829327186216267
2022-09-29,37647.3125,21.299999237060547,1.0,1.0,1.0,-0.4241364751456545,0.565840571084458,-3.272819738994352,1.3020222898563512,-1.6218699560392849,-1.856520313377825,-1.9521206957114199,-1.9506992919150419,1.4600987480722853,1.2479571807168146,0.36814635823963443,0.9530818656589072,-0.2397701853076178,-0.9365173748648999,-1.0453191215985018,-2.354354727241764
2022-09-30,38631.5,19.96999931335449,0.0,1.0,1.0,-0.5140483118465056,0.3436023272531821,-2.863006169670941,1.2913925950661076,-0.8288118421604377,-1.024723698524624,-1.681115568199373,-1.242010705783535,1.463517414289904,1.2338361744722235,0.41538219090588974,1.1592753592822675,1.7094355192514115,1.0243609444293806,0.20888612861387004,-0.7793656589257308
2022-10-03,38029.20703125,21.3700008392334,1.0,1.0,1.0,-0.6763498872125873,0.13145306797339007,-2.7328523225199626,1.2742021812131836,-1.1479889004988166,-1.4678371043206955,-1.5494427291453956,-1.6124456900380322,1.4712452986016193,1.2020165526006166,0.5222256506358656,1.1265943262749296,-1.1026506336222055,0.42315017635846275,0.2101633397071387,-0.5384815361516339
2022-10-04,39109.59765625,19.56999969482422,1.0,1.0,1.0,-0.6274657326725989,-0.02791773841269013,-2.0519791726266985,1.2722334928337289,-0.438858217791304,-0.6729821180048746,-1.1275133746799402,-1.331454409558025,1.4703996846242182,1.195463989421333,0.5381251220361136,1.2372598107822297,1.858912047459716,0.5272977422329955,1.406464012020489,0.49528549901407615
2022-10-06,39282.39453125,19.31999969482422,0.0,0.0,1.0,-0.5571808309687845,-0.14053532069321995,-1.4488350253642002,1.272625000346708,-0.33762517619977905,-0.49301986325269803,-0.937961861378422,-1.116562218773873,1.4701333865112065,1.193429691783762,0.5430562278787973,1.1449305599415018,0.2601878077574138,1.4768535557860973,0.5803570461637589,1.0958510649909896
2022-10-07,39177.59375,18.809999465942383,0.0,1.0,1.0,-0.5148213311928976,-0.22166203160551434,-1.042584224027645,1.271661484393362,-0.4021259920707261,-0.5730425556018894,-0.6189691260394783,-0.8889707183516866,1.4647553043234087,1.185276256846406,0.5519335261514975,1.052304508084412,-0.21932928751538325,0.02884175800158525,1.0838720155657458,1.1048440234659052
2022-10-10,39092.6484375,19.6200008392334,0.0,1.0,1.0,-0.49168405755633543,-0.2816653220885379,-0.7700796503683641,1.2697216521893104,-0.4567474433953619,-0.6379042152919828,-0.6064639133598075,-0.38000459231702016,1.4562178865706226,1.1765283774160447,0.5544693803463256,1.0630193707719844,-0.185405339974817,-0.2816246561100175,-0.08143935307580977,0.271210132391825
2022-10-11,38712.0,20.489999771118164,1.0,1.0,1.0,-0.5306246908847089,-0.3379115475628383,-0.7216112973456883,1.2631803941080264,-0.7003192258607308,-0.8852637611349299,-0.7462981960838331,-0.08772267740583288,1.444808010705183,1.1635814951571364,0.5613520855112514,0.9993245582119639,-0.7011061909722845,-0.6173020523610374,-0.6294006589924028,0.4478693249227086
2022-10-12,39118.09765625,20.18000030517578,0.0,1.0,1.0,-0.4933644322392726,-0.37502066417714586,-0.47473131366003474,1.2623682764686723,-0.41138544099167873,-0.4367194331968998,-0.6976992347153513,0.2748792465650793,1.4259522495649095,1.159851770464214,0.523699989034106,0.9418324485190551,0.6683906517626949,-0.022420866941899067,-0.12337838291680506,-0.07589971809187154
2022-10-13,38623.55078125,20.290000915527344,1.0,1.0,1.0,-0.5392295601424157,-0.41441744134289915,-0.5042434831183975,1.2554152030282844,-0.7295388811355709,-0.650437060419234,-0.7021671726955788,0.33958316723037646,1.3916158278606579,1.15858821725302,0.43934795878595534,0.9253593774273466,-0.9001061929878602,-0.1610738452213151,-0.5307755093674502,-0.5863702401525954
2022-10-14,39305.14453125,18.26000022888184,1.0,1.0,1.0,-0.46373729393114504,-0.42995341976717494,-0.1964251158237645,1.2576945048521362,-0.2652527443675549,0.8891052797672472,-0.0696076262962913,0.7827372036840508,1.3595575662014134,1.1666739501062662,0.3343368051758965,0.9900292512620386,1.1463924054812982,0.1719732206308888,0.5223442905372105,0.014478049303240328
2022-10-17,39919.984375,18.420000076293945,1.0,1.0,1.0,-0.30457932399979754,-0.4086890283421341,0.27832134533153297,1.267487562314901,0.09916390988124085,1.266877797560957,0.5377218901087929,0.5589100410858001,1.3429849761599981,1.172560794696061,0.27512170494634985,1.0143833554112287,1.012861937304949,1.5048311398883651,0.7187014255301858,0.5416548874221878
2022-10-18,40318.28125,17.450000762939453,1.0,1.0,1.0,-0.11592301631554855,-0.3517396482214442,0.7386787322000476,1.281356026179914,0.31508300125007177,1.210246386727437,1.2010523755873488,1.1212577683973084,1.3291533582333137,1.17919905445536,0.22082673965121197,0.9429608334480631,0.6340082020319802,1.1478281493757416,1.5931844956745569,1.1290375169711666
2022-10-19,40372.73046875,17.489999771118164,0.0,1.0,1.0,0.03932830210089748,-0.2733139941424319,1.015735324355589,1.2945883138985097,0.3446328437328622,1.0635403077045276,1.263238166482377,0.5367854440787939,1.2968059571338204,1.1983926966667897,0.08340943520235007,0.8566667720429495,0.0530084706056662,0.4790515638395046,0.9699286659134255,0.8583005631643601
2022-10-20,40099.0859375,17.229999542236328,1.0,1.0,1.0,0.11476295633389465,-0.19460422382106576,1.0194005913397666,1.303119650479642,0.12679189907770008,0.7882613851761957,1.0926122291838856,0.29568654002116235,1.2649471529193153,1.2169578331061248,-0.05137745351637654,0.799346138587156,-0.4990197882096565,-0.3103841332950747,0.10811876613337153,1.034758242258689
2022-10-21,40783.578125,17.280000686645508,1.0,1.0,1.0,0.2782960347256448,-0.0970170385541742,1.262930370465472,1.3194451007877805,0.5127139918782984,1.0705606960188645,1.0428145179320254,0.7189697534515416,1.2697313629918356,1.2140052640726258,-0.030659464940962843,0.8687663874501285,1.107974340593632,0.4246618886920197,0.3782911635369707,1.0178562418801893
2022-10-24,41304.41796875,17.420000076293945,0.0,0.0,1.0,0.48311314101346403,0.024411760022906775,1.5705012343886144,1.3407646474103412,0.770137760585308,1.2014410994817926,1.0919759157494593,1.0455170633511608,1.312905893886772,1.1923566528339415,0.14213955413658222,0.8462776379220803,0.8210762916843383,1.3444370205433374,0.8161087789875316,0.933480283217277
2022-10-25,41122.2734375,16.8799991607666,1.0,1.0,1.0,0.6067912213983485,0.14773700706762163,1.5949665373858157,1.357763524326764,0.6142146363690468,0.9033926392072766,1.1330200120718636,1.1646109773532973,1.3483287301990312,1.188809999041052,0.24402454057177267,0.7851495510970288,-0.3377263616181093,0.33714704048283234,0.9080500131860739,0.5059663516686405
2022-10-27,41298.8203125,16.600000381469727,0.0,0.0,1.0,0.7222026648297865,0.2708293953488551,1.5919625220901963,1.3753633138441033,0.7061431611531492,1.090443401656048,1.1401081628280632,1.0281165665005667,1.3821296316181482,1.1927553308687742,0.3204068939302033,0.692301228523488,0.25175474185139385,-0.05952696797678561,0.4199837087067326,0.5934046326347294
2022-10-28,40990.375,15.920000076293944,1.0,1.0,1.0,0.7531392915798286,0.375852479437161,1.3588578479726254,1.3874086239417864,0.4292332910109781,0.7636467314976289,0.9840352149550435,1.1440282019197257,1.3953053649640454,1.222158131533775,0.27339199749013865,0.6823871573961067,-0.5461333358395406,-0.20473424122969092,-0.35935952442456137,0.5726770607957697
2022-10-31,41307.41796875,15.800000190734863,0.0,1.0,1.0,0.8164363257920029,0.47327070292940476,1.2607506639866235,1.4022931752723415,0.6103946288101866,1.0995525867199862,1.053965902743226,0.9274322098526848,1.4067345344001283,1.259123114635455,0.20167223856304795,0.5890095231071222,0.48343940785681566,-0.0433082681746223,0.10872523217445348,0.2979133604279807
2022-11-01,41289.0703125,16.1299991607666,0.0,1.0,1.0,0.8513364832502732,0.5585935204907329,1.1047127984583314,1.4155294517557324,0.5927930670637858,0.9433830406350228,1.0015391340629762,0.5786586522640994,1.425879949850832,1.274619222694856,0.20850828381320086,0.5401006534795901,-0.0684860374970116,0.28949183138079276,-0.07381991623111958,-0.09344895489130295
2022-11-02,41146.171875,16.65999984741211,1.0,1.0,1.0,0.8438977331595053,0.6252770176961244,0.8642545798710242,1.4257083636865275,0.44995639598341836,0.7988345322955569,1.0140835252231204,0.2903145921887256,1.4272400555185374,1.3148555151377566,0.10314051603498628,0.47220517328601924,-0.2732061415955558,-0.23769991671390828,0.0817553208719015,-0.06506332988829967
2022-11-03,41297.87109375,15.9399995803833,0.0,1.0,1.0,0.8499515446315016,0.6799053857416669,0.7087363084285779,1.4368252808989104,0.5506735585481172,0.8449405460539797,0.923314765602745,0.34020453076633145,1.4421263008426266,1.328533739407904,0.10429457482959419,0.48274385202109665,0.2108486683292507,-0.04307384381273815,-0.07362812873839225,-0.08305992789957486
2022-11-04,41257.96875,15.65999984741211,1.0,1.0,1.0,0.8362130379856506,0.7206996873569438,0.5302686976940122,1.446381722676626,0.5066854020112788,0.7932726620081199,0.8698006708314671,0.46561482688526096,1.4545543706709398,1.3419400243045794,0.09992644758143729,0.43432269985074384,-0.10386763685952079,0.07491252694718992,-0.09379651366300473,0.11151455245011768
2022-11-07,41686.21484375,15.59000015258789,1.0,1.0,1.0,0.8811439784927757,0.762846848386057,0.5477213815064108,1.4604126791623975,0.7972685729057283,1.1782184521761776,1.0050503932617287,0.3238065577570025,1.4720226346731264,1.3571994080097045,0.1033980857760846,0.4061493344007061,0.6609833764915728,0.3885432670552127,0.43871456929503316,0.18962489543172908
2022-11-09,41782.71484375,15.920000076293944,0.0,1.0,1.0,0.9190760805049848,0.8045946678172686,0.5425696395219626,1.4743207193078893,0.8597002082819595,1.0770168680271,1.0877852074820504,0.10270536031750313,1.486219334406643,1.3783053173038367,0.08301449070390637,0.3079205199984752,0.11820835449804092,0.543274409237165,0.38590730386472705,0.27176096067579825
2022-11-10,41603.265625,15.56999969482422,1.0,1.0,1.0,0.9074617228817219,0.8355342053076048,0.4031364320947132,1.4846478376465608,0.6370759484828821,0.7970220808393091,1.0891218689208189,0.10515332590311642,1.4840265846169451,1.4192407659524224,-0.031086768920570922,0.2718512828169997,-0.3299043526356484,-0.14712525605162505,0.25706079683830874,0.246816622972634
2022-11-11,42136.5625,14.40999984741211,0.0,1.0,1.0,0.9698546759427332,0.8734942007686373,0.49370447776720755,1.500696953395334,0.9931466924339759,0.992337807653161,1.0228557351721694,0.28509780494509696,1.4950989759260398,1.4480032486809202,-0.07890505055923062,0.3215997656577417,0.8242733169066969,0.34482453744157504,0.3501400931942173,0.5166923617105008
2022-11-14,42076.26171875,14.90999984741211,1.0,1.0,1.0,0.9956648759436033,0.9093261243553337,0.4662510963049582,1.51445937600975,0.9160343723448325,0.7586196138565592,0.9093476553814556,0.4151359633870265,1.4812814065821498,1.5086000176379475,-0.2722009673507214,0.2249050322737508,-0.13539048063014145,0.48035181079363154,0.20558249784940402,0.5028239089682749
2022-11-15,42372.20703125,14.640000343322754,1.0,1.0,1.0,1.0488458710444806,0.9492498900728101,0.5190382715194459,1.5306322290360501,1.1059657750791583,1.180146560107686,1.0459308808739645,0.4001744284760054,1.4835348760040015,1.5472350561479058,-0.36656502024664706,0.16734416156585472,0.4363080204472879,0.2100375229628964,0.6423424621462682,0.40397814554931205
2022-11-16,42534.8046875,15.100000381469728,0.0,1.0,1.0,1.1017813626343635,0.9923951572778892,0.5605975394590935,1.5473092698537434,1.206133317164548,1.195814148520446,1.1184698504541333,0.49223618506996397,1.4977711675760594,1.567293883509716,-0.3822547624408643,0.09651949869305838,0.2210055635701963,0.4583559776105157,0.2984649529009523,0.449203704715996
2022-11-17,42457.55859375,14.880000114440918,0.0,1.0,1.0,1.1159991825938425,1.0299212327808291,0.48810665455584873,1.5614267493154133,1.0940775136905376,1.0363398716016774,1.2174766501759224,0.527862994443689,1.5112393409393803,1.5818003210506075,-0.38554803655767705,0.012958313913917848,-0.16150756219119222,0.04182879090131875,0.28357757178983495,0.5232897531453742
2022-11-18,42436.95703125,14.390000343322754,0.0,1.0,1.0,1.1086767738250791,1.0583919653821308,0.37128739391517274,1.5739406683783377,1.0627272781043577,0.9989118814457726,1.1528667953579472,0.43799363074081654,1.5204344263654366,1.599772591214338,-0.40842465218136587,-0.031340518132309064,-0.07126784372949371,-0.16181230449327097,-0.005753198769001938,0.12929705517124732
2022-11-21,42346.05859375,14.800000190734863,1.0,1.0,1.0,1.0734468143876774,1.0737104947937934,0.20161622087416117,1.584119852946937,0.9185843973805164,0.8337716973487108,1.0237992770394138,0.41265478147134416,1.5154751482910638,1.634990265137663,-0.5106344366877578,-0.11216610961840082,-0.18362379596956468,-0.17722176002410805,-0.2364019207610284,0.10807684232327879
2022-11-22,42456.55859375,13.84000015258789,1.0,1.0,1.0,1.0485968691965277,1.0807046736211088,0.09422719197264405,1.5947189888572566,1.008790327390384,1.0345231166756417,1.0231516069970268,0.24727218697459832,1.5227852910610709,1.6497047882782658,-0.5295712639377972,-0.20905321186620598,0.1381079730980621,-0.03133944701511579,-0.06561367054106604,-0.023116056848065492
2022-11-23,42728.60546875,14.039999961853027,1.0,1.0,0.0,1.057705034255983,1.0882281827169917,0.10105586442386665,1.6077293280087743,1.220853014039486,1.1245646919207326,1.0679466203035166,0.334407760740309,1.5398982277459905,1.6508421568944778,-0.4895036425988702,-0.2265469683038669,0.3942001862516146,0.3712586195415543,0.19971459522145896,0.05308079446850023
2022-11-24,43074.8984375,13.479999542236328,0.0,1.0,0.0,1.1050539261207108,1.1042705814027909,0.21095456115831274,1.6238547825530514,1.4605895949308163,1.1990429819186927,1.198165212239043,0.6012297838723617,1.5626038807872247,1.6531931783205422,-0.43868280771197565,-0.23354122871398597,0.508295689216598,0.6291864026692858,0.5941257797214871,0.3477602595045061
2022-11-25,42983.44921875,13.329999923706056,1.0,1.0,0.0,1.1126118079057783,1.1187044769495769,0.1902039226149916,1.6372946214665216,1.2983787942445508,0.7595375141987579,1.1001333124710724,0.2811949044219044,1.5799988259360631,1.6575164559187776,-0.40628820497829693,-0.22805147290966168,-0.18233854785332168,0.22748383097362837,0.4114633535241063,0.29889478206230086
2022-11-28,43019.94921875,13.56999969482422,1.0,1.0,0.0,1.1091385191724676,1.1295163105590997,0.14347718878481702,1.649913416974286,1.3256017017436181,0.8187292696036504,0.9911035043791979,0.33000152690437756,1.5911024254974357,1.6730296221199241,-0.41787577956811467,-0.23929213185474046,0.01909207201854653,-0.11336811788346789,0.19764246999973273,0.3880794842976127
2022-11-29,43052.94921875,13.619999885559082,1.0,1.0,1.0,1.096508766614044,1.1354921039084807,0.08108941907196601,1.6617453556210815,1.3514920031410413,0.8722451032573891,0.8746006162397969,0.1966971465272944,1.6036054769002703,1.6832829291528226,-0.41270829509358514,-0.2796435292059837,0.013537534444163625,0.023108273619908436,-0.08438188983216248,0.3332748082309078
2022-11-30,43230.49609375,13.8100004196167,1.0,0.0,0.0,1.0997036086812748,1.1409490752505203,0.07439630938411584,1.6746828699607577,1.490554212196593,1.0861818330609776,0.9910487605718982,0.20277425711707422,1.6169920859070053,1.6952303515172953,-0.4096345045129725,-0.27745309000644547,0.24033644105933294,0.1772599840940385,0.15655328630429735,0.26558256274478587
2022-12-01,43260.14453125,13.359999656677246,0.0,1.0,0.0,1.0918757746613892,1.1436575278014132,0.03893879700425693,1.686761031613154,1.5137463271002576,0.797614443184082,0.9835213608515614,0.2561491236138487,1.6245128945161793,1.7156184849599652,-0.4421772846960572,-0.2871478105352319,0.008037659737878634,0.17342795394094632,0.15025199845950837,0.04549439775466644
2022-12-02,43103.25,13.449999809265137,1.0,1.0,1.0,1.0460065450940108,1.1361139376601417,-0.09331859626780134,1.6957161422183522,1.167098052339323,0.39672468753345097,0.8139991410990142,0.1890495337993843,1.6266457132887753,1.7375171038512023,-0.4916079350554629,-0.3232872990505464,-0.28447832464508,-0.1922360137621199,-0.019624396843271576,0.0005580754531081958
2022-12-05,43332.4453125,13.729999542236328,0.0,1.0,0.0,1.0319008013545896,1.127092929944009,-0.11237815377186831,1.7067002257999133,1.3736055131604437,0.8809381915282297,0.740830131836273,0.3481346703819125,1.6281887710790952,1.7636290413038307,-0.5527416070012962,-0.337532363120848,0.3207863780142302,0.025671226453359217,0.026234052884878897,0.13328827123576545
2022-12-06,43138.05078125,14.039999961853027,0.0,1.0,0.0,0.9758672731175101,1.1080140258393716,-0.24213094529708545,1.714193941260114,0.9611121767343633,0.3956245841912722,0.5975214305458605,0.19639849272563048,1.6297444473708873,1.7814060924878572,-0.592945703409247,-0.3899847498528511,-0.3429179591688713,-0.015046508693457989,-0.17381931217205018,-0.02353407017010379
2022-12-07,43098.19921875,14.079999923706056,1.0,1.0,0.0,0.9120579313756202,1.0792426926585605,-0.3671689930871828,1.720472886629064,0.8779610667904992,0.2961335880684622,0.5616608746059154,0.04131483063934912,1.6292268491692001,1.799529063969747,-0.6389783954888179,-0.4019423789761782,-0.10099366392208525,-0.308921174024926,-0.06922852679495116,-0.1737020075833733
2022-12-08,43596.34375,13.399999618530272,1.0,0.0,0.0,0.9279470076214203,1.0595892868435195,-0.2495423559719937,1.7324173735080248,1.3509135172098397,1.235212260347419,0.6879589778231318,0.11372107440822962,1.6318429831635861,1.8234308496603842,-0.6913381511323583,-0.3629798191112312,0.7399449559808395,0.4455620758902769,0.1697022083102699,0.1483000878969257
2022-12-09,43632.94140625,13.479999542236328,1.0,0.0,0.0,0.9331208907471223,1.0449618547824642,-0.18470433224195526,1.7436844593643646,1.3813764575418264,0.8570806280974297,0.8524672729340931,0.17667744435570512,1.6425772619703725,1.832204021467428,-0.6864247936834882,-0.34298841569412797,0.018435803608957052,0.5287743934771342,0.3756827720205095,0.2815669436163284
2022-12-12,43708.2421875,13.31999969482422,1.0,0.0,0.0,0.9359601298136001,1.033860965910121,-0.13920984656673968,1.7548253013393194,1.4460042691737198,0.9701248018694516,1.092743994772233,0.19530631179999067,1.6507341549332943,1.8454850214773093,-0.6988890531666213,-0.35549540728402007,0.07838751664133439,0.06783515559636936,0.47793447242463816,0.1749237366080444
2022-12-13,43946.0390625,12.880000114440918,1.0,0.0,0.0,0.9626303884616334,1.0306262533759816,-0.03773153548788392,1.7678951051481175,1.6400087130569396,1.2374230958293853,1.093532153862816,0.2947169103579784,1.667522844272171,1.848961518375102,-0.6662015212172886,-0.401108188973462,0.3290855012170278,0.2842799060420894,0.24373444238381323,0.470571182022274
2022-12-14,44048.58984375,12.890000343322754,0.0,0.0,0.0,0.986283766920147,1.0330458191441967,0.03521198723815017,1.7810096118744079,1.7186300370239498,1.0971985814113066,1.1791337959841883,0.25658376297661684,1.6856409820975178,1.8502451101947053,-0.625029790067106,-0.46442651872622104,0.11946839174019168,0.31290294938425317,0.3013255113030834,0.5675633069287352
2022-12-15,43497.6953125,13.729999542236328,0.0,0.0,0.0,0.9039866737097902,1.0175594708626687,-0.19578485773036666,1.78594831723987,0.5729612332200429,-0.18139447960114138,0.7686191298881687,-0.02486495924147358,1.6870244980002458,1.8626997862696795,-0.6520512996871197,-0.36216253267826265,-0.8907855698362511,-0.5370405451148379,-0.2511270691013036,-0.14987543042534468
2022-12-16,43218.99609375,14.06999969482422,1.0,0.0,0.0,0.7826550387919412,0.9794849181847847,-0.4871860079071696,1.7869123801631033,0.11437809655310933,-1.0665223668549297,-0.05273351052043622,-0.08365511341890368,1.6833006168765703,1.8770463852947263,-0.6960804718295577,-0.3344357959614693,-0.4737437207194607,-0.950360270295138,-0.7087595410210755,-0.3664094628086414
2022-12-19,43413.24609375,13.550000190734863,0.0,0.0,0.0,0.706902226405777,0.9329886760388726,-0.5958307657796085,1.7902270751956142,0.34218047595001344,-0.5660315897968229,-0.6456722388258446,-0.10084968595145836,1.6771833800432319,1.897707066806853,-0.7611925313806822,-0.36170039977881946,0.2653311186809401,-0.14483755432600262,-0.6256141864837235,-0.2841637577823513
2022-12-20,43358.99609375,13.779999732971191,0.0,0.0,0.0,0.628431872229854,0.8791797884211537,-0.6901682024314293,1.7925439599743305,0.25178660540194675,-0.8029200695441134,-0.8672450549577008,-0.032604685580008036,1.6697462995694445,1.9175461629526733,-0.827392101209331,-0.34807711916529216,-0.12308389078656094,0.09948420090366417,-0.18800528102678576,-0.48309536084820415
2022-12-21,42617.453125,15.5600004196167,0.0,1.0,0.0,0.4400576678885873,0.7962545316171414,-1.0657865260918558,1.7853162257989108,-0.7637583804866369,-1.4753635388675843,-1.0129962376914712,-0.3736358284201573,1.6718786210971124,1.913830561350076,-0.8131938779961944,-0.10114387256064501,-1.2067359339816308,-0.9261764976459763,-0.6058289342864442,-1.066558012620567
2022-12-22,42408.30859375,15.1899995803833,0.0,1.0,1.0,0.25190152636758834,0.6900823425848305,-1.3656856535542043,1.7761471197750969,-0.9886714052391437,-1.6383489877529531,-1.3952755669691679,-0.7108880603342691,1.681081980105423,1.8952963895459898,-0.7458177583215206,-0.036647691156215294,-0.3715911188591526,-1.0993235677325972,-0.968890330187166,-0.8381387824331572
2022-12-23,41667.56640625,16.15999984741211,1.0,1.0,1.0,-0.01799127925619018,0.5480092477155589,-1.8288284988069718,1.758537367492693,-1.636493326766367,-1.8507949745199699,-1.7688411890551472,-1.0836849176905792,1.707743210666574,1.8498264537510898,-0.570151788525706,0.05598061816358776,-1.2318578905701012,-1.116827256506055,-1.6009188768030957,-1.171670573355725
2022-12-27,42859.0,15.289999961853027,0.0,1.0,0.0,-0.04334773209773874,0.4289829012563755,-1.5315118605876668,1.7575855023122173,-0.323059879323405,-0.3223128619339206,-1.357780583080135,-0.5470194371806848,1.7078182615546142,1.8475968521950328,-0.564520498319483,0.2765451667836966,1.8710479962354236,0.44572846894288043,0.1534939292265493,-0.46523657280030206
2022-12-28,42827.203125,15.399999618530272,1.0,1.0,0.0,-0.07023380305031753,0.32807013883070324,-1.2978359504280819,1.756324485543519,-0.35180311433989075,-0.36310485817154947,-0.9031582189826319,-0.6733521743343682,1.7078516685702576,1.8445447824120569,-0.5569770867762075,0.2053234712913477,-0.08866224176408921,1.2422484682272026,0.31477037241603295,-0.4500927927450722
2022-12-29,43251.84765625,14.8100004196167,0.0,0.0,0.0,-0.02584323096384558,0.2567372545610992,-0.9162380878658621,1.760522932545073,0.016593062540046975,0.18166874367075866,-0.17858835892801395,-0.5189014969596211,1.7080104629254054,1.8446640784376536,-0.556882707062733,0.33986514509581095,0.6298449319155125,0.37744193669748566,1.3759869317473938,0.35790965561634297
2022-12-30,42985.94921875,14.869999885559082,1.0,0.0,0.0,-0.03529784423294797,0.1976694392619534,-0.7580114691282567,1.7609781915059661,-0.24125122112561576,-0.1594505663901003,-0.12052822745594693,-0.38642167383782483,1.706726290110499,1.8423424339102037,-0.5543267721052573,0.3391317155639391,-0.45605442133690643,0.12146193982114412,0.049481116232432995,0.32075008564261775
2023-01-02,43203.1015625,14.6899995803833,1.0,0.0,0.0,-0.01045519350346266,0.15567428751315246,-0.5377640467189466,1.7641205080506293,-0.051410291736339715,0.11913270914380909,0.051388645418818574,-0.14762459289228025,1.7072788136033668,1.8430991233424556,-0.5548341845221892,0.2877396205186685,0.30288706248336067,-0.10634550696026022,0.2726738838661433,0.9959600383891013
2023-01-03,43425.25,14.390000343322754,0.0,0.0,0.0,0.04176536610932116,0.13313307219740814,-0.2867968006029333,1.7697567914816013,0.13706263181887857,0.40412543961481,0.13069407931452381,-0.13412559152958767,1.7082956272416812,1.8432760643917085,-0.5527944627946132,0.2139936746709503,0.30896860277893223,0.4266832351082354,0.08976645639468347,0.3087243179890621
2023-01-04,42958.80078125,15.199999809265137,0.0,0.0,0.0,0.005965491018643976,0.10752139416579046,-0.32640757936518094,1.7689912781025139,-0.3312688059745681,-0.172678514148799,0.1259783384279598,-0.3333054856631777,1.7077738859098839,1.8414260096745962,-0.5495368879836637,0.26126907896023555,-0.7698326097794697,-0.32073272424699606,-0.08909485568500773,0.009043898069841162
2023-01-05,42608.69921875,14.979999542236328,0.0,0.0,0.0,-0.07999237661572538,0.06883507796494613,-0.495078117926129,1.7638965872068466,-0.6436367453882428,-0.2978300234152618,-0.02266816683278786,-0.14422275099975357,1.708424139159712,1.8342037149789872,-0.5302723698039946,0.3409689566438921,-0.5926251005103786,-0.9489168995881145,-0.5995588916060447,-0.528780924996729
2023-01-06,42188.80078125,15.029999732971191,1.0,1.0,0.0,-0.21530393347449003,0.009241051374151349,-0.7647999049389078,1.7540074141481472,-0.9814648542612148,-0.9799737403295126,-0.5160971713154441,-0.24836970052391474,1.7070557456597069,1.816822781418769,-0.49095223844644414,0.40595028352996704,-0.7091548876906878,-0.9066397800021472,-1.1799144104788533,-0.6401322955204437
2023-01-09,42582.75,14.649999618530272,0.0,0.0,0.0,-0.25906216712959496,-0.04769763178045371,-0.7305444095554443,1.7500134793679456,-0.5942337557188881,-0.3399856852332365,-0.5757418933608142,0.32027764841632983,1.6993279165188362,1.810868758151603,-0.49511756699888104,0.38259849023838277,0.5911025307575102,-0.08187917756712695,-0.404147789796861,-0.5133321048262038
2023-01-10,42014.75,15.510000228881836,1.0,1.0,0.0,-0.38268722203652833,-0.1194195611827653,-0.92125699938058,1.7392580390124175,-1.0286103968935014,-1.2627269879019192,-0.9197260207368162,-0.5526455288526251,1.6936166328226558,1.7942079674241838,-0.4679852454330661,0.45349705929440676,-0.9478882105065415,-0.24821629258067243,-0.6066565310921702,-1.0662853677244892
2023-01-11,42232.69921875,15.4399995803833,0.0,1.0,0.0,-0.44320949905257967,-0.18960945473151675,-0.9014928338893404,1.7322673615832884,-0.8169629205889574,-0.8900328623641699,-0.8876622506545884,-0.4307685163413596,1.67581129769647,1.7899301593493526,-0.5008944851244456,0.44439453295813236,0.312033712871666,-0.44265710842428213,-0.024553823813513297,-0.5903190469739623
2023-01-12,42082.25,15.279999732971191,1.0,1.0,0.0,-0.511850620873092,-0.2602924500645713,-0.9078541375405208,1.7240507546576496,-0.9327379294638823,-1.138853607938739,-1.1724573069088375,-0.7065041346070048,1.6516716828116327,1.7888955086511484,-0.5574964421338509,0.43941144509758406,-0.2801021277304118,0.022621928222213244,-0.5211619822088616,-0.45282478692566175
2023-01-13,42371.25,14.460000038146973,0.0,1.0,0.0,-0.5165884196256743,-0.3178418214166847,-0.73842264724228,1.7202504905478342,-0.6442094532559106,-0.8032077571219884,-1.0086394823845155,-0.4395380942377143,1.6389601988053588,1.7871343660259071,-0.5844016207878062,0.4251121368110604,0.4251398494341478,0.10142847363540637,0.2614979010104612,0.04620737755930798
2023-01-16,42167.55078125,15.020000457763672,1.0,1.0,0.0,-0.5491069677741057,-0.370765379075506,-0.6787469241491079,1.7142508967743029,-0.8145153058474367,-1.1641113472662716,-1.1063479962793066,-0.6421341678734266,1.6320856424116192,1.7802712109562102,-0.5843665448587595,0.4360873364853747,-0.3647852887654675,0.04242559741078228,-0.12430563515676718,-0.37433479015849275
2023-01-17,42235.05078125,14.59000015258789,1.0,1.0,0.0,-0.5601407440425832,-0.4154400362566113,-0.5723312460933431,1.7096714198581722,-0.7431005722678496,-1.0445183881757543,-1.0727176508172318,-0.7141818006791603,1.6185300345687752,1.7787012264688562,-0.6139346724467826,0.4083150319079501,0.06993406942327918,-0.20506354229645077,0.07522363680777254,0.0734553994547255
2023-01-18,42458.0,14.369999885559082,0.0,0.0,0.0,-0.5296376606007215,-0.4447223681091063,-0.3737611771339823,1.7083313875389692,-0.5068384118004879,-0.6495086578463974,-1.0179241832360382,-0.3841755357817961,1.6044331477392364,1.7814021355590866,-0.6554946921322125,0.35656158365922197,0.3181869568364781,0.27079643245611723,0.014257848217782995,0.07616251476952167
2023-01-19,42328.8515625,13.960000038146973,1.0,0.0,0.0,-0.5226097805191912,-0.46666045646190113,-0.2790161072984895,1.7054950993812106,-0.6326620012125342,-0.8783270845507197,-0.9160425794522564,-0.2775311355184864,1.6032348182774747,1.7787981722004407,-0.6520205642902086,0.25897783761423865,-0.2447262358665048,0.051557296612672616,0.0826944716655128,0.09172611328552586
2023-01-20,42506.80078125,13.789999961853027,1.0,0.0,0.0,-0.4854985507010811,-0.47635461224983233,-0.12106216065082942,1.705166419860586,-0.43615731439801453,-0.5630459936150414,-0.7443984893636185,0.018010518736793005,1.6036131348101479,1.7797188831991355,-0.6533616783733444,0.20110115543051968,0.2457356897283199,0.0010769756934869274,0.18290573437171842,0.012797380562552186
2023-01-23,42821.25,13.619999885559082,0.0,0.0,0.0,-0.40365843543365293,-0.46678467658353945,0.1274559733438141,1.7088228436547344,-0.10865935516127434,-0.00592136318520565,-0.5149607130077852,-0.022567658913827632,1.5992648676301267,1.7996855675763443,-0.7134615666823766,0.18301080902427158,0.4607896744957226,0.4926442179268997,0.26419280315512567,0.3760084996629782
2023-01-24,42733.44921875,13.65999984741211,0.0,0.0,0.0,-0.3513073519196877,-0.44804619052319733,0.24573567736096671,1.7110270530349985,-0.20950644033442165,0.39550583511096743,-0.0608414428474012,0.21848987258890182,1.5976745456197365,1.7996707586928717,-0.717369382584102,0.15545992484747342,-0.1774094128089477,0.19781844849524782,0.3025650538105155,0.26718991021727967
2023-01-25,41647.6484375,14.65999984741211,0.0,0.0,0.0,-0.48045215207464853,-0.46039489492136665,-0.1553074023110474,1.6993687686507069,-1.203949763995214,-1.7125001935826811,-0.4706199108985536,-0.43017290470418484,1.6021891103984813,1.7791843850670257,-0.6555677325834506,0.34910074813672615,-1.7815291762659895,-1.36451413321933,-0.853025956720099,-0.6565787121798607
2023-01-27,40345.30078125,17.31999969482422,1.0,1.0,0.0,-0.7845614128739186,-0.5346527035178783,-0.9539713356302788,1.672445425425571,-1.9466855943643868,-1.7213707617397769,-1.0821747049727781,-1.0047306318644424,1.6308721225615281,1.7103405469834296,-0.4132824783695021,0.62072633823571,-2.1901299000395666,-2.7668743702643943,-2.3641155441530195,-1.5124576734012318
2023-01-30,40387.44921875,17.709999084472656,1.0,1.0,0.0,-1.0097050693560743,-0.641721058884842,-1.3772467274707154,1.6486161733240754,-1.9012218669454402,-1.07459793612369,-1.6062642000302751,-1.1208989559979885,1.6460224225500795,1.6597666393393644,-0.24877260282976857,0.8341758331703126,0.032322403449503115,-1.5030757715854879,-2.244563232288903,-1.6063486972205994
2023-01-31,40655.05078125,16.8799991607666,0.0,1.0,1.0,-1.1347685996704489,-0.7538512461665589,-1.4425473426094142,1.630421124387881,-1.60932302726542,-0.834964745716656,-1.2934243048023963,-0.8914559864383665,1.6415035397924471,1.6304374975126632,-0.18557292430790845,0.8143858727118376,0.4088833324225039,0.3077831310203743,-0.9959740386155186,-1.6291848555730188
2023-02-01,40513.0,16.780000686645508,1.0,1.0,0.0,-1.2447673249465638,-0.8668417335231006,-1.453645720634611,1.6121728286661836,-1.6895671919336988,-0.9621690923308474,-1.0227702004100452,-0.9942108951728886,1.6274363621383132,1.606226612362419,-0.1585631118436689,1.3610245513978272,-0.2754573778237338,0.09333799084202368,0.09543655695921321,-1.6723209881876318
2023-02-02,40669.30078125,15.729999542236328,1.0,1.0,1.0,-1.2945367593055668,-0.9677701350240133,-1.2980377037163346,1.597627750153868,-1.5113085071085508,-0.8222040841891276,-0.9327922213011898,-1.0226149569989127,1.6172179536671363,1.5863137432386323,-0.13287049628287007,1.4093861650678794,0.22240044371192658,-0.03659370592170866,0.2037857314114689,-0.7906935742511508
2023-02-03,41499.69921875,14.399999618530272,0.0,1.0,0.0,-1.1899681902903705,-1.026376063392583,-0.7520528554881507,1.5949091254103966,-0.6855182593527386,-0.07859472321186832,-0.663147594215958,-0.5503415329936964,1.6065190749088218,1.5826809290039652,-0.1500034241713201,1.4344844658701852,1.330576869099896,1.0824084513610748,0.7291737965403708,0.7582388698629644
2023-02-06,41374.6484375,14.6899995803833,1.0,0.0,1.0,-1.1167387747621467,-1.0577584001920977,-0.4008524786912359,1.5908770621803812,-0.7787766570679303,-0.1905758244949731,-0.3880759060518988,-0.6979775950805873,1.6015778896025177,1.5769672656958573,-0.14758240658590688,1.3175578582687495,-0.24279017284485957,0.7582875277432369,0.7477949096696753,0.6372032871949097
2023-02-07,41490.94921875,14.130000114440918,1.0,1.0,0.0,-1.0307368756069486,-1.0646579745403584,-0.08501041295572939,1.588691339937728,-0.6696592329637033,-0.08643021713228041,-0.12577377336743412,-0.7908333666548372,1.589587164580452,1.5749153655899384,-0.1720371688885539,1.2307126499747267,0.15171615900720523,-0.0630820540427466,0.7075031227597817,0.5240627717860067
2023-02-08,41537.6484375,13.600000381469728,1.0,1.0,0.0,-0.9467129358496593,-1.0523900658723782,0.16226141524801904,1.5873009652237793,-0.6241457471238724,-0.044611766320437764,-0.11365890701154929,-0.7262248613779756,1.586056769107276,1.572231000879009,-0.1739092007275655,1.1059945513270977,0.03779132016868983,0.13241271611996697,-0.02941654863996912,0.6618763141264087
2023-02-09,41554.30078125,13.039999961853027,1.0,1.0,0.0,-0.8699469757664958,-1.0263246591830826,0.3402572719537455,1.5862523892725782,-0.6069254553311,-0.02969984195315338,-0.05630689274767779,-0.18688096198725326,1.5793893846430267,1.570137010375812,-0.18509611221225758,0.987827857736291,-0.011249387314043702,0.018866695388734436,0.1025674139979774,0.5590822368092672
2023-02-10,41559.3984375,12.75,0.0,0.0,0.0,-0.8015692225440826,-0.9909970075297895,0.45974569114671004,1.5853677742660468,-0.6012792710913907,-0.02513496714684176,-0.03445524033860199,0.4905939678709919,1.5746069740801962,1.5681505772200368,-0.19188668402454928,0.839942150476065,-0.03008808961068991,-0.028428190211421536,-0.001065495003327505,-0.039541345986627084
2023-02-13,41282.19921875,13.68000030517578,1.0,0.0,0.0,-0.785177062316168,-0.9592647243941518,0.4133633181625497,1.581081979356905,-0.8737056446551529,-0.27336271494782816,-0.1160045646147835,0.3242633721901483,1.5637540888868346,1.564945451052113,-0.21067874451183086,0.7779027244457476,-0.49165546191902826,-0.36315046334131507,-0.3028632285889837,-0.14902945327226436
2023-02-14,41648.3515625,13.449999809265137,1.0,0.0,0.0,-0.7079798342754096,-0.9175365202433982,0.5423165908428326,1.5818082571812693,-0.45367728969573945,0.26283188130133306,-0.01171750262052371,0.37199809210463025,1.557461891371153,1.564586803528858,-0.2254534221558795,0.7255801129062459,0.5596733748958439,0.04776502761362566,0.02257683737569701,0.030451034293255276
2023-02-15,41731.05078125,12.859999656677246,0.0,0.0,0.0,-0.6288402674825692,-0.8674003930993726,0.6507837530769691,1.5835052035808652,-0.3632074221939519,0.9763147221242092,0.3452976089962303,0.49002849123164155,1.550414483737644,1.5652211128404279,-0.24468768394280876,0.6222105888313103,0.09595591937842146,0.4571824510435948,0.09442503351537358,0.056040508430823095
2023-02-16,41631.3515625,12.890000343322754,0.0,0.0,0.0,-0.5779201042220106,-0.8165118745672195,0.6604900454425033,1.5837869446856339,-0.47524102381374295,0.8504671390530284,0.7459410412752944,0.35571906415435145,1.5372451819962691,1.5679455992271023,-0.2846498105176694,0.5614568708527098,-0.20039924610630822,-0.07239710444980788,0.26044826530914683,-0.027175837687814668
2023-02-17,41131.75,13.09000015258789,0.0,0.0,0.0,-0.6129186348346972,-0.7832101237547046,0.43361037623685805,1.5777599966753428,-0.9850202513844317,0.18859582291267654,0.7194760126717049,-0.3256892979262518,1.5236636254330012,1.566150067540963,-0.3141086205552071,0.5925942465047428,-0.8560959377257381,-0.7357379292082539,-0.5465751868770921,-0.390577404172434
2023-02-20,40701.69921875,13.380000114440918,0.0,0.0,0.0,-0.703836754502841,-0.7758157645315559,0.09938975494479772,1.5668997000347455,-1.3502644379407907,-0.3694439504304643,0.23971533388908692,-0.48070467020658386,1.5046354731367737,1.561924701302848,-0.35112476851971763,0.6106492273101476,-0.7502559387911975,-1.1188498251652474,-1.0289368322191719,-0.5043485004198479
2023-02-21,40673.6015625,14.010000228881836,0.0,0.0,0.0,-0.7739769740240261,-0.7847487112797114,-0.11124211538191782,1.5567204249336768,-1.3729812853021606,-0.5933722381476205,-0.2750109493485303,-0.5526687324075897,1.4702347423217381,1.5691981545187987,-0.45684798542672467,0.5449536940707578,-0.08516740928008235,-0.5817064310601874,-0.9632518410781642,-0.7880457457153529
2023-02-22,39995.8984375,15.59000015258789,1.0,1.0,0.0,-0.9297490344081564,-0.8248714578766114,-0.513608916665806,1.5389893464901738,-1.861708126473696,-1.7884739509669112,-0.9798329624338915,-0.9176070099110851,1.4401882198989076,1.5640337346598765,-0.520029861591968,0.585063672950286,-1.1763952540710931,-0.8786184141107486,-1.1458303570168082,-1.3478157413700373
2023-02-23,40001.55078125,15.079999923706056,0.0,1.0,0.0,-1.0427899815054045,-0.880900020186471,-0.7188033142339613,1.5230180132450086,-1.8536282594812357,-1.3883546792575403,-1.343072904966092,-0.9228417472174458,1.4389148191546868,1.5433651346064168,-0.4699844299885709,0.5541143271312039,-0.028825220436047298,-0.839362071362587,-0.73459704121475,-1.2723318705582403
2023-02-24,39909.3984375,14.1899995803833,1.0,1.0,0.0,-1.1365279730128293,-0.9455668682648513,-0.8302422920443862,1.5074090603953838,-1.9164345143647583,-1.5152867506100482,-1.6717338612718016,-0.9717747907967147,1.4447442435285278,1.5314426793339726,-0.42427936308990755,0.5198649606952246,-0.19460364291543247,-0.15530011378618486,-0.7969783954899878,-0.9813088049782526
2023-02-27,40307.1015625,13.880000114440918,0.0,1.0,0.0,-1.1366225093149402,-0.9973203597252913,-0.6636523805542093,1.498287287371438,-1.3358664114742003,-0.9674842815099017,-1.3790524399107884,-0.6348203490839559,1.4453630755410456,1.5297216309222152,-0.41824526815876695,0.5171500107744751,0.6331879960155495,0.3059566861718774,0.2345287211596394,-0.3726636278171827
2023-02-28,40269.05078125,14.020000457763672,1.0,1.0,1.0,-1.1322463235366746,-1.0377967299839599,-0.5181708703280313,1.4895558142734635,-1.3680486761456336,-1.0198960193355464,-1.247697554081265,-0.8338152132100966,1.4472009421614278,1.52264059533817,-0.3952109106989292,0.4222413658650391,-0.10236354265154536,0.37022484943239853,0.19261006242529932,-0.38022905448827965
2023-03-01,40698.1484375,13.0,0.0,1.0,1.0,-1.0505557329889563,-1.0528842197437325,-0.19063934771292998,1.487051269381649,-0.7957625364827772,-0.4288502346718327,-0.8603847832474845,-0.6585199323899448,1.4469201804259955,1.5254087605942959,-0.4031027439622232,0.37551539842570797,0.6794852050640903,0.40248236629465434,0.6908622800183751,0.43626423621952076
2023-03-02,40389.80078125,12.970000267028809,1.0,1.0,1.0,-1.0258207623844384,-1.0597179065591564,-0.0841604249480938,1.4809081714889438,-1.085647880946686,-0.8535730915389825,-0.819775637688243,-0.7647712364900529,1.447770728904495,1.5207836752463075,-0.38894304735248597,0.3333436455305089,-0.5534919475992003,0.08815926931527683,0.01442542254559925,0.20543748200822742
2023-03-03,41251.3515625,12.18000030517578,1.0,0.0,0.0,-0.8610165408703108,-1.0302963905396807,0.38355306040036447,1.4861830399857623,-0.1605546762042228,0.3331403526259592,-0.337420471440224,-0.07899434684586146,1.4440250604188907,1.52138178003475,-0.40004143987286517,0.45637109335403514,1.3911212906586505,0.5839907352419571,0.8657486396973908,0.9030760409996003
2023-03-06,41350.3984375,12.270000457763672,1.0,0.0,0.0,-0.7089102545635743,-0.9745588198139499,0.7230456767658976,1.4922009290102158,-0.07090108340076329,0.46956905853983283,-0.017135520852162463,0.19401773614041792,1.443660957772978,1.5214384622831634,-0.4011168527438994,0.3962586525007338,0.12402901807687819,1.0560525381879888,0.5491249033553606,0.6790719100523458
2023-03-08,41577.1015625,12.449999809265137,0.0,0.0,0.0,-0.5483019677274139,-0.8959685621566568,1.017858807532587,1.500496190299586,0.1327837613261606,0.7818334684001257,0.5658841373399768,0.3255051223295133,1.4452626775697666,1.5209147847957463,-0.3956749147876996,0.37202228976111196,0.331910575016142,0.3180489258170897,1.053826194734761,0.8701304998760407
2023-03-09,41256.75,12.729999542236328,0.0,0.0,1.0,-0.46935853930127197,-0.8163843139995687,1.0306818708368943,1.5039734117068686,-0.21580872905627063,0.679810708214346,0.6894715297178174,0.5205947516947469,1.4408122234908356,1.5218149250056232,-0.4093592491008354,0.32726081418601016,-0.5622651924968928,-0.160125623470244,-0.05965231411287789,0.32382329385333014
2023-03-10,40485.44921875,13.40999984741211,0.0,0.0,1.0,-0.5265974794324525,-0.7648341948012287,0.6690250839830466,1.4974213391220892,-0.9086551336079887,-0.5405455897520729,0.3293673749418039,0.11354177455437298,1.431658393893295,1.5171028513798768,-0.4205066616838336,0.4251039747874761,-1.3165758700027068,-1.3087062915107766,-0.8808326573013899,-0.011894936177383682
2023-03-13,39564.69921875,16.219999313354492,0.0,0.0,1.0,-0.7135093626133671,-0.7631626779820955,0.02556171489573269,1.4799160088353005,-1.5174452408704255,-1.778361667079981,-0.5833378381572352,-0.3208856131830984,1.430666389001498,1.4914808462626923,-0.35637143680131683,0.6121894784038665,-1.5965140590534233,-2.0293177697908362,-1.9800822960621194,-1.326302987684145
2023-03-14,39411.3984375,16.219999313354492,0.0,1.0,1.0,-0.8785442048483055,-0.7967627515820629,-0.42946259054880165,1.4621502897768874,-1.6043938109163258,-1.5812586014759658,-1.389405202919099,-0.6055221071458035,1.43323036789258,1.4637958298657139,-0.2774292784975676,0.6058376473247054,-0.3013326147595955,-1.3219484251084475,-1.8313442864188174,-1.513440536132356
2023-03-15,39051.5,16.299999237060547,1.0,1.0,1.0,-1.057223656341737,-0.8614686125967052,-0.8307455819163481,1.4415512771194432,-1.8019690950029434,-1.801197918568362,-1.838825614851997,-0.7734225351597933,1.4299472214543192,1.4325220952032358,-0.2035964929276865,0.7031256000125744,-0.6597231677441763,-0.6692406573221263,-1.4569220337052313,-1.949709097406263
2023-03-16,39132.6015625,16.219999313354492,1.0,1.0,1.0,-1.1748298928834746,-0.9381301219216288,-0.9849804917654628,1.4239338245800814,-1.708767869581771,-1.3845244148728895,-1.6984233040200905,-0.9458999493781798,1.4166044368990347,1.4117476189598726,-0.18284755246621937,0.7300299043303218,0.10211555885943085,-0.38813869608047624,-0.48866122595015166,-1.6574152574190537
2023-03-17,39598.1015625,14.770000457763672,0.0,0.0,1.0,-1.1824686616329205,-1.0010764294613699,-0.8080463050111636,1.4138472973523142,-1.1973225861383794,-0.8857463824261016,-1.4504743803995284,-0.5506163065482932,1.395579735632911,1.4065610520015799,-0.22307087974899534,0.7580452869607821,0.7625110503789003,0.6028010433986952,0.11775592094842322,-0.7427224425160065
2023-03-20,39361.94921875,16.010000228881836,1.0,1.0,1.0,-1.2148028852741037,-1.0582785152300036,-0.733942458525638,1.4017520752591672,-1.3542706514673828,-1.1387809718424766,-1.2143238650957457,-1.0995839215666772,1.3857425140641584,1.3931953899611202,-0.21292813286096435,0.7473736631128115,-0.443519909421954,0.22263027975126634,0.2409971145169065,-0.2354634847714325
2023-03-21,39894.69921875,15.079999923706056,1.0,0.0,1.0,-1.1445445610804987,-1.0891667473806268,-0.3944782374957729,1.3975074353094197,-0.8179453480004945,-0.5679453181668026,-0.9232148054218291,-0.8775264635571526,1.3795974761103034,1.3888363368838756,-0.21718329352576915,0.7232716656099853,0.8721372436713042,0.29901217946721476,0.6799284805206243,0.28080374652595924
2023-03-22,39999.05078125,14.8100004196167,0.0,0.0,1.0,-1.0624428747276407,-1.096496699139307,-0.09056253521413317,1.394979135463377,-0.7193528833858033,-0.45613378857174774,-0.7700586461158949,-0.9351624792021218,1.3735486237034622,1.386146895216254,-0.2256412560746185,0.5924209041287696,0.1385283527849384,0.7045535073061446,0.32424294176268276,0.6319939363903659
2023-03-23,39616.8984375,14.489999771118164,0.0,1.0,1.0,-1.0489197296008812,-1.0994978589900128,-0.0347185682158859,1.3878865445618627,-1.0121486596877087,-0.8656057415482322,-0.6726721409531423,-0.9727231432794211,1.3735580265702636,1.3810716670733763,-0.2121081138355461,0.5914466508018241,-0.6885877650669325,-0.3828795004573089,0.18454821528477972,0.2841245702636954
2023-03-24,39395.3515625,15.239999771118164,1.0,1.0,1.0,-1.0638867377300332,-1.1050672490709559,-0.06785025189813011,1.3786837672656824,-1.1720203722176685,-1.1029907349042676,-0.8634149223659565,-0.7040757574961864,1.3743873755856104,1.3721023663730065,-0.18606177177411518,0.5376501742829862,-0.4182127268662861,-0.7707880835843663,-0.5509831163157127,-0.23533401746727606
2023-03-27,39431.30078125,15.449999809265137,1.0,1.0,1.0,-1.0602914148958658,-1.1087616441242194,-0.04366171092097925,1.370809460826458,-1.1322715997033557,-1.0609604346148462,-1.079034593388112,-0.21056314811211724,1.3749724145776168,1.3651006684270255,-0.16586287594862406,0.4722131114369775,0.02337959645390394,-0.2747258016107278,-0.6166207495238754,-0.029921911258634786
2023-03-28,39567.8984375,15.100000381469728,1.0,1.0,1.0,-1.0262802450342587,-1.104517116900518,0.05875506564427879,1.3654026307852791,-0.9763092441771498,-0.9140113657253601,-1.0962911161107414,-0.05671850992068627,1.3720777932725714,1.3582483673483579,-0.1550227618660758,0.3807090021811179,0.19582309504213935,0.1531028145477328,-0.11248473024924825,-0.3274658409058023
2023-03-29,39910.1484375,13.630000114440918,1.0,1.0,1.0,-0.9363105721199576,-1.0820752364872652,0.29351164729023066,1.3648140970410563,-0.6027150770501911,-0.031804130699662224,-0.7144149128829514,0.3207733762615507,1.3695824103698693,1.3560613126960952,-0.15561847459448655,0.34620059579756846,0.5449153488014196,0.5164821341947762,0.43652204479066237,-0.14867617045851197
2023-03-31,40608.6484375,12.9399995803833,1.0,1.0,1.0,-0.7471968154299672,-1.024087024854227,0.7520802709955356,1.3730643665960505,0.036172546523494734,1.2066015588846688,0.09396708261839827,0.6503861058867144,1.368089975705606,1.3564259552145994,-0.1604507205414057,0.40220372340443045,1.1367222047375036,1.1720522975031629,1.0711548110139422,0.6543676551669099
2023-04-03,40813.05078125,12.59000015258789,1.0,1.0,1.0,-0.5606837692150521,-0.938212309370423,1.1118326069463287,1.3830989966783431,0.19897501346959057,1.2705150325195587,0.8727470295839282,0.5029420611878987,1.374687738739366,1.355182658627969,-0.1400831311787351,0.31648283294736007,0.3016580990746861,1.0025631426234953,1.131483375530102,0.9710743140812298
2023-04-05,40999.1484375,12.40999984741211,1.0,1.0,1.0,-0.3812280043748617,-0.8315223920840366,1.3803609786575919,1.3945178899377166,0.34472446464884815,1.2395740342711556,1.3259911838704528,0.7315627380669764,1.3685502250343995,1.3582306836952704,-0.16408872334545604,0.2209053927349904,0.2697275963021458,0.3984858391350455,0.9746195644265123,1.079454941758678
2023-04-06,41041.0,11.800000190734863,0.0,1.0,1.0,-0.23215350502493004,-0.7146119188224145,1.5122121747230266,1.405375499923807,0.3781559526931225,1.0478446046689907,1.269394599602198,0.46210908732126776,1.3604208385918115,1.3625974328345232,-0.1967890229208682,0.18791411335196864,0.030705254270528764,0.20969981639703653,0.3441626039704592,1.0068114649104996
2023-04-10,40834.6484375,12.270000457763672,1.0,1.0,1.0,-0.14782463217466732,-0.6032314188191193,1.4408722603302129,1.4126044423750412,0.13377088864439596,0.7214308806738328,1.0736470329911563,0.297785377335686,1.3395432162342171,1.374508749752832,-0.28274308903635065,0.14480081881021134,-0.3797898529574081,-0.24285057492024487,-0.04427954817355734,0.5999880677448705
2023-04-11,41366.5,11.979999542236328,1.0,1.0,1.0,0.0015350532490776806,-0.4825081065100363,1.5614000457185815,1.4258322736332023,0.5686367132871055,1.2866311889272082,1.0904228286221138,0.7854012030392294,1.3429704509853742,1.3723912912205418,-0.2681895721815147,0.15162138700885142,0.8380398267143317,0.319658680373704,0.27967245023332593,0.46858296753587736
2023-04-12,41557.94921875,12.270000457763672,1.0,1.0,1.0,0.14632115148102717,-0.35527875644068135,1.6453317674778705,1.4402075427884888,0.7091185345102735,1.262348057445784,1.166892944850348,1.0102564821015356,1.368827806904478,1.359683177457212,-0.1672554713194444,0.07071765659116246,0.27433659621327705,0.7754203860532839,0.41854832844496465,0.456562891744585
2023-04-13,42132.55078125,11.90999984741211,1.0,0.0,1.0,0.34645478988552797,-0.21112769945619522,1.8636317603192436,1.460438625291126,1.0854116652357952,1.2641915200099365,1.3603861900025893,1.295428421667037,1.4148608527076842,1.3458604502437952,-0.011836109173030351,0.12035817019987306,0.891638322119957,0.8127650641639056,1.1432937696057184,0.730172074141
2023-04-17,42262.55078125,12.270000457763672,1.0,1.0,1.0,0.517374508945966,-0.05962375939380108,1.9584882858057748,1.4803775233152667,1.1626401399715975,0.9999958584019981,1.2582011819916028,1.286979610763348,1.4564519261013453,1.3404696038892325,0.10868953670908116,0.1997915990473587,0.17025848740441998,0.7402487846971902,0.7626419240324211,0.7915684200045122
2023-04-18,42265.19921875,12.079999923706056,0.0,1.0,1.0,0.6433222709762908,0.08824208434250817,1.9115546989091479,1.4984507794163047,1.1642810654223148,1.0026020347735056,1.1656021665144982,1.0964562168463923,1.4875775459591574,1.3508692762040284,0.15966290397731678,0.14794459539815294,-0.034151985057094526,0.09520565880680333,0.586795818598859,0.9436315546563253
2023-04-19,42154.0,12.149999618530272,1.0,1.0,1.0,0.7145996598211337,0.22162392814523943,1.7247025629117327,1.513404583750581,1.001098092532561,0.89317722243175,1.0333362002054935,0.6574183703368005,1.509931982499756,1.3678719327842752,0.1705795390640594,0.07919775667891502,-0.21682387315071938,-0.1744934446444409,-0.045054991748789505,0.479545018634297
2023-04-20,42269.5,11.9399995803833,0.0,1.0,1.0,0.7780756268892537,0.3417670388559763,1.5539151031297058,1.528386482399365,1.0842327437877095,1.0015834517129076,1.0339021745216967,0.6077849013899759,1.5346442305157169,1.3777309285953763,0.2063156539185439,0.0008085905725376135,0.14692308067857898,-0.048329641116291885,-0.05835674954658521,0.4234895329118744
2023-04-21,42118.0,11.630000114440918,1.0,1.0,1.0,0.7925002066149481,0.4409351594679792,1.28332536821903,1.5400366130156773,0.8490076158707359,0.8041623062635354,0.9631587486839447,0.43186368113726475,1.5486946233906087,1.3998717406322942,0.1826460882624252,-0.0267789235750127,-0.28158102185991973,-0.0934490956010803,-0.19939740756309596,-0.09266748473060141
2023-04-24,42635.75,11.670000076293944,1.0,1.0,1.0,0.8741459984352713,0.5375537786740506,1.2504352974090784,1.5570872576183166,1.226392789223587,1.234176962035323,1.0847245761040616,0.6742377646958078,1.5758887656640423,1.4080660262623694,0.22867636814957756,0.0005709988035685401,0.7891041673198955,0.35398969513100875,0.3740064038024021,0.17959323289662035
2023-04-25,42678.5,11.520000457763672,1.0,1.0,1.0,0.9324245494639987,0.6271860352826478,1.160307102146927,1.5730515583900835,1.2549722159628387,1.072466703721952,1.1099943349335715,0.8061667330361855,1.6001946690939408,1.4184575869620015,0.26145900541931905,-0.07377762588326173,0.02947983963623877,0.5707209234514415,0.3070608576763718,0.2075880090051135
2023-04-26,42829.8984375,11.649999618530272,1.0,1.0,1.0,0.9889098653150817,0.7108495803266115,1.0833072050108632,1.5893990930868982,1.3578962626423636,1.2658480853420577,1.2745845302428982,0.6013010686554408,1.6191991276455429,1.441524515957783,0.2476209259697789,-0.08896294175135713,0.20144000874322374,0.16126672752462065,0.5823947670362901,0.39160290696408284
2023-04-27,43000.8515625,11.43000030517578,1.0,0.0,1.0,1.046438339888458,0.7899589890971135,1.0245561628800997,1.6063392386582778,1.471430698139827,1.2753632365236904,1.289267367075417,0.5875528459622091,1.6319026513669856,1.4764269380684254,0.18746470618852035,-0.14407756648936665,0.23140034015360963,0.30195455912681385,0.26448982031598123,0.4287686173088556
2023-04-28,43233.8984375,10.949999809265137,1.0,1.0,1.0,1.1139462492696315,0.8675376995788465,1.0048092527630215,1.624596306203752,1.6186041194722525,1.2488244914987445,1.3521386185842619,0.40777759341747943,1.642363270581808,1.516309284690463,0.10940652569041287,-0.13972031952580174,0.3276734089043585,0.3899075074353724,0.43446751480695794,0.6968096716797962
2023-05-02,43352.1015625,11.899999618530272,0.0,0.0,1.0,1.1703453575177332,0.9415401578794613,0.9586734917873447,1.6426008599393127,1.6906584764161687,1.1624345995830097,1.3152718867289472,0.4002443718123126,1.6487371444929193,1.5602198019907665,0.011669218589931533,-0.20828234347290978,0.1465235318512398,0.33076970774301295,0.4031637675310596,0.41410677720382716
2023-05-03,43312.69921875,11.84000015258789,1.0,1.0,1.0,1.1924790159505243,1.0054277410102517,0.8281856403998665,1.6583952597235205,1.6125436975959886,1.0749374449664275,1.2438204327914293,0.37936443889571914,1.6518371747119873,1.602453340328593,-0.08893823967046474,-0.2638834308937675,-0.09998199514314758,0.03280139192443769,0.21426765723924907,0.3571501348835865
2023-05-04,43685.44921875,11.729999542236328,0.0,0.0,1.0,1.2526803433849876,1.0692822136609041,0.8277584956908038,1.677372289914422,1.842979368638875,1.2559479705176928,1.246359940950746,0.6212781766041322,1.6713484720177854,1.6231698812679942,-0.09393713893345756,-0.24071102228974595,0.5419831074035507,0.30833730842734886,0.3364294749717964,0.5069718294244931
2023-05-05,42661.19921875,12.300000190734863,1.0,1.0,1.0,1.1211388479016855,1.092518926688309,0.303765456486297,1.6816633379213697,0.2580805229097239,-0.4854558211426801,0.6588898076125475,0.05424064274211913,1.667616108609327,1.6517740701531776,-0.1756192269435285,-0.04577312105801592,-1.6452724248261603,-0.7683416775631428,-0.6849384454089202,-0.318669021481424
2023-05-08,43284.0,12.640000343322754,0.0,1.0,1.0,1.1012883289446764,1.1069060130979276,0.1896000571562763,1.6933766453948154,0.7371506531623029,0.4953012937407291,0.45225050516533394,0.4401293163875302,1.6732935858194573,1.6763738272439588,-0.22383649598477245,0.031350621392541654,0.9432087323648111,-0.4887882740483626,-0.09029398271517514,-0.04786469282691452
2023-05-09,43198.1484375,12.68000030517578,1.0,1.0,1.0,1.057125066699066,1.1090664772366798,0.03186942350384971,1.7028949251552317,0.6311612284108242,0.33703686038983305,0.12466025668568269,0.13645905989275495,1.6731152591345233,1.705390952523673,-0.29718088345755594,-0.00214231655931772,-0.17286554440978355,0.537109199022327,-0.4977753581299477,-0.18837969022820317
2023-05-10,43331.05078125,13.079999923706056,1.0,1.0,1.0,1.0290041676785098,1.1048417545947395,-0.05050324938942601,1.7131777806602277,0.730755433316983,0.5820378075141184,0.5052199204092688,0.1804411814621735,1.6636290924569686,1.748676622225866,-0.428474061876088,0.013041247341599477,0.16965584406480066,-0.0018627142093669289,0.5367785511637985,-0.06975271425539611
2023-05-11,43475.30078125,13.220000267028809,1.0,1.0,1.0,1.015566733597139,1.0986173196473363,-0.07630071675822178,1.7242950775715344,0.8389804187402232,0.794929802727904,0.612036974451676,0.1758117330164266,1.6632598143548536,1.7772472750844823,-0.5002664892772636,-0.008391172807053884,0.18669908606483468,0.2486634485760173,0.10554938061573768,-0.2260596672656773
2023-05-12,43793.55078125,12.850000381469728,1.0,1.0,1.0,1.0412979852207627,1.0990849858176053,0.010031331977079795,1.7383551748125394,1.0659301979084432,1.110553576893245,0.887794368795573,0.2463276597758282,1.6694995519512374,1.8006007727796192,-0.5426623355921001,0.006247353785560073,0.45558759650808944,0.4478860046532398,0.4637831824076937,0.6982122079471138
2023-05-15,44072.1015625,13.170000076293944,0.0,0.0,1.0,1.0911468140836815,1.110011937902602,0.14496228496913982,1.7545786383102437,1.2479958642730353,1.183869305000553,1.1023462744494608,0.2662981361202618,1.6897077114974983,1.8053889939520753,-0.5050761170485603,-0.0021156619225096225,0.3910297961622929,0.5902531464723781,0.5899717990510427,0.45528147689688836
2023-05-16,43903.69921875,13.289999961853027,0.0,1.0,1.0,1.0886546420864334,1.1182259156538954,0.10996331704015674,1.7671395639475875,0.9974692644575331,0.8629535027954928,1.126596607873492,0.1266720852091115,1.702500724389694,1.813943959641169,-0.49495686764330776,-0.05693041819688721,-0.2976868916219975,0.0654101807272451,0.31385983616382634,0.40036641378804283
2023-05-17,43698.69921875,13.109999656677246,1.0,0.0,0.0,1.039396451327914,1.1143693146847315,-0.0457542628400864,1.775926595697802,0.7012414083152618,0.3898200742028321,0.8696563395148803,0.04680727141484945,1.7078144050306334,1.8275457368677006,-0.5154334979139321,-0.042383226585688744,-0.3553822614960097,-0.4546513960052687,-0.14841299924151174,0.16937627191430027
2023-05-18,43752.30078125,12.800000190734863,1.0,0.0,1.0,0.9949474635960049,1.101874341854826,-0.15719435129090512,1.7845507390139725,0.7457238825202344,0.5017248070989235,0.6264729857566167,-0.10785570172029058,1.7095434768151772,1.847098972468933,-0.559108931757361,-0.07117965367030293,0.044629888725046876,-0.2161426491238176,-0.3458694963168356,0.10687302938421575
2023-05-19,43969.3984375,12.300000190734863,0.0,1.0,0.0,0.9806235353807584,1.0888460391130026,-0.1640746214987333,1.7950832633016764,0.9247146320503763,0.954962625213343,0.659274081469851,0.5025825592470441,1.7145060599472386,1.864628392778015,-0.589835486782885,-0.07284010636183667,0.2968397880753736,0.23829216874870457,-0.006974614792843548,0.03703204374213405
2023-05-22,43885.1015625,12.56999969482422,1.0,1.0,0.0,0.9424111345920878,1.0703339680610942,-0.23481846482607607,1.803552763643297,0.7898351537895083,0.7789748584229589,0.798007100425273,0.15105476494005912,1.709154785938344,1.8938424730962837,-0.6738580995318431,-0.11857774485056355,-0.16836796068399038,0.0898862095097484,0.09962815255351437,-0.2090746023264417
2023-05-23,43954.44921875,12.609999656677246,0.0,1.0,0.0,0.910211141205781,1.0487076875485866,-0.27499360237957726,1.8120876038152445,0.8520239826001604,0.9237529318163645,0.9484594093785855,0.22690925479519702,1.7125883775293937,1.9078761622091451,-0.6994995833999234,-0.19072306021974503,0.06854463374372054,-0.0691781259386794,0.11326014747745217,-0.04795130268993013
2023-05-24,43677.8515625,13.109999656677246,1.0,1.0,1.0,0.8283907180683757,1.0140855715955825,-0.44264753929365525,1.8163317370014307,0.40026843768218134,0.34629613021023337,0.731470838730481,0.027773723437207437,1.7092982010058382,1.924673598159267,-0.7480717138644145,-0.21939139399303667,-0.4659465351122861,-0.2765155892488445,-0.3215468838174055,-0.09659397638979278
2023-05-25,43681.3984375,12.520000457763672,1.0,1.0,0.0,0.752920408275533,0.9704110836202665,-0.5594284738399904,1.820216264486089,0.40410017247414565,0.21187005903054895,0.5292989419067361,-0.040592795510320794,1.7066813341615532,1.9387908113576866,-0.7884465153546097,-0.2583556026465655,-0.032896453005866404,-0.3471945272150382,-0.24432478073563668,-0.13070163540675014
2023-05-26,44018.0,11.899999618530272,1.0,0.0,0.0,0.7359451188937036,0.9318778850664434,-0.49310281003217427,1.8279631751300491,0.7524163368184692,1.0060538778038666,0.5586390892278462,-0.032534569203362576,1.7108333204400517,1.9480429125864938,-0.8005926284134318,-0.24970966316105872,0.48150793352173965,0.31294307343669586,-0.008925507109658355,-0.049457015893559025
2023-05-29,44311.8984375,12.300000190734863,1.0,0.0,0.0,0.758240853868306,0.905771253739098,-0.33279276860502094,1.838667685228208,1.0168603550462718,0.997369013555152,0.7907454652228519,-0.025916824744923076,1.7235708680944957,1.949129318027838,-0.7722691465617281,-0.2457207413645663,0.41230921921210023,0.6231395145155353,0.4917019499474953,0.2060114972418258
2023-05-30,44436.3515625,12.010000228881836,0.0,0.0,0.0,0.7842591384089938,0.8903939266494716,-0.19437842009785947,1.849917558532857,1.1217356811646517,1.1583183446997742,1.1281526699658446,0.11428132076019348,1.7384575316296156,1.9480516586526209,-0.7336178554775804,-0.2943524415376485,0.1515576032398852,0.39324707474422477,0.5968453146991781,0.24253299424974092
2023-05-31,44128.1484375,11.970000267028809,0.0,1.0,1.0,0.7444894863257142,0.8696729715784266,-0.26331437058684615,1.8562207515438174,0.5866239729601489,0.28081243186326277,0.8696053275026909,0.0659906385528721,1.7435322619120213,1.953642990352342,-0.7347707087158859,-0.2426328557589299,-0.50978650720798,-0.2492218570745028,0.03178301637222451,0.22324562964349273
2023-06-01,43790.19921875,11.600000381469728,1.0,1.0,1.0,0.6489265928468676,0.8328658840572268,-0.4708349603433166,1.8576743572308558,0.07598125663284892,-0.7588215899323926,0.24352636313576417,-0.12176994940198672,1.7441649248927602,1.9543813363667673,-0.7350133307459836,-0.2366117113437483,-0.5590818459318193,-0.7443589179414186,-0.5219338666160834,-0.008249260492202865
2023-06-02,43937.8515625,11.130000114440918,1.0,1.0,1.0,0.5875193076077041,0.7904205109313222,-0.5435721678435896,1.86084606542097,0.23956442522895283,-0.32229064950575936,-0.2843082260504615,-0.15495176955030748,1.7296855199439871,1.9865869047596938,-0.8471203906932993,-0.28361211304351286,0.18958758306678092,-0.25707098042438686,-0.5002558394594957,-0.13667941147219081
2023-06-05,44101.6484375,11.140000343322754,1.0,0.0,1.0,0.5561245496157761,0.7498180542185439,-0.5197974599012715,1.865775244328902,0.4160575090244409,0.16197124615205108,-0.3266749067094156,-0.03653146173651005,1.7298951699021279,1.9972956473072419,-0.8721443363360957,-0.31836573614517255,0.21362102002081185,0.2813086809034036,-0.0878956938079029,-0.22409214367914734
2023-06-06,44164.55078125,11.380000114440918,1.0,0.0,1.0,0.5326490621005807,0.7123664119305628,-0.47915009673469444,1.871025894898874,0.4837233485603269,0.347940656286977,0.06788395241293425,-0.03976695485175754,1.727015026150425,2.0132238896560835,-0.9170160817234684,-0.3812114804519398,0.05813646406338927,0.18972029415275934,0.26393397706025534,-0.2651927075502851
2023-06-07,44275.30078125,11.4399995803833,0.0,0.0,1.0,0.5232109262487765,0.6804070784271459,-0.408296076252822,1.8771690244341497,0.6044010603695401,0.6753706206504764,0.42354849905611336,0.14667895990920737,1.7268507576739327,2.0260157348148473,-0.9477695557940775,-0.44668626413389306,0.13123185092424303,0.13231575366280005,0.23066976940390843,0.01682286412040774
2023-06-08,43995.25,11.260000228881836,0.0,0.0,1.0,0.46308814711783924,0.6421118338738925,-0.49003306317499207,1.879205810277464,0.13190514788867452,-0.15259341839835064,0.3114067309490267,0.010624197108330263,1.7231935465356754,2.0367897369288652,-0.9821560788225163,-0.40580111096268817,-0.46815416734877785,-0.23437652144654464,-0.15795891495929526,0.0568264317733014
2023-06-09,43989.0,11.119999885559082,0.0,0.0,1.0,0.40723140892685167,0.5996509661213133,-0.5437720576602068,1.8809700306857087,0.12166051813451167,-0.17107140735791598,0.1263798126547104,-0.1537228698175171,1.7233231479704922,2.0392664060734815,-0.9877004291449254,-0.44408022235517675,-0.048018398102993395,-0.35926888643761723,-0.218469806506477,-0.047708150991563635
2023-06-12,43944.19921875,11.25,1.0,0.0,1.0,0.3492582299415225,0.5534095568471569,-0.5925432715357328,1.8820029170432475,0.04413321906751266,-0.3035239419687008,-0.22259443465760728,-0.3137814082294126,1.722308815254478,2.0386177847395954,-0.9886276310539902,-0.49061833019887785,-0.10740969177804029,-0.10792066820083661,-0.35450137599290793,-0.18894538478250186
2023-06-13,44079.8515625,11.109999656677246,0.0,0.0,1.0,0.3188192609423704,0.5099726083341254,-0.5563640747710089,1.8846430896160176,0.2345233318356139,0.0975292596555667,-0.1334261251758796,-0.3080138779218761,1.723508605694255,2.0397173187401227,-0.9883168652665072,-0.5345679062785625,0.17035452135162296,0.04423036371515728,0.009464336225936875,-0.13957513013000464
2023-06-14,43988.0,11.15999984741211,0.0,0.0,1.0,0.2743285614941244,0.4658045272476556,-0.5657961158971321,1.88587690016383,0.062413273403982936,-0.5033880198920261,-0.25189643255829613,-0.20646253537632575,1.7224496496016029,2.044691350757897,-1.0026446559811,-0.5730493540203915,-0.1796729591109126,-0.006118968618625308,-0.06558201304400703,-0.27635748062728344
2023-06-15,43443.6015625,11.079999923706056,1.0,1.0,1.0,0.14778279067925293,0.40368077436682287,-0.7974348650984,1.880148084372992,-0.7895714231640764,-1.8039232050693204,-0.786786218959319,-0.30575623204119096,1.7281794130184722,2.0345732130113254,-0.9648183125822034,-0.4815106892868301,-0.8818389364285314,-0.7392333162050131,-0.5070257969430562,-0.45835780115386515
2023-06-16,43938.1484375,10.84000015258789,0.0,0.0,1.0,0.1226602511360669,0.3486634201087656,-0.7057581343607547,1.8811831704241586,-0.09148554556122664,-0.3322465244639571,-0.9400005553173396,-0.13977742487246075,1.7280419715293889,2.034299291476621,-0.9645031271192682,-0.40861477352574943,0.7282464410845415,-0.10664172022647912,-0.18901363281726088,-0.11684063613972226
2023-06-19,43633.75,11.229999542236328,1.0,1.0,1.0,0.050964155412860486,0.28947172913694397,-0.759609538317967,1.8782922521875076,-0.4966978517809237,-1.212021388453451,-1.1926271464309337,-0.36221421573896584,1.7296030910309625,2.029307282151527,-0.9488975664733148,-0.3711693792727328,-0.5092444227884009,0.15296299577112835,-0.3768775015901904,-0.29362754082873777
2023-06-20,43766.5,11.130000114440918,1.0,1.0,1.0,0.012714082013715853,0.23402097234386154,-0.7113492825095759,1.8773458225464807,-0.32119939098543876,-0.7033474521647096,-0.8002737616573677,-0.3287607450410891,1.729531490744638,2.026870192687086,-0.9432962248221377,-0.35470582620789437,0.1673462372655504,-0.23784345141147187,0.2211839433844539,-0.29495103327714334
2023-06-21,43859.19921875,11.289999961853027,0.0,1.0,1.0,-0.005228436512196929,0.18586199977827791,-0.6172809682049212,1.877655104283091,-0.19885071509561558,-0.4305150885089338,-0.8353063376687223,-0.3368305399923597,1.7286711479347103,2.0301936997251673,-0.9532562510044952,-0.4085734474807604,0.1049038953082557,0.1900635463117387,-0.1341366930372,-0.16975164816574922
2023-06-22,43724.8515625,11.550000190734863,0.0,1.0,1.0,-0.04295474252679557,0.13934829739605276,-0.596056013119089,1.8762456790639042,-0.3912716478561562,-0.825927143762109,-0.6976643958519547,-0.26869404875031133,1.7282796401018155,2.031183905853258,-0.9565506374430932,-0.41923366959555497,-0.24617770062161778,-0.09805868985488025,0.01581783160583274,0.10990706134036936
2023-06-23,43622.8984375,11.239999771118164,1.0,1.0,1.0,-0.09062928730289146,0.09204480452217031,-0.6062447759631484,1.8736885534506795,-0.5356996334404679,-1.1259956065919834,-0.8483377443426825,-0.31429665525830114,1.728952879353542,2.0251992217561288,-0.9407377435420704,-0.45143213859780307,-0.19650296523025929,-0.3080635062580683,-0.19158519433605212,-0.2969357835882823
2023-06-26,43641.05078125,11.399999618530272,1.0,1.0,1.0,-0.1265646722303643,0.04659461749525715,-0.5823360382007375,1.8716032063328947,-0.5069109596372081,-1.0725696239571014,-1.0772290946449836,-0.284458689241796,1.723321967334023,2.022122180831452,-0.9470962329755471,-0.5033159811083798,-0.010218843977123925,-0.14365949674149578,-0.2572079971860325,-0.07738983439452356
2023-06-27,44121.5,10.779999732971191,1.0,1.0,1.0,-0.07979870446284865,0.020134656332024756,-0.337350931740192,1.8757575038757077,0.17264026376556066,0.341488636033719,-0.6610473539223489,-0.12012233291487145,1.7146275001785487,2.027007023092765,-0.9797900232547532,-0.45470775417204234,0.7031602285396631,0.48317959874158256,0.28393805397706934,0.1583411507501408
2023-06-28,44327.80078125,10.890000343322754,1.0,1.0,1.0,-0.012117215242706023,0.013294617099134971,-0.08424237487751265,1.8821101249645584,0.4160166188668995,0.8264927944768516,0.035011441547845,0.021935034305285397,1.7196739930513263,2.024397664409098,-0.9613465653741425,-0.4596393777833856,0.2775469246357906,0.683680003067832,0.5541581916913076,0.2342953289621937
2023-06-30,44747.3515625,10.800000190734863,1.0,1.0,1.0,0.10489707202968558,0.03259409267851036,0.25297277280312497,1.8931330540040536,0.8441693057923113,1.245177177662212,0.8612842358225176,0.4888655463794503,1.7417943185636755,2.014056187368137,-0.8832058382363392,-0.44247281850081854,0.5996215898813202,0.6115395986880808,0.9017822910609085,0.6064041264775596
2023-07-03,45158.1015625,11.539999961853027,1.0,0.0,1.0,0.25783741040635777,0.08041059689844983,0.6208592501729577,1.9082708410876013,1.1859381694339128,1.0170739726607438,1.102129259737901,0.44182880391998935,1.7757882675650294,1.9948133308870364,-0.7554714917896089,-0.38251733076410804,0.5804691637507782,0.8226002530345831,0.8318453558726654,0.948232463134325
2023-07-04,45301.44921875,11.699999809265137,0.0,0.0,0.0,0.39490262531807446,0.1476800170551372,0.8718133312851084,1.9237693493120638,1.2933425843690542,0.8332462057908074,1.1045368393895563,0.6608892625472141,1.8069525667928283,1.9782564831416303,-0.6412710777335378,-0.31200646571876367,0.17625742159863678,0.5276218498454814,0.7741078391158484,1.0302725638150514
2023-07-05,45151.80078125,11.880000114440918,1.0,0.0,0.0,0.4716419960017033,0.21774100405442043,0.9078261889011437,1.9359101696445027,1.024040823471474,0.620933005714651,0.8819948533950448,0.5232674151170501,1.827327078280378,1.970143080264593,-0.5732644888905659,-0.3395649906626585,-0.26250034339108025,-0.05971599729085425,0.2826770582730039,0.6054308806120778
2023-07-06,45339.8984375,11.84000015258789,0.0,0.0,0.0,0.5536445713572188,0.29114944617127697,0.9510103329043489,1.949259811072292,1.1800427482219396,0.887795901127524,0.83590744068475,0.5674393894783514,1.8501862360041463,1.9604649381786203,-0.4957670557443035,-0.35632527751271525,0.24316767138213427,-0.01309637258765421,0.09040688235368699,0.5903057525452418
2023-07-07,44925.0,11.529999732971191,0.0,0.0,0.0,0.5434955781378967,0.3477276942242337,0.7338909097814404,1.95612123592338,0.4839388909370837,0.2991601863562134,0.6455066827792959,0.4351765150119373,1.861157883780611,1.9614167796746351,-0.47205086282599945,-0.3357867646856343,-0.6610225609737498,-0.29076618072178817,-0.38686337344158467,0.03568625317143426
2023-07-10,44860.8515625,11.460000038146973,0.0,1.0,1.0,0.5167213541049083,0.3873222850019443,0.514791720781107,1.9615226064186673,0.38476798593104566,0.20814981382552564,0.498350176661564,0.45467845050360517,1.8698406871473863,1.9639885279797094,-0.4576721710569366,-0.32653527146289824,-0.1351748579921575,-0.5543758187930882,-0.3142847041189281,-0.2791608262361157
2023-07-11,44745.05078125,11.010000228881836,0.0,1.0,1.0,0.4690599504802766,0.40890820859087174,0.28246929975638835,1.9649535125773274,0.2032203889000705,-0.06112617258140667,0.16006107068821177,0.39011927917472183,1.8757285142317768,1.9685344035359893,-0.45464305949013606,-0.3137103914722674,-0.21345202399283011,-0.2425316614364181,-0.5745692007615141,-0.4506132202115134
2023-07-12,44639.44921875,10.9399995803833,1.0,1.0,0.0,0.4071897118589567,0.4130792387744494,0.05780691050759875,1.9667298599223881,0.038044180982580646,-0.22312495341074515,-0.02613269367892162,0.10604428247013706,1.8796184748084774,1.9719452996409894,-0.4536192293837727,-0.3323315142359885,-0.19842928205818067,-0.2866040945885366,-0.3108796140609047,-0.4224252022552161
2023-07-13,44665.05078125,10.9399995803833,1.0,1.0,0.0,0.35563700126586834,0.40550253809178377,-0.0937457417671028,1.9686589385398323,0.07148936620234288,-0.18385070581307225,-0.16588021247286974,0.019488644892847767,1.8834169190971957,1.9770216851031892,-0.456791706464659,-0.3201590881736245,0.000436296152859954,-0.13757770108598105,-0.23357790904625028,-0.5292146984985945
2023-07-14,44819.30078125,10.68000030517578,1.0,1.0,0.0,0.3330961258667169,0.39466935467702174,-0.13575628837862647,1.9723437936919148,0.2740612770066172,0.03930543694123205,-0.13007651442621662,-0.10622968494588758,1.8838064184192254,1.9950007730148525,-0.4987581887107098,-0.3379594063784452,0.1951001982025196,0.13661342417154038,-0.0006930585165227229,-0.15256409826790593
2023-07-17,45449.75,11.31999969482422,0.0,1.0,0.0,0.40883480343923406,0.4020364156592183,0.09903759154695943,1.9836048103739576,0.9442621903713787,0.9920002475575449,0.303113553831529,-0.004600444369789005,1.9002278560998735,1.9980296305564995,-0.4673023956652524,-0.2087149083466585,0.9076664593502419,0.768724795217637,0.6298088147208676,0.3062331990966667
2023-07-18,45410.8515625,11.710000038146973,1.0,1.0,0.0,0.45487840246184763,0.4176773300182718,0.20577517670885395,1.9933042507114132,0.8743055486012161,0.404817968779219,0.5129729355023449,-0.08931930035358585,1.9097973494709315,2.011772865267086,-0.47749365629371937,-0.15983896156649294,-0.09638682147308802,0.5656316143208212,0.5746172478876822,0.3577359518533079
2023-07-19,45669.30078125,11.600000381469728,1.0,1.0,0.0,0.524146018238743,0.44485376853403863,0.3545902373562091,2.00532960628427,1.109410062020718,0.8041748706207349,0.785647588221142,0.10022328855525123,1.9242409781765137,2.0220986018445264,-0.46812707003798804,-0.2129695839890413,0.3459780457857948,0.17427598307987738,0.6606213449743851,0.5972475693224077
2023-07-20,46186.8984375,11.789999961853027,0.0,0.0,0.0,0.6517940807767078,0.4936175585817649,0.6330797956806719,2.0227178246036774,1.4995495006961699,1.202637287388426,0.860739334807616,0.2514948870237299,1.9512435520359104,2.0249687259113918,-0.4118448793663323,-0.16658320605443994,0.7248946158050859,0.7465026973052867,0.5564368829823884,0.9159724928388309
2023-07-21,46075.19921875,11.489999771118164,0.0,0.0,0.0,0.7242280132674008,0.5479625955954961,0.7050811711232023,2.037045545983337,1.2937100631089693,0.8061994606222253,1.0038311542434346,0.39651752840253607,1.9669929606322178,2.0399103806183536,-0.4105367910139839,-0.17506446482424776,-0.2023903911060354,0.3644277415295049,0.49601223191346683,0.7410967902080938
2023-07-24,45923.05078125,11.649999618530272,0.0,0.0,0.0,0.7461820645175515,0.5960862194972721,0.6248212750846657,2.048095648647624,1.0167765687293322,0.5325320078318647,0.9069909354911034,0.35618396838398103,1.9711289483260734,2.0663267618373027,-0.46320582024030665,-0.21623400264968928,-0.2624177539080428,-0.32348079699465204,0.14921160967413413,0.22631907110128663
2023-07-25,45845.0,10.239999771118164,1.0,0.0,0.0,0.7400518594826118,0.6332873760928543,0.4839150091440708,2.0571119709019063,0.8751740398053443,0.3921430636931179,0.6180511227003705,0.37514475688494975,1.9672450434881648,2.0998447695962628,-0.5508635750592715,-0.19424301618142997,-0.15360541964549318,-0.2894899350862654,-0.351555093654295,0.20114578944862643
2023-07-26,46062.3515625,10.460000038146973,0.0,0.0,0.0,0.7586947082880668,0.6669949259209831,0.4388454227157852,2.0680025163020455,1.074682432605624,0.7830905452890419,0.6098128336725674,0.5279474495014229,1.9738741091681282,2.1188517186786715,-0.579853981319902,-0.24631118340219904,0.28194660685290646,0.0897951861408817,-0.07547105042089217,0.17297520333909316
2023-07-27,45679.30078125,10.510000228881836,0.0,0.0,0.0,0.701603632934574,0.6818749889018298,0.19595974548498685,2.073039488671973,0.4124522859267575,0.0941019936054598,0.4535132789948785,0.33586578058032135,1.9724359518869297,2.138418787445972,-0.6287523010035553,-0.16023905970898086,-0.6039759592345146,-0.2239998691900259,-0.2701676577902741,-0.4116604629281422
2023-07-28,45468.1015625,10.140000343322754,1.0,0.0,0.0,0.6129991930876257,0.6750217956197557,-0.08441206986497249,2.074941186811553,0.09084057298252392,-0.2857793458044608,0.21183509257450223,0.1633860573483758,1.9723685331392815,2.1481222323023146,-0.6514467725564267,-0.15555337831925084,-0.35226655361528525,-0.6658870182968706,-0.3834094075034805,-0.4775983742432181
2023-07-31,45651.1015625,10.40999984741211,0.0,0.0,0.0,0.5630419902777938,0.658963479467564,-0.2031635803791887,2.0789627639726764,0.29891607166316436,0.04338041872244017,-0.051870309932982826,-0.047095724417642267,1.9758329055957815,2.151088130579942,-0.6502813489424922,-0.19739619844887174,0.23365047676897718,-0.08227194864289743,-0.4109393936955087,-0.2593535082620237
2023-08-01,45592.5,10.279999732971191,0.0,0.0,0.0,0.5057332720320652,0.6339847754406834,-0.31824184162986274,2.0818644933877204,0.20582542549679314,-0.06202546386449129,-0.1075294830819078,-0.05610715367020095,1.9780570200519694,2.152652037527176,-0.6487449341393495,-0.24329317973741435,-0.12539397686952053,0.0758012078250363,-0.1381358513958427,-0.24694190403698335
2023-08-02,44995.69921875,11.279999732971191,0.0,0.0,0.0,0.35822238628392167,0.5827742842052818,-0.6566473576074551,2.0769858539718573,-0.6137590481595073,-1.1354834126389208,-0.41044753828938063,-0.44895713247697616,1.97844550385036,2.150159429985048,-0.6420616131214965,-0.11774606333728896,-0.9308085974388913,-0.7355340539242652,-0.46791909593930103,-0.7804926953614663
2023-08-03,44513.44921875,11.1899995803833,1.0,1.0,1.0,0.1598331263994753,0.49980759299458094,-1.0663210543595338,2.066508164165584,-1.1186333492102627,-1.5741895359068778,-0.9871084770133719,-0.8990681168496844,1.982807850235797,2.1345515599440654,-0.5956843687743898,-0.03497103890014528,-0.7682074648954159,-1.1834134694531049,-1.0390028505271576,-0.8527462297068028
2023-08-04,44879.5,10.56999969482422,0.0,0.0,0.0,0.05796890795525368,0.41186994855730935,-1.1304492808568765,2.061630974348982,-0.6482035532923051,-1.0003291137446522,-1.3216121329446144,-0.68365498339467,1.9830315176468911,2.133709528558286,-0.5932070339874321,-0.004497083329493705,0.5162833079939025,-0.1751541704577501,-0.6732309602881524,-0.47062833458141007
2023-08-07,44837.5,11.100000381469728,1.0,0.0,0.0,-0.03162698230247288,0.32255270282748477,-1.148246950666354,2.056690182016677,-0.693118830047444,-1.0661728134862802,-1.2969030221846765,-0.6352012490082097,1.983175220034146,2.1332471438549496,-0.5917981288655872,-0.08645818533643677,-0.10180883507313122,0.2891581602474207,-0.2006806343828989,-0.6182134207200767
2023-08-08,44964.44921875,11.329999923706056,0.0,0.0,0.0,-0.08387707233851371,0.24003774867512578,-1.0604933800535778,2.053816166909997,-0.5296157971129465,-0.8671536172527257,-1.0448459192471307,-0.5423540318245702,1.981803971017618,2.1376135235394083,-0.6051328115126537,-0.1501004666282831,0.15309387007648784,0.03610641785126841,0.32448386609356306,-0.49569289012457196
2023-08-09,44880.69921875,11.140000343322754,0.0,0.0,1.0,-0.1395861741519193,0.1622323673374494,-0.9997371149269302,2.0501628173930966,-0.6300126522295308,-0.998449089951806,-1.0441756939612916,-0.6774171402150687,1.979566470391457,2.1431778995367203,-0.6232538357756996,-0.16046535183178656,-0.16466373758923492,-0.007687649209284749,-0.06367275701118506,-0.1586280028370543
2023-08-10,44541.80078125,11.399999618530272,0.0,0.0,1.0,-0.23771238666230682,0.07921509331301997,-1.0669736024700884,2.0425961874747114,-1.0119679291542625,-1.5177099405751846,-1.205147912090486,-0.6616724249114506,1.9812248853949828,2.1397962336965284,-0.6115494647026186,-0.13383690435363718,-0.5517613401172321,-0.4987945495070851,-0.3201567906057179,-0.0634026838725781
2023-08-11,44199.1015625,11.520000457763672,0.0,0.0,1.0,-0.36855407826725306,-0.01489744501634753,-1.21010905154085,2.0314411805179673,-1.347247142782073,-1.824062897479624,-1.5462844436080954,-0.7246931306204507,1.9900479872970163,2.1222797618880813,-0.5503326530147467,-0.14262983334987112,-0.5615061370374553,-0.77529394666157,-0.7274964324047946,-0.5375753852080146
2023-08-14,44090.94921875,12.0,0.0,0.0,1.0,-0.48645190719736436,-0.11514602526091237,-1.2892676088235182,2.0199886764877895,-1.4462737414061189,-1.534891786832598,-1.7375253530164285,-0.8559784793847258,1.997467104863582,2.0963600850049833,-0.47262522917231836,-0.15514974698073555,-0.2043265500313204,-0.5332192335189692,-0.7501052144535878,-0.5826779811376362
2023-08-16,43946.3984375,12.130000114440918,0.0,1.0,1.0,-0.5986199823104619,-0.2190904706053322,-1.3369464469506331,2.007809344205822,-1.5777853186903883,-1.5226679540375412,-1.7392928763864233,-0.8963974709066086,2.0044457900866224,2.0694889627207944,-0.3934650075228689,-0.15033248245502662,-0.26080673861233217,-0.32370734037230664,-0.5842539102597093,-0.7647732601470233
2023-08-17,43891.3515625,12.239999771118164,0.0,1.0,1.0,-0.6908690621717194,-0.32177482783012223,-1.3206905675128018,1.9960978036256114,-1.6283123303853557,-1.5042033330153022,-1.6252634854621146,-0.654161728569287,2.0053982648980235,2.0447302717108764,-0.33294278882194944,-0.1950706805151484,-0.12328547718018396,-0.26724208409109856,-0.3344573179868565,-0.7465689238500128
2023-08-18,43851.05078125,12.140000343322754,1.0,1.0,1.0,-0.7641292920075409,-0.41943124278423016,-1.2558271487571397,1.9849949166014005,-1.6668593954194286,-1.5647111867631625,-1.635894050840096,-0.4517084377271327,1.9918797988710115,2.0276492384125167,-0.3238154128168433,-0.2490930013499324,-0.10061264455845013,-0.15562706892338227,-0.2753378320026281,-0.54808637546057
2023-08-21,44002.0,11.960000038146973,0.0,1.0,1.0,-0.791438505322708,-0.5033376377337134,-1.078443786450217,1.9768474425547782,-1.3808302851729597,-1.3380750529666556,-1.5700869954427825,-0.5495873989968247,1.975070716584418,2.0175199482253907,-0.33877152295419605,-0.30599917066331345,0.19434653217895131,0.06568259765176541,-0.0158892335670077,-0.2155495301368385
2023-08-22,43993.25,11.75,1.0,1.0,1.0,-0.807685288227253,-0.5739021396458299,-0.9063255025705219,1.9693658982540352,-1.3908154000722548,-1.22769396463518,-1.4715118757209285,-0.5344335533977597,1.958665535181901,2.008884791376473,-0.35640608998279955,-0.3739026137665991,-0.05186561437112419,0.09964702403012117,0.024821851017887024,-0.1484744497086525
2023-08-23,44479.05078125,11.729999542236328,1.0,0.0,1.0,-0.7368855753080864,-0.6153656946503738,-0.5309061353954699,1.9687052112728705,-0.5525511418286673,-0.04402733264854996,-0.9293906671101364,-0.36610329159142935,1.9395126763667123,2.010659186113798,-0.40527322011615347,-0.32973262527537905,0.7054049808838865,0.45572629674417103,0.4842717916321188,0.2766097104745571
2023-08-24,44496.19921875,11.699999809265137,0.0,0.0,1.0,-0.6727932335375476,-0.6349684186609326,-0.24888853082236834,1.968323066734997,-0.5262210124569177,-0.00700436993280735,-0.45486623161999945,-0.3194213219410126,1.9103161954235972,2.020261696147587,-0.4964194206707615,-0.30477102031467684,-0.012289150238451044,0.48330114381042233,0.36648435247612177,0.32544246572829366
2023-08-25,44231.44921875,12.079999923706056,1.0,1.0,1.0,-0.6592577565082464,-0.6477851856933885,-0.16134568616896694,1.9646484211161772,-0.889935763803456,-0.5592903976328454,-0.21658149636577775,-0.28590778786616605,1.8897264431132794,2.0224441909802224,-0.5500140199724964,-0.2827034413634321,-0.4425808448588381,-0.31655640468010754,0.14376702747204115,0.17499379873236254
2023-08-28,44494.6484375,12.399999618530272,1.0,1.0,1.0,-0.6020117287527533,-0.6459198195672529,0.028062485210638293,1.9646331384363045,-0.4741191612208007,0.016998429825369445,-0.19482591579639072,0.0001836354924608074,1.873229261140033,2.026686986848913,-0.5989915974981475,-0.29329817168057504,0.3634280347318172,-0.05477597171905999,-0.051168272503285005,0.24938108576783
2023-08-29,44495.25,12.229999542236328,0.0,1.0,0.0,-0.5526916473787192,-0.6339866414737427,0.15794319354750763,1.9646268751359806,-0.4731909727077344,0.18373107976408845,-0.12682905225711952,0.052208044268165665,1.8476880464222791,2.0379504658487337,-0.6861377822197374,-0.35291887360455027,-0.03748047196018996,0.22747715710303743,-0.06552794765641666,0.2557098189610651
2023-08-30,44232.6015625,11.800000190734863,0.0,1.0,1.0,-0.5517662763333642,-0.6242442012514869,0.12968138378973942,1.9613187370272678,-0.8473706848798088,-0.4399004444897049,-0.08426673694166609,-0.0034655697046273633,1.8180027232014917,2.0508208346689325,-0.7871879791146061,-0.29215173595577304,-0.4393715250652389,-0.3318723343535351,-0.06369855616169207,-0.24793379227828433
2023-08-31,43989.1484375,12.0600004196167,1.0,1.0,1.0,-0.5857325334024555,-0.6236407844621231,0.011782594974675155,1.955264545110921,-1.154838286274843,-0.9971232174486269,-0.4457993800423207,-0.09323377718113642,1.8072599409461663,2.0486031856316864,-0.8076106237341564,-0.2733437382553208,-0.4121987909936441,-0.5929568088440362,-0.5058249908321436,-0.423873754875949
2023-09-01,44436.1015625,11.369999885559082,1.0,1.0,0.0,-0.5374872394702006,-0.612944694503301,0.14198402747159214,1.9554068121363597,-0.4500164068055998,0.088068147991559,-0.4799030525784972,0.13962290751413808,1.806398446272238,2.0484703939212507,-0.8093567397358152,-0.18583699649631014,0.646289085109543,0.1634757312400823,-0.11605946651485799,0.055173797942692206
2023-09-04,44578.30078125,10.960000038146973,0.0,1.0,0.0,-0.4735661090144132,-0.5908559473674088,0.2889560198759008,1.9573235049237165,-0.25439538489276486,0.4333244080520303,-0.16859987725509643,0.1344974597161394,1.7999351946082092,2.05120424310399,-0.8312720152573401,-0.22252729642807495,0.17799469616979854,0.5746922333882672,0.23585451741073918,-0.026407467738600827
2023-09-05,44532.1484375,10.81999969482422,0.0,1.0,0.0,-0.4278723476368134,-0.5635117434662003,0.3567545097091474,1.9584773482954636,-0.32226408017902014,0.2640225357701513,0.2809964396383965,0.11673866799254343,1.7934964059685499,2.0538570115428336,-0.8529523004979461,-0.28005453562999033,-0.10855245893080413,0.04875742358842547,0.4089404212796998,-0.05767553796001319
2023-09-06,44409.1015625,10.68000030517578,1.0,1.0,0.0,-0.4091379302918273,-0.53767037106058,0.33736709764876344,1.9579741432755489,-0.5051341039426733,-0.051593651220735545,0.23120724566434123,-0.1728693955856875,1.7804716942343157,2.060056259685554,-0.8988173307840379,-0.3026118939466514,-0.22579598823336636,-0.23258318157198318,-0.0881695953133788,0.03628686787500238
2023-09-07,44878.3515625,10.869999885559082,1.0,1.0,0.0,-0.3180900143579812,-0.4977227543030429,0.5193459639940105,1.9634190867306098,0.14074681003026268,1.1260780232293777,0.47817273169437385,0.040028982595284174,1.7803910481798764,2.060109224474051,-0.8991358546019683,-0.2621062718574173,0.6735045612429608,0.3123139738709262,0.194283257943633,0.5139412870681661
2023-09-08,45156.3984375,10.779999732971191,1.0,1.0,0.0,-0.2016552330246461,-0.4411158332702393,0.7342608081212882,1.9718415512965048,0.4560561072289459,0.8565843423718085,0.6894200083076449,0.29822824249040425,1.7987478865896804,2.049125395622182,-0.8292075528232782,-0.22543953647891612,0.3799259598507246,0.734349909852971,0.4727280132643804,0.3967550191729088
2023-09-11,45570.69921875,11.350000381469728,0.0,1.0,0.0,-0.04511403035399857,-0.362691082568804,1.0157236702523966,1.9846711837648578,0.8568478497754974,1.2166801172896653,1.1415574505339516,0.36678968544493157,1.8326636638560043,2.0319870781663187,-0.7077355023197909,-0.21884439623257118,0.5801659906302123,0.6693163888845173,0.9321462339552438,0.5736899947128796
